XE,YE,ZE,Num_Solutions
-0.06256809772863811,-0.07964668023852012,0.6659397656147822,4
-0.1541044237075858,-0.12517995540389668,0.6423309683211631,4
-0.23892279879768585,-0.16737149379867425,0.5972169930405649,4
-0.3130265766085988,-0.20423322786733514,0.5327236127115462,4
-0.3729239831493253,-0.23402823072050385,0.4518897588795289,4
-0.41579264940622407,-0.25535256022327407,0.3585243270791394,4
-0.43961260152254233,-0.2672014128240204,0.257026701472018,4
-0.44326144207504936,-0.26901646995172396,0.15217945562880641,4
-0.4265672375009104,-0.2607122060170301,0.04892299740559869,4
-0.39031661961640274,-0.2426799183826123,-0.04787722333961619,4
-0.33621771948347823,-0.21576928941042467,-0.13365997500561477,4
-0.2668196801823699,-0.1812483493831646,-0.20438316972599957,4
-0.18539254105272296,-0.14074372684923933,-0.25671432676658723,2
-0.09577315326425653,-0.0961640017981887,-0.2881875991966114,2
-0.0021843871835475204,-0.049609773269057446,-0.2973199647285548,2
0.09096384950447864,-0.0032746790108393303,-0.2836811058079991,0
0.1792824068835424,0.04065796884608791,-0.24791368619990428,4
0.25860970978583364,0.08011806157482522,-0.1917030686374822,4
0.32520785143746067,0.11324623748636099,-0.11769790043967676,4
0.3759387238264209,0.13848149515223449,-0.029385309107221147,4
0.4084118855206933,0.1546347478756957,0.06907341131251044,4
0.42109719939691936,0.1609448535207291,0.17303888062454437,4
0.4133969327838485,0.15711447957038768,0.2776122403303007,4
0.3856739226579151,0.14332411345096352,0.3778659881031942,4
0.33923447874541934,0.1202235579547656,0.46907616196294777,2
-0.012265172209603464,-0.05462429786970595,0.7032451974877518,4
-0.10620625248031687,-0.10135377943402922,0.7022540259777544,4
-0.1977425784592648,-0.1468870545994059,0.6786452286841352,4
-0.2825609535493646,-0.18907859299418336,0.6335312534035371,4
-0.35666473136027776,-0.2259403270628443,0.5690378730745184,4
-0.41656213790100405,-0.255735329916013,0.4882040192425011,4
-0.45943080415790294,-0.27705965941878324,0.3948385874421116,4
-0.4832507562742211,-0.2889085120195295,0.29334096183499014,4
-0.4868995968267281,-0.290723569147233,0.1884937159917785,4
-0.47020539225258917,-0.28241930521253916,0.08523725776857083,4
-0.4339547743680815,-0.26438701757812144,-0.011562962976643942,4
-0.3798558742351569,-0.2374763886059337,-0.09734571464264274,4
-0.31045783493404866,-0.20295544857867368,-0.16806890936302732,4
-0.2290306958044016,-0.16245082604474834,-0.2204000664036151,2
-0.13941130801593532,-0.11787110099369781,-0.25187333883363927,2
-0.045822541935226085,-0.07131687246456646,-0.26100570436558257,2
0.04732569475279988,-0.024981778206348434,-0.24736684544502685,4
0.13564425213186365,0.018950869650578808,-0.21159942583693214,0
0.214971555034155,0.05841096237931617,-0.15538880827450985,4
0.281569696685782,0.09153913829085195,-0.0813836400767044,4
0.3323005690747422,0.11677439595672537,0.0069289512557511035,4
0.3647737307690146,0.13292764868018658,0.10538767167548269,4
0.3774590446452407,0.13923775432521998,0.20935314098751703,4
0.3697587780321697,0.13540738037487857,0.3139265006932729,4
0.3420357679062366,0.12161701425545449,0.414180248466166,2
0.04406023455694272,-0.026606128933225393,0.72754807683246,4
-0.047859091257052705,-0.07232992121506927,0.7492212351608769,4
-0.1418001715277663,-0.11905940277939266,0.7482300636508795,4
-0.23333649750671404,-0.16459267794476923,0.7246212663572604,4
-0.3181548725968141,-0.20678421633954677,0.6795072910766622,4
-0.392258650407727,-0.24364595040820766,0.6150139107476436,4
-0.4521560569484534,-0.27344095326137635,0.5341800569156264,4
-0.4950247232053523,-0.29476528276414665,0.4408146251152368,4
-0.5188446753216706,-0.3066141353648929,0.33931699950811534,4
-0.5224935158741776,-0.3084291924925965,0.23446975366490375,4
-0.5057993113000386,-0.3001249285579026,0.13121329544169613,4
-0.46954869341553096,-0.2820926409234849,0.03441307469648114,4
-0.41544979328260645,-0.25518201195129725,-0.05136967696951744,4
-0.34605175398149807,-0.22066107192403714,-0.12209287168990224,4
-0.2646246148518512,-0.18015644939011186,-0.1744240287304899,2
-0.17500522706338473,-0.13557672433906123,-0.20589730116051408,2
-0.08141646098267571,-0.08902249580992998,-0.2150296666924575,2
0.01173177570535025,-0.04268740155171197,-0.20139080777190177,4
0.10005033308441422,0.001245246305215374,-0.16562338816380695,0
0.17937763598670556,0.04070533903395274,-0.10941277060138477,4
0.24597577763833237,0.07383351494548837,-0.03540760240357954,4
0.2967066500272928,0.09906877261136193,0.052904988928876184,4
0.3291798117215652,0.11522202533482315,0.15136370934860782,4
0.34186512559779125,0.12153213097985652,0.2553291786606422,4
0.33416485898472037,0.11770175702951513,0.359902538366398,2
0.10375406637859172,0.0030876089456138723,0.7377032506687335,0
0.018187738591197183,-0.03947598650533646,0.7810194984509371,4
-0.07373158722279843,-0.08519977878718045,0.802692656779354,4
-0.16767266749351184,-0.1319292603515037,0.8017014852693565,4
-0.25920899347245974,-0.17746253551688038,0.7780926879757373,4
-0.3440273685625596,-0.21965407391165784,0.7329787126951393,4
-0.4181311463734727,-0.2565158079803188,0.6684853323661205,4
-0.478028552914199,-0.2863108108334875,0.5876514785341033,4
-0.5208972191710979,-0.3076351403362577,0.4942860467337137,4
-0.5447171712874161,-0.31948399293700397,0.39278842112659224,4
-0.5483660118399232,-0.32129905006470755,0.2879411752833807,4
-0.5316718072657842,-0.3129947861300137,0.18468471706017292,4
-0.49542118938127655,-0.29496249849559597,0.08788449631495815,4
-0.4413222892483518,-0.26805186952340826,0.0021017446489594027,4
-0.3719242499472436,-0.2335309294961482,-0.06862145007142523,4
-0.29049711081759655,-0.19302630696222287,-0.12095260711201306,2
-0.20087772302913032,-0.1484465819111723,-0.15242587954203712,2
-0.10728895694842125,-0.10189235338204104,-0.16155824507398053,2
-0.01414072026039509,-0.055557259123822936,-0.14791938615342481,4
0.07417783711866885,-0.011624611266895594,-0.11215196654532988,4
0.1535051400209599,0.027835481461841616,-0.05594134898290787,4
0.22010328167258694,0.06096365737337739,0.018063819214897636,4
0.2708341540615472,0.08619891503925087,0.1063764105473532,4
0.3033073157558197,0.10235216776271211,0.20483513096708522,4
0.31599262963204566,0.10866227340774548,0.3088006002791187,2
0.16400354669340136,0.03305774524293595,0.7332322066599128,4
0.08882210689421999,-0.004340054473131181,0.7961504799736354,0
0.0032557791068252573,-0.04690364992408161,0.839466727755839,4
-0.08866354670717017,-0.09262744220592549,0.8611398860842558,4
-0.18260462697788377,-0.13935692377024886,0.8601487145742586,4
-0.2741409529568315,-0.18489019893562544,0.8365399172806394,4
-0.3589593280469314,-0.22708173733040296,0.7914259420000411,4
-0.43306310585784447,-0.26394347139906393,0.7269325616710225,4
-0.49296051239857086,-0.2937384742522326,0.6460987078390054,4
-0.5358291786554698,-0.31506280375500284,0.5527332760386157,4
-0.5596491307717879,-0.32691165635574915,0.45123565043149444,4
-0.563297971324295,-0.32872671348345267,0.3463884045882827,4
-0.5466037667501561,-0.32042244954875887,0.2431319463650751,4
-0.5103531488656484,-0.3023901619143411,0.14633172561986013,4
-0.4562542487327239,-0.27547953294215344,0.06054897395386155,4
-0.38685620943161547,-0.24095859291489333,-0.010174220766523245,2
-0.30542907030196864,-0.20045397038096807,-0.06250537780711096,2
-0.2158096825135024,-0.15587424532991753,-0.09397865023713503,2
-0.12222091643279318,-0.1093200168007862,-0.10311101576907855,4
-0.029072679744767016,-0.06298492254256809,-0.08947215684852283,4
0.05924587763429662,-0.019052274685640913,-0.05370473724042807,4
0.138573180536588,0.020407818043096465,0.002505880321994114,0
0.20517132218821502,0.05353599395463224,0.07651104851979962,4
0.25590219457717533,0.07877125162050572,0.16482363985225518,4
0.2883753562714477,0.09492450434396693,0.26328236027198676,2
0.2219697167525834,0.061892085526538534,0.7143456206398598,4
0.16071571842338997,0.03142226787683143,0.7939012070668483,4
0.0855342786242084,-0.005975531839235796,0.856819480380571,4
-3.2049163186137486e-05,-0.048539127290186126,0.9001357281627745,4
-0.09195137497718175,-0.09426291957203012,0.9218088864911915,4
-0.18589245524789516,-0.14099240113635336,0.920817714981194,4
-0.277428781226843,-0.18652567630173,0.8972089176875748,4
-0.36224715631694293,-0.22871721469650752,0.8520949424069767,4
-0.43635093412785597,-0.26557894876516847,0.787601562077958,4
-0.49624834066858237,-0.2953739516183372,0.7067677082459407,4
-0.5391170069254811,-0.3166982811211074,0.6134022764455512,4
-0.5629369590417994,-0.3285471337218537,0.5119046508384297,4
-0.5665857995943064,-0.3303621908495572,0.40705740499521825,4
-0.5498915950201675,-0.32205792691486335,0.3038009467720104,4
-0.5136409771356598,-0.3040256392804456,0.20700072602679565,4
-0.4595420770027352,-0.2771150103082579,0.1212179743607969,4
-0.390144037701627,-0.24259407028099786,0.05049477964041227,2
-0.30871689857198004,-0.20208944774707258,-0.0018363774001754485,2
-0.21909751078351358,-0.15750972269602195,-0.03330964983019963,2
-0.12550874470280438,-0.11095549416689061,-0.042442015362142926,4
-0.032360508014778605,-0.0646203999086727,-0.028803156441587263,4
0.05595804936428536,-0.02068775205174536,0.0069642631665075005,4
0.1352853522665767,0.018772340676992003,0.06317488072892974,0
0.20188349391820373,0.051900516588527776,0.13718004892673524,4
0.25261436630716394,0.0771357742544012,0.2254926402591907,2
0.274921207509246,0.08823195413339656,0.6819334295563491,4
0.2304809423416241,0.06612585799441666,0.7743776655907656,4
0.16922694401243052,0.03565604034470947,0.8539332520177543,4
0.09404550421324917,-0.0017417593713576329,0.9168515253314767,0
0.008479176425854412,-0.04430535482230809,0.9601677731136803,4
-0.08344014938814098,-0.09002914710415197,0.9818409314420973,4
-0.1773812296588545,-0.13675862866847527,0.9808497599320998,4
-0.26891755563780234,-0.1822919038338519,0.9572409626384807,4
-0.35373593072790227,-0.22448344222862943,0.9121269873578824,4
-0.42783970853881526,-0.2613451762972904,0.8476336070288638,4
-0.48773711507954154,-0.29114017915045903,0.7667997531968467,4
-0.5306057813364405,-0.31246450865322933,0.673434321396457,4
-0.5544257334527587,-0.32431336125397553,0.5719366957893356,4
-0.5580745740052657,-0.3261284183816791,0.4670894499461239,4
-0.5413803694311268,-0.31782415444698525,0.3638329917229163,4
-0.5051297515466191,-0.2997918668125675,0.2670327709777013,4
-0.4510308514136946,-0.2728812378403799,0.18125001931170284,4
-0.38163281211258626,-0.23836029781311976,0.11052682459131802,2
-0.3002056729829392,-0.19785567527919443,0.058195667550730246,2
-0.21058628519447276,-0.15327595022814378,0.026722395120706177,2
-0.11699751911376391,-0.10672172169901263,0.017590029588762768,4
-0.02384928242573775,-0.06038662744079451,0.031228888509318486,4
0.06446927495332619,-0.01645397958386717,0.06699630811741342,4
0.14379657785561753,0.023006113144870208,0.12320692567983571,4
0.21039471950724428,0.056134289056405814,0.1972120938776409,2
0.320362941874599,0.11083621503988567,0.6375228975942847,2
0.2948304375503952,0.09813548084915005,0.7384998058684642,4
0.2503901723827733,0.07602938471017012,0.8309440419028808,4
0.18913617405357985,0.04555956706046302,0.9104996283298694,4
0.11395473425439828,0.008161767344395792,0.973417901643592,0
0.028388406467003746,-0.03440182810655454,1.0167341494257955,4
-0.06353091934699176,-0.08012562038839847,1.0384073077542126,4
-0.1574719996177053,-0.1268551019527218,1.0374161362442151,4
-0.2490083255966531,-0.17238837711809843,1.013807338950596,4
-0.333826700686753,-0.21457991551287595,0.9686933636699977,4
-0.40793047849766595,-0.25144164958153686,0.9041999833409791,4
-0.46782788503839245,-0.2812366524347056,0.8233661295089618,4
-0.5106965512952912,-0.30256098193747577,0.7300006977085723,4
-0.5345165034116095,-0.3144098345382221,0.6285030721014508,4
-0.5381653439641165,-0.3162248916659256,0.5236558262582393,4
-0.5214711393899776,-0.30792062773123174,0.4203993680350315,4
-0.4852205215054699,-0.289888340096814,0.3235991472898167,4
-0.4311216213725454,-0.26297771112462637,0.23781639562381812,4
-0.36172358207143707,-0.22845677109736626,0.16709320090343333,2
-0.28029644294179,-0.18795214856344092,0.11476204386284555,2
-0.19067705515332395,-0.14337242351239046,0.08328877143282154,4
-0.09708828907261469,-0.09681819498325912,0.07415640590087808,4
-0.003940052384588527,-0.050483100725041016,0.0877952648214338,4
0.08437850499447541,-0.006550452868113675,0.12356268442952872,4
0.16370580789676648,0.032909639860623535,0.17977330199195068,2
0.3561537028844044,0.12863975425788435,0.58320665140527,2
0.35073205237887595,0.1259428412926916,0.6879581945772699,4
0.3251995480546721,0.11324210710195597,0.7889351028514496,4
0.2807592828870503,0.09113601096297606,0.8813793388858662,4
0.2195052845578567,0.060666193313268876,0.9609349253128548,4
0.14432384475867535,0.023268393597201772,1.0238531986265773,4
0.058757516971280704,-0.019295201853748625,1.0671694464087809,4
-0.0331618088427148,-0.06501899413559256,1.0888426047371977,4
-0.12710288911342832,-0.11174847569991589,1.0878514332272005,4
-0.21863921509237616,-0.1572817508652925,1.0642426359335813,4
-0.303457590182476,-0.19947328926007,1.019128660652983,4
-0.37756136799338913,-0.23633502332873096,0.9546352803239644,4
-0.4374587745341154,-0.26613002618189957,0.8738014264919473,4
-0.4803274407910143,-0.28745435568466987,0.7804359946915576,4
-0.5041473929073326,-0.2993032082854162,0.6789383690844362,4
-0.5077962334598396,-0.3011182654131197,0.5740911232412245,4
-0.49110202888570065,-0.29281400147842584,0.47083466501801685,4
-0.454851411001193,-0.2747817138440081,0.3740344442728021,4
-0.40075251086826835,-0.24787108487182044,0.2882516926068034,2
-0.3313544715671601,-0.21335014484456036,0.21752849788641862,2
-0.24992733243751342,-0.17284552231063519,0.16519734084583093,2
-0.16030794464904696,-0.12826579725958456,0.13372406841580686,4
-0.06671917856833773,-0.08171156873045322,0.12459170288386334,4
0.02642905811968843,-0.0353764744722351,0.13823056180441906,4
0.11474761549875206,0.008556173384692072,0.17399798141251377,0
0.3806070279573481,0.14080366806310768,0.5215440754273762,2
0.39555169973354415,0.14823765500724478,0.6251343551561106,4
0.3901300492280157,0.14554074204205203,0.7298858983281107,4
0.3645975449038119,0.13284000785131642,0.8308628066022903,4
0.32015727973619,0.11073391171233647,0.9233070426367069,4
0.2589032814069966,0.08026409406262937,1.0028626290636955,4
0.1837218416078151,0.04286629434656221,1.065780902377418,4
0.09815551382042045,0.0003026988956118127,1.1090971501596216,0
0.0062361880064249475,-0.045421093386232125,1.1307703084880387,4
-0.08770489226428857,-0.09215057495055545,1.129779136978041,4
-0.1792412182432363,-0.137683850115932,1.106170339684422,4
-0.26405959333333634,-0.17987538851070958,1.0610563644038238,4
-0.33816337114424927,-0.21673712257937047,0.9965629840748051,4
-0.39806077768497583,-0.2465321254325392,0.9157291302427879,4
-0.4409294439418745,-0.26785645493530946,0.8223636984423983,4
-0.46474939605819277,-0.2797053075360557,0.7208660728352769,4
-0.4683982366106998,-0.28152036466375924,0.6160188269920653,4
-0.45170403203656084,-0.27321610072906544,0.5127623687688577,4
-0.41545341415205317,-0.2551838130946477,0.41596214802364273,4
-0.36135451401912855,-0.22827318412245995,0.33017939635764404,2
-0.2919564747180205,-0.1937522440952,0.25945620163725946,2
-0.21052933558837345,-0.15324762156127467,0.20712504459667166,4
-0.12090994779990699,-0.10866789651022403,0.1756517721666475,4
-0.027321181719197785,-0.06211366798109268,0.16651940663470421,4
0.06582705496882799,-0.015778573722874764,0.18015826555525985,2
0.3925706751024611,0.14675479218365833,0.45544071355294125,2
0.42717747542352114,0.1639693891729943,0.5529885502931493,2
0.4421221471997172,0.17140337611713138,0.656578830021884,4
0.43670049669418876,0.16870646315193866,0.7613303731938839,4
0.41116799236998486,0.15600572896120304,0.8623072814680637,4
0.366727727202363,0.1338996328222231,0.9547515175024801,4
0.3054737288731695,0.10342981517251594,1.0343071039294687,4
0.23029228907398805,0.06603201545644877,1.0972253772431912,4
0.1447259612865934,0.023468420005498383,1.1405416250253948,4
0.052806635472597896,-0.022255372276345546,1.1622147833538117,4
-0.04113444479811551,-0.06898485384066882,1.1612236118438144,4
-0.1326707707770634,-0.11451812900604551,1.137614814550195,4
-0.21748914586716328,-0.15670966740082296,1.092500839269597,4
-0.2915929236780764,-0.19357140146948393,1.028007458940578,4
-0.3514903302188027,-0.22336640432265256,0.9471736051085611,4
-0.3943589964757016,-0.24469073382542286,0.8538081733081713,4
-0.41817894859201976,-0.2565395864261691,0.75231054770105,4
-0.4218277891445268,-0.25835464355387266,0.6474633018578385,4
-0.40513358457038784,-0.2500503796191788,0.5442068436346307,4
-0.36888296668588,-0.23201809198476095,0.4474066228894157,4
-0.3147840665529556,-0.20510746301257338,0.3616238712234173,2
-0.24538602725184727,-0.1705865229853133,0.29090067650303253,2
-0.16395888812220027,-0.13008190045138796,0.23856951946244476,4
-0.07433950033373377,-0.08550217540033732,0.20709624703242063,4
0.01924926574697508,-0.03894794687120615,0.19796388150047728,2
0.3914809166236277,0.14621270933130595,0.38801135974428846,4
0.44411917119948885,0.17239676363100623,0.4749202941889039,2
0.478725971520549,0.18961136062034226,0.5724681309291122,4
0.4936706432967451,0.19704534756447936,0.6760584106578466,4
0.48824899279121664,0.1943484345992866,0.7808099538298466,4
0.4627164884670128,0.181647700408551,0.8817868621040262,4
0.41827622329939096,0.1595416042695711,0.9742310981384429,4
0.35702222497019753,0.12907178661986396,1.0537866845654313,4
0.2818407851710161,0.09167398690379679,1.116704957879154,4
0.19627445738362143,0.04911039145284639,1.1600212056613577,4
0.10435513156962599,0.003386599171002506,1.1816943639897746,0
0.010414051298912402,-0.04334288239332087,1.180703192479777,4
-0.08112227468003533,-0.08887615755869746,1.1570943951861579,4
-0.1659406497701354,-0.131067695953475,1.1119804199055596,4
-0.24004442758104833,-0.1679294300221359,1.047487039576541,4
-0.29994183412177483,-0.1977244328753046,0.9666531857445237,4
-0.3428105003786736,-0.21904876237807483,0.8732877539441343,4
-0.3666304524949918,-0.2308976149788211,0.771790128337013,4
-0.3702792930474989,-0.23271267210652466,0.6669428824938013,4
-0.35358508847335995,-0.2244084081718308,0.5636864242705935,4
-0.31733447058885234,-0.20637612053741308,0.46688620352537885,2
-0.2632355704559277,-0.17946549156522543,0.3811034518593801,2
-0.1938375311548194,-0.14494455153796534,0.3103802571389953,4
-0.1124103920251723,-0.10443992900404002,0.25804910009840754,4
-0.02279100423670624,-0.05986020395298956,0.22657582766838352,2
0.37738910199890807,0.139202962479172,0.3224332887749087,2
0.44557849344644557,0.17312268004413509,0.3946081672645114,1
0.4982167480223068,0.19930673434383542,0.481517101709127,1
0.5328235483433669,0.2165213313331714,0.5790649384493352,4
0.5477682201195629,0.22395531827730847,0.6826552181780697,2
0.5423465696140345,0.22125840531211574,0.7874067613500696,2
0.5168140652898306,0.20855767112138013,0.8883836696242493,2
0.47237380012220875,0.1864515749824002,0.9808279056586658,4
0.4111198017930152,0.15598175733269304,1.0603834920856545,2
0.33593836199383376,0.11858395761662585,1.1233017653993769,3
0.2503720342064393,0.07602036216567552,1.1666180131815804,4
0.15845270839244363,0.030296569883831538,1.1882911715099975,3
0.06451162812173022,-0.016432911680491734,1.1873,2
-0.027024697857217672,-0.06196618684586842,1.1636912027063808,2
-0.11184307294731752,-0.10415772524064588,1.1185772274257828,2
-0.18594685075823064,-0.14101945930930684,1.054083847096764,4
-0.24584425729895698,-0.17081446216247548,0.9732499932647467,3
-0.28871292355585576,-0.1921387916652457,0.8798845614643572,4
-0.312532875672174,-0.20398764426599197,0.7783869358572357,4
-0.31618171622468105,-0.20580270139369553,0.673539690014024,2
-0.2994875116505421,-0.1974984374590017,0.5702832317908166,4
-0.26323689376603443,-0.17946614982458395,0.47348301104560164,2
-0.20913799363310975,-0.15255552085239624,0.3877002593796029,2
-0.13973995433200137,-0.11803458082513614,0.3169770646592181,3
-0.05831281520235462,-0.07752995829121095,0.26464590761863055,2
0.3509592382903731,0.12605585127546365,0.2617965428714626,4
0.43148667882172587,0.16611293319200113,0.3158364812546855,2
0.49967607026926353,0.20003265075696428,0.3880113597442884,2
0.5523143248451247,0.22621670505666455,0.4749202941889038,2
0.5869211251661848,0.24343130204600058,0.5724681309291121,4
0.6018657969423808,0.25086528899013766,0.6760584106578464,4
0.5964441464368524,0.24816837602494493,0.7808099538298465,4
0.5709116421126486,0.23546764183420932,0.8817868621040261,4
0.5264713769450268,0.21336154569522942,0.9742310981384428,4
0.46521737861583323,0.18289172804552228,1.0537866845654313,4
0.3900359388166519,0.14549392832945515,1.116704957879154,4
0.3044696110292572,0.1029303328785047,1.1600212056613575,4
0.21255028521526176,0.05720654059666082,1.1816943639897743,4
0.11860920494454816,0.010477059032337444,1.180703192479777,0
0.027072878965600455,-0.03505621613303915,1.1570943951861579,4
-0.057745496124499585,-0.07724775452781671,1.1119804199055596,4
-0.13184927393541251,-0.1141094885964776,1.047487039576541,4
-0.19174668047613896,-0.1439044914496462,0.966653185744524,4
-0.23461534673303786,-0.1652288209524165,0.8732877539441343,4
-0.2584352988493561,-0.17707767355316278,0.7717901283370128,4
-0.26208413940186315,-0.17889273068086636,0.6669428824938014,4
-0.2453899348277242,-0.1705884667461725,0.5636864242705937,4
-0.20913931694321652,-0.15255617911175476,0.46688620352537863,2
-0.1550404168102918,-0.12564555013956705,0.3811034518593799,4
-0.08564237750918374,-0.09112461011230713,0.3103802571389953,2
0.3134367020956724,0.10739086830630833,0.20895832875807696,4
0.40250773438740095,0.15169782272281157,0.24231696223549987,4
0.4830351749187538,0.19175490463934908,0.29635690061872294,2
0.5512245663662914,0.22567462220431217,0.3685317791083257,2
0.6038628209421526,0.2518586765040125,0.45544071355294125,4
0.6384696212632126,0.2690732734933485,0.5529885502931493,4
0.6534142930394087,0.2765072604374856,0.6565788300218839,4
0.6479926425338802,0.27381034747229277,0.7613303731938839,4
0.6224601382096764,0.2611096132815572,0.8623072814680635,4
0.5780198730420545,0.23900351714257728,0.9547515175024801,4
0.5167658747128611,0.20853369949287018,1.0343071039294687,4
0.4415844349136795,0.17113589977680296,1.0972253772431912,4
0.356018107126285,0.12857230432585262,1.1405416250253948,4
0.26409878131228937,0.08284851204400862,1.1622147833538117,4
0.17015770104157596,0.03611903047968535,1.1612236118438144,4
0.07862137506262806,-0.009414244685691337,1.137614814550195,4
-0.006197000027471783,-0.0516057830804688,1.092500839269597,4
-0.08030077783838471,-0.08846751714912969,1.0280074589405783,4
-0.14019818437911125,-0.11826252000229841,0.9471736051085611,4
-0.18306685063601014,-0.13958684950506867,0.8538081733081713,4
-0.20688680275232824,-0.1514357021058149,0.7523105477010502,4
-0.21053564330483532,-0.15325075923351844,0.6474633018578385,4
-0.19384143873069637,-0.14494649529882458,0.5442068436346307,2
-0.15759082084618853,-0.12691420766440678,0.4474066228894157,2
-0.1034919207132641,-0.10000357869221922,0.3616238712234173,2
0.26658955733585615,0.0840875085718185,0.16640838592202534,4
0.36000714956184543,0.1305565894161949,0.1775138538923037,4
0.44907818185357407,0.17486354383269823,0.21087248736972666,2
0.5296056223849268,0.21492062574923568,0.2649124257529496,2
0.5977950138324645,0.24884034331419883,0.3370873042425525,2
0.6504332684083256,0.2750243976138991,0.4239962386871679,4
0.6850400687293857,0.2922389946032351,0.521544075427376,4
0.6999847405055818,0.2996729815473722,0.6251343551561106,4
0.6945630900000533,0.29697606858217945,0.7298858983281106,4
0.6690305856758495,0.28427533439144387,0.8308628066022903,4
0.6245903205082277,0.26216923825246397,0.9233070426367068,4
0.5633363221790342,0.23169942060275686,1.0028626290636953,4
0.48815488237985283,0.1943016208866897,1.0657809023774178,4
0.4025885545924581,0.1517380254357393,1.1090971501596216,4
0.3106692287784627,0.1060142331538954,1.1307703084880385,4
0.2167281485077491,0.05928475158957201,1.129779136978041,4
0.1251918225288014,0.013751476424195429,1.106170339684422,0
0.0403734474387015,-0.028440061970582062,1.0610563644038238,4
-0.03373033037221157,-0.06530179603924302,0.9965629840748051,4
-0.09362773691293808,-0.09509679889241174,0.9157291302427878,4
-0.1364964031698368,-0.11642112839518191,0.8223636984423985,4
-0.16031635528615507,-0.1282699809959282,0.720866072835277,4
-0.1639651958386622,-0.13008503812363179,0.6160188269920652,4
-0.14727099126452325,-0.12178077418893794,0.5127623687688575,2
-0.11102037338001558,-0.10374848655452021,0.41596214802364284,2
0.21262524398844254,0.05724382763444388,0.1361516699553501,4
0.3059875541849959,0.10368540932117891,0.12448068217118458,4
0.3994051464109853,0.15015449016555543,0.13558615014146302,4
0.48847617870271376,0.19446144458205866,0.16894478361888587,2
0.5690036192340666,0.23451852649859617,0.22298472200210898,2
0.6371930106816042,0.26843824406355926,0.29515960049171175,2
0.6898312652574654,0.29462229836325954,0.3820685349363273,4
0.7244380655785254,0.31183689535259557,0.47961637167653537,4
0.7393827373547215,0.31927088229673267,0.58320665140527,4
0.733961086849193,0.31657396933153986,0.6879581945772699,4
0.7084285825249892,0.3038732351408043,0.7889351028514495,4
0.6639883173573673,0.2817671390018243,0.8813793388858662,4
0.602734319028174,0.25129732135211724,0.9609349253128546,4
0.5275528792289923,0.21389952163605006,1.0238531986265773,4
0.4419865514415978,0.1713359261850997,1.0671694464087809,4
0.35006722562760223,0.1256121339032557,1.0888426047371977,4
0.2561261453568888,0.07888265233893244,1.0878514332272005,4
0.16458981937794112,0.03334937717355585,1.064242635933581,4
0.07977144428784108,-0.008842161221221707,1.019128660652983,4
0.005667666476927985,-0.04570389528988268,0.9546352803239643,4
-0.05422974006379824,-0.07549889814305123,0.8738014264919473,4
-0.09709840632069713,-0.09682322764582153,0.7804359946915576,4
-0.1209183584370154,-0.10867208024656781,0.678938369084436,4
-0.12456719898952243,-0.11048713737427136,0.5740911232412244,2
-0.10787299441538348,-0.10218287343957753,0.47083466501801696,2
0.15408656339710206,0.02812470118188537,0.11961387893966718,4
0.24299435449271944,0.07235045388724977,0.0857163729723649,4
0.33635666468927294,0.11879203557398489,0.07404538518819931,4
0.42977425691526217,0.1652611164183613,0.08515085315847776,4
0.5188452892069909,0.20956807083486464,0.11850948663590077,2
0.5993727297383435,0.24962515275140204,0.17254942501912374,2
0.6675621211858811,0.2835448703163651,0.24472430350872648,4
0.7202003757617423,0.30972892461606544,0.3316332379533421,4
0.7548071760828025,0.3269435216054014,0.42918107469355027,4
0.7697518478589984,0.3343775085495385,0.5327713544222847,4
0.76433019735347,0.33168059558434576,0.6375228975942847,4
0.7387976930292661,0.3189798613936102,0.7384998058684644,4
0.6943574278616442,0.2968737652546302,0.8309440419028808,4
0.6331034295324506,0.26640394760492303,0.9104996283298696,4
0.5579219897332692,0.22900614788885593,0.973417901643592,4
0.4723556619458745,0.1864425524379055,1.0167341494257958,4
0.3804363361318791,0.1407187601560616,1.0384073077542126,4
0.28649525586116575,0.09398927859173832,1.0374161362442151,4
0.19495892988221783,0.04845600342636164,1.013807338950596,4
0.11014055479211785,0.006264465031584095,0.9686933636699976,0
0.036036776981205054,-0.030597269037076713,0.9041999833409791,4
-0.02386062955952145,-0.06039227189024543,0.8233661295089618,4
-0.06672929581642034,-0.0817166013930157,0.7300006977085721,4
-0.09054924793273855,-0.09356545399376193,0.6285030721014506,2
-0.09419808848524552,-0.09538051112146548,0.5236558262582393,1
0.09373186133575537,-0.0018977759832530371,0.11757427447597735,0
0.17399579343825114,0.03802822789763878,0.06304750262755199,4
0.26290358453386864,0.08225398060300326,0.029149996660249533,4
0.35626589473042203,0.1286955622897383,0.017479008876084,4
0.4496834869564114,0.1751646431341148,0.02858447684636245,2
0.5387545192481399,0.21947159755061804,0.0619431103237853,2
0.6192819597794927,0.25952867946715547,0.11598304870700826,2
0.6874713512270303,0.2934483970321186,0.18815792719661115,4
0.7401096058028915,0.31963245133181895,0.27506686164122673,4
0.7747164061239515,0.3368470483211549,0.3726146983814348,4
0.7896610779001476,0.344281035265292,0.47620497811016926,4
0.7842394273946192,0.34158412230009927,0.5809565212821693,4
0.7587069230704153,0.32888338810936363,0.681933429556349,4
0.7142666579027934,0.3067772919703837,0.7743776655907656,4
0.6530126595736001,0.27630747432067665,0.853933252017754,4
0.5778312197744184,0.2389096746046094,0.9168515253314767,4
0.49226489198702394,0.1963460791536591,0.9601677731136803,4
0.4003455661730285,0.1506222868718152,0.9818409314420972,4
0.30640448590231495,0.10389280530749181,0.9808497599320998,4
0.21486815992336705,0.05835953014211513,0.9572409626384806,4
0.13004978483326735,0.01616799174733774,0.9121269873578824,0
0.05594600702235428,-0.02069374232132322,0.8476336070288638,4
-0.003951399518372228,-0.050488745174491936,0.7667997531968465,4
-0.04682006577527112,-0.07181307467726221,0.6734343213964568,4
-0.07064001789158922,-0.08366192727800843,0.5719366957893357,1
0.034405054607538926,-0.03140894312426619,0.13012896283616904,4
0.10224308692479592,0.0023359964846250015,0.05754222952507165,0
0.1825070190272918,0.042262000365516875,0.003015457676646127,4
0.27141481012290913,0.08648775307088123,-0.030882048290656217,4
0.36477712031946263,0.1329293347576164,-0.04255303607482186,4
0.45819471254545185,0.1793984156019928,-0.031447568104543466,2
0.5472657448371804,0.22370537001849605,0.0019110653728793836,2
0.6277931853685333,0.26376245193503356,0.0559510037561024,2
0.695982576816071,0.2976821694999967,0.1281258822457053,4
0.748620831391932,0.323866223799697,0.2150348166903207,4
0.7832276317129923,0.34108082078903296,0.3125826534305287,4
0.7981723034891883,0.3485148077331701,0.4161729331592634,4
0.7927506529836599,0.34581789476797736,0.5209244763312633,4
0.767218148659456,0.3331171605772418,0.6219013846054431,4
0.7227778834918342,0.3110110644382619,0.7143456206398596,4
0.6615238851626407,0.2805412467885547,0.7939012070668483,4
0.5863424453634594,0.2431434470724876,0.8568194803805708,4
0.5007761175760648,0.20057985162153727,0.9001357281627744,4
0.4088567917620692,0.1548560593396933,0.9218088864911913,4
0.3149157114913556,0.10812657777536991,0.9208177149811939,4
0.22337938551240807,0.06259330260999342,0.8972089176875748,4
0.138561010422308,0.020401764215215834,0.8520949424069766,0
0.06445723261139494,-0.016459969853445125,0.787601562077958,4
0.004559826070668432,-0.04625497270661384,0.7067677082459407,4
-0.038308840186230236,-0.067579302209384,0.6134022764455513,1
-0.02109837446772181,-0.05901823246025126,0.15668636643032358,4
0.03111722633752753,-0.03304442049037071,0.06945996242923363,4
0.09895525865478474,0.0007005191185206223,-0.0031267708818639717,0
0.17921919075728054,0.04062652299941244,-0.05765354273028939,4
0.26812698185289807,0.08485227570477691,-0.09155104869759179,4
0.36148929204945146,0.13129385739151198,-0.10322203648175732,4
0.4549068842754407,0.17776293823588837,-0.09211656851147887,2
0.5439779165671694,0.22206989265239171,-0.0587579350340558,2
0.6245053570985223,0.2621269745689292,-0.004717996650832779,4
0.6926947485460597,0.2960466921338923,0.06745688183876997,4
0.7453330031219207,0.3222307464335925,0.15436581628338547,4
0.779939803442981,0.3394453434229285,0.2519136530235938,4
0.7948844752191769,0.3468793303670656,0.35550393275232817,4
0.7894628247136484,0.34418241740187283,0.4602554759243283,4
0.7639303203894445,0.33148168321113725,0.5612323841985078,4
0.7194900552218226,0.30937558707215723,0.6536766202329245,4
0.6582360568926291,0.2789057694224501,0.7332322066599131,4
0.5830546170934477,0.241507969706383,0.7961504799736354,4
0.49748828930605304,0.19894437425543257,0.8394667277558391,4
0.4055689634920574,0.1532205819735886,0.8611398860842561,4
0.3116278832213442,0.10649110040926539,0.8601487145742586,4
0.22009155724239632,0.06095782524388871,0.8365399172806394,4
0.13527318215229633,0.018766286849111163,0.791425942000041,0
0.061169404341383266,-0.01809544721954981,0.7269325616710223,4
0.0012719978006570376,-0.04789045007271836,0.6460987078390052,1
-0.07016310133058565,-0.08342469279463952,0.1959950989745305,4
-0.036030333952093735,-0.06644589587899641,0.0982391371254216,4
0.016185266853155605,-0.04047208390911586,0.011012733124331653,4
0.08402329917041271,-0.006727144300224612,-0.06157400018676584,4
0.16428723127290862,0.03319885958066729,-0.11610077203519142,4
0.253195022368526,0.07742461228603169,-0.14999827800249366,4
0.34655733256507937,0.12386619397276673,-0.1616692657866593,2
0.43997492479106876,0.17033527481714325,-0.15056379781638085,2
0.5290459570827974,0.21464222923364654,-0.11720516433895778,2
0.6095733976141502,0.25469931115018396,-0.06316522595573482,4
0.6777627890616876,0.28861902871514705,0.009009652533867929,4
0.7304010436375489,0.3148030830148474,0.09591858697848349,4
0.765007843958609,0.33201768000418336,0.1934664237186916,4
0.7799525157348051,0.3394516669483204,0.29705670344742624,4
0.7745308652292766,0.3367547539831277,0.4018082466194261,4
0.7489983609050727,0.32405401979239207,0.5027851548936059,4
0.7045580957374509,0.30194792365341216,0.5952293909280224,4
0.6433040974082573,0.27147810600370503,0.6747849773550109,4
0.5681226576090759,0.23408030628763785,0.7377032506687335,4
0.48255632982168106,0.19151671083668742,0.7810194984509371,4
0.39063700400768586,0.14579291855484364,0.802692656779354,4
0.2966959237369723,0.09906343699052024,0.8017014852693565,4
0.2051595977580244,0.05353016182514356,0.7780926879757373,4
0.12034122266792441,0.011338623430366014,0.732978712695139,0
0.04623744485701162,-0.025523110638294794,0.6684853323661206,2
-0.11047719341571924,-0.10347829040546008,0.2462029308798035,4
-0.0960355972963313,-0.09629455036675064,0.14252367735605387,4
-0.061902829917839325,-0.0793157534511075,0.04476771550694458,4
-0.009687229112589985,-0.05334194148122695,-0.04245868849414541,4
0.05815080320466712,-0.019597001872335706,-0.11504542180524291,4
0.1384147353071629,0.020329002008556113,-0.16957219365366827,0
0.2273225264027802,0.06455475471392047,-0.2034696996209706,4
0.3206848365993338,0.11099633640065563,-0.21514068740513625,2
0.41410242882532317,0.15746541724503213,-0.2040352194348578,2
0.5031734611170516,0.20177237166153536,-0.17067658595743496,2
0.5837009016484045,0.2418294535780728,-0.116636647574212,4
0.651890293095942,0.27574917114303593,-0.04446176908460914,4
0.7045285476718032,0.3019332254427362,0.042447165360006256,4
0.7391353479928633,0.31914782243207224,0.13999500210021454,4
0.7540800197690594,0.32658180937620934,0.24358528182894895,4
0.7486583692635309,0.3238848964110166,0.3483368250009491,4
0.7231258649393271,0.311184162220281,0.44931373327512864,4
0.6786855997717054,0.2890780660813011,0.5417579693095451,4
0.6174316014425119,0.25860824843159397,0.6213135557365338,4
0.5422501616433302,0.22121044871552675,0.6842318290502565,4
0.4566838338559358,0.1786468532645765,0.7275480768324599,4
0.36476450804194027,0.13292306098273254,0.7492212351608769,4
0.2708234277712267,0.08619357941840915,0.7482300636508794,4
0.1792871017922788,0.040660304253032464,0.7246212663572602,4
0.0944687267021791,-0.001531234141744926,0.6795072910766622,0
-0.14014104853856424,-0.11823409869609446,0.3049440664098083,4
-0.14607111246316873,-0.12118391375082353,0.20022689320667836,4
-0.13162951634378078,-0.1140001737121141,0.09654763968292873,4
-0.09749674896528898,-0.09702137679647105,-0.0012083221661802201,4
-0.045281148160039475,-0.07104756482659041,-0.08843472616727055,4
0.022556884157217516,-0.037302625217699226,-0.16102145947836788,4
0.10282081625971318,0.00262337866319254,-0.21554823132679335,0
0.1917286073553307,0.04684913136855701,-0.2494457372940958,4
0.28509091755188426,0.09329071305529217,-0.26111672507826145,2
0.3785085097778735,0.13975979389966858,-0.2500112571079831,2
0.467579542069602,0.18406674831617184,-0.21665262363056015,2
0.5481069826009549,0.22412383023270935,-0.16261268524733719,4
0.6162963740484924,0.25804354779767247,-0.0904378067577345,4
0.6689346286243537,0.28422760209737274,-0.003528872313118825,4
0.7035414289454138,0.3014421990867088,0.09401896442708918,4
0.7184861007216099,0.3088761860308459,0.19760924415582382,4
0.7130644502160814,0.3061792730656531,0.3023607873278237,4
0.6875319458918777,0.2934785388749176,0.4033376956020033,4
0.6430916807242558,0.27137244273593764,0.49578193163642004,4
0.5818376823950623,0.24090262508623053,0.5753375180634086,4
0.5066562425958812,0.20350482537016348,0.6382557913771311,4
0.42108991480848634,0.16094122991921303,0.6815720391593347,4
0.3291705889944908,0.11521743763736907,0.7032451974877517,4
0.2352295087237772,0.06848795607304568,0.7022540259777543,4
0.14369318274482967,0.022954680907669195,0.6786452286841352,2
-0.15775690425231204,-0.12699682318726666,0.3694506201030392,4
-0.183779203290243,-0.1399411978916035,0.26862980604683573,4
-0.18970926721484738,-0.14289101294633258,0.16391263284370622,4
-0.17526767109545938,-0.1357072729076231,0.06023337931995615,4
-0.14113490371696746,-0.11872847599198001,-0.03752258252915275,4
-0.08891930291171812,-0.09275466402209946,-0.12474898653024269,4
-0.02108127059446102,-0.05900972441320822,-0.19733571984134013,4
0.05918266150803489,-0.019083720532316314,-0.2518624916897657,4
0.14809045260365242,0.025142032173048154,-0.28575999765706805,2
0.2414527628002058,0.07158361385978322,-0.2974309854412336,2
0.33487035502619505,0.11805269470415962,-0.28632551747095514,2
0.42394138731792375,0.16235964912066295,-0.2529668839935322,2
0.5044688278492764,0.20241673103720037,-0.1989269456103091,4
0.572658219296814,0.23633644860216355,-0.1267520671207063,4
0.6252964738726752,0.26252050290186374,-0.03984313267609085,4
0.6599032741937353,0.27973509989119977,0.057704704064117485,4
0.6748479459699313,0.2871690868353368,0.1612949837928519,4
0.6694262954644028,0.28447217387014406,0.26604652696485176,4
0.643893791140199,0.2717714396794085,0.3670234352390315,4
0.599453525972577,0.24966534354042852,0.45946767127344823,4
0.5381995276433836,0.21919552589072147,0.5390232577004366,4
0.46301808784420206,0.18179772617465426,0.6019415310141591,4
0.37745176005680736,0.1392341307237038,0.6452577787963627,4
0.2855324342428118,0.09351033844185981,0.6669309371247797,4
0.19159135397209856,0.046780856877536636,0.6659397656147822,2
-0.040393687498629816,-0.1181040600143048,0.6659397656147822,4
-0.11957189857270445,-0.1827800912169023,0.6423309683211631,4
-0.19293913430148518,-0.24270947788621844,0.5972169930405649,4
-0.25703832659644604,-0.2950683441032352,0.5327236127115462,4
-0.3088491180735044,-0.3373895372793045,0.4518897588795289,4
-0.34593018145519866,-0.3676788805186495,0.3585243270791394,4
-0.36653425504314197,-0.384509138340814,0.257026701472018,4
-0.36969047378310416,-0.38708726809316524,0.15217945562880641,4
-0.3552501164785193,-0.37529178816328607,0.04892299740559869,4
-0.3238936135412559,-0.34967850219907687,-0.04787722333961619,4
-0.27709848507405993,-0.3114543096110114,-0.13365997500561477,4
-0.21706972004394698,-0.2624203364070853,-0.20438316972599957,4
-0.14663587708363401,-0.20488706603857063,-0.25671432676658723,2
-0.06911580265682649,-0.14156546929568187,-0.2881875991966114,2
0.01183775316542525,-0.07543926321831929,-0.2973199647285548,2
0.09241025448428561,-0.009624318188875207,-0.2836811058079991,0
0.1688051207095869,0.052778162047555095,-0.24791368619990428,4
0.23742262164117572,0.10882776927022714,-0.1917030686374822,4
0.29502949694930647,0.15588344297605483,-0.11769790043967676,4
0.3389113075750558,0.19172791729238248,-0.029385309107221147,4
0.36700034024458844,0.21467219866400733,0.06907341131251044,4
0.3779730382296891,0.22363515132022638,0.17303888062454437,4
0.3713123674118916,0.21819444045042558,0.2776122403303007,4
0.34733217895791435,0.19860643264304245,0.3778659881031942,4
0.30716242063582583,0.16579411587814813,0.46907616196294777,2
0.003117952408193639,-0.08256195642147253,0.7032451974877518,4
-0.07814035245223747,-0.14893709409295525,0.7022540259777544,4
-0.1573185635263123,-0.21361312529555287,0.6786452286841352,4
-0.23068579925509286,-0.2735425119648689,0.6335312534035371,4
-0.29478499155005383,-0.3259013781818858,0.5690378730745184,4
-0.3465957830271121,-0.36822257135795494,0.4882040192425011,4
-0.3836768464088064,-0.3985119145973,0.3948385874421116,4
-0.40428091999674953,-0.4153421724194645,0.29334096183499014,4
-0.40743713873671183,-0.41792030217181564,0.1884937159917785,4
-0.3929967814321269,-0.4061248222419365,0.08523725776857083,4
-0.3616402784948636,-0.3805115362777273,-0.011562962976643942,4
-0.31484515002766755,-0.34228734368966174,-0.09734571464264274,4
-0.25481638499755466,-0.29325337048573574,-0.16806890936302732,4
-0.18438254203724153,-0.23572010011722097,-0.2204000664036151,2
-0.10686246761043416,-0.17239850337433232,-0.25187333883363927,2
-0.025908911788182276,-0.10627229729696962,-0.26100570436558257,2
0.054663589530677945,-0.04045735226752568,-0.24736684544502685,4
0.13105845575597921,0.021945127968904625,-0.21159942583693214,0
0.1996759566875682,0.07799473519157672,-0.15538880827450985,4
0.2572828319956989,0.12505040889740437,-0.0813836400767044,4
0.3011646426214481,0.16089488321373202,0.0069289512557511035,4
0.32925367529098076,0.18383916458535687,0.10538767167548269,4
0.34022637327608146,0.19280211724157592,0.20935314098751703,4
0.33356570245828393,0.18736140637177512,0.3139265006932729,4
0.3095855140043068,0.16777339856439205,0.414180248466166,2
0.05183899182177455,-0.042764600272723864,0.72754807683246,4
-0.02767051113512828,-0.10771124436061275,0.7492212351608769,4
-0.10892881599555954,-0.1740863820320956,0.7482300636508795,4
-0.18810702706963417,-0.2387624132346931,0.7246212663572604,4
-0.2614742627984149,-0.2986917999040093,0.6795072910766622,4
-0.3255734550933758,-0.351050666121026,0.6150139107476436,4
-0.37738424657043407,-0.3933718592970952,0.5341800569156264,4
-0.4144653099521284,-0.4236612025364403,0.4408146251152368,4
-0.43506938354007163,-0.4404914603586048,0.33931699950811534,4
-0.4382256022800338,-0.44306959011095604,0.23446975366490375,4
-0.423785244975449,-0.43127411018107686,0.13121329544169613,4
-0.39242874203818556,-0.40566082421686767,0.03441307469648114,4
-0.3456336135709897,-0.3674366316288022,-0.05136967696951744,4
-0.2856048485408767,-0.3184026584248761,-0.12209287168990224,4
-0.21517100558056373,-0.26086938805636145,-0.1744240287304899,2
-0.1376509311537562,-0.19754779131347266,-0.20589730116051408,2
-0.05669737533150451,-0.13142158523611008,-0.2150296666924575,2
0.023875125987355708,-0.06560664020666616,-0.20139080777190177,4
0.10026999221265716,-0.003204159970235717,-0.16562338816380695,0
0.16888749314424611,0.05284544725243639,-0.10941277060138477,4
0.22649436845237664,0.09990112095826388,-0.03540760240357954,4
0.27037617907812606,0.13574559527459168,0.052904988928876184,4
0.2984652117476587,0.15868987664621653,0.15136370934860782,4
0.3094379097327594,0.16765282930243558,0.2553291786606422,4
0.3027772389149619,0.16221211843263478,0.359902538366398,2
0.10347369274785136,-0.0005872451275380297,0.7377032506687335,0
0.029459483744728884,-0.06104510627374563,0.7810194984509371,4
-0.05005001921217411,-0.12599175036163462,0.802692656779354,4
-0.13130832407260518,-0.19236688803311736,0.8017014852693565,4
-0.21048653514667998,-0.257042919235715,0.7780926879757373,4
-0.28385377087546054,-0.316972305905031,0.7329787126951393,4
-0.3479529631704215,-0.36933117212204786,0.6684853323661205,4
-0.3997637546474798,-0.41165236529811705,0.5876514785341033,4
-0.4368448180291741,-0.4419417085374621,0.4942860467337137,4
-0.4574488916171172,-0.4587719663596266,0.39278842112659224,4
-0.4606051103570795,-0.4613500961119778,0.2879411752833807,4
-0.4461647530524947,-0.44955461618209863,0.18468471706017292,4
-0.41480825011523126,-0.42394133021788943,0.08788449631495815,4
-0.3680131216480353,-0.38571713762982385,0.0021017446489594027,4
-0.3079843566179224,-0.33668316442589785,-0.06862145007142523,4
-0.23755051365760926,-0.2791498940573831,-0.12095260711201306,2
-0.1600304392308019,-0.21582829731449443,-0.15242587954203712,2
-0.07907688340855018,-0.14970209123713185,-0.16155824507398053,2
0.0014956179103102069,-0.0838871462076878,-0.14791938615342481,4
0.07789048413561166,-0.021484665971257373,-0.11215196654532988,4
0.1465079850672003,0.034564941251414565,-0.05594134898290787,4
0.20411486037533105,0.08162061495724222,0.018063819214897636,4
0.24799667100108036,0.1174650892735699,0.1063764105473532,4
0.2760857036706131,0.14040937064519482,0.20483513096708522,4
0.28705840165571367,0.1493723233014138,0.3088006002791187,2
0.15558902530518431,0.041982709774050546,0.7332322066599128,4
0.09055766375980752,-0.011137590765719498,0.7961504799736354,0
0.016543454756684936,-0.07159545191192722,0.839466727755839,4
-0.0629660482002179,-0.1365420959998161,0.8611398860842558,4
-0.14422435306064918,-0.20291723367129894,0.8601487145742586,4
-0.22340256413472376,-0.26759326487389645,0.8365399172806394,4
-0.29676979986350444,-0.3275226515432126,0.7914259420000411,4
-0.3608689921584654,-0.3798815177602294,0.7269325616710225,4
-0.4126797836355237,-0.4222027109362986,0.6460987078390054,4
-0.44976084701721797,-0.45249205417564364,0.5527332760386157,4
-0.4703649206051612,-0.4693223119978081,0.45123565043149444,4
-0.4735211393451234,-0.4719004417501594,0.3463884045882827,4
-0.4590807820405386,-0.4601049618202802,0.2431319463650751,4
-0.42772427910327526,-0.434491675856071,0.14633172561986013,4
-0.38092915063607924,-0.39626748326800554,0.06054897395386155,4
-0.32090038560596634,-0.34723351006407943,-0.010174220766523245,2
-0.2504665426456533,-0.2897002396955648,-0.06250537780711096,2
-0.17294646821884602,-0.22637864295267618,-0.09397865023713503,2
-0.09199291239659413,-0.16025243687531343,-0.10311101576907855,4
-0.011420411077733755,-0.09443749184586937,-0.08947215684852283,4
0.0649744551475674,-0.032035011609439175,-0.05370473724042807,4
0.13359195607915636,0.024014595613232985,0.002505880321994114,0
0.1911988313872871,0.07107026931906064,0.07651104851979962,4
0.2350806420130364,0.10691474363538832,0.16482363985225518,4
0.2631696746825691,0.12985902500701318,0.26328236027198676,2
0.20572931222425062,0.08293936587039592,0.7143456206398598,4
0.15274507938585447,0.039659657351901266,0.7939012070668483,4
0.08771371784047756,-0.013460643187868888,0.856819480380571,4
0.013699508837355087,-0.0739185043340765,0.9001357281627745,4
-0.06580999411954791,-0.13886514842196548,0.9218088864911915,4
-0.14706829897997903,-0.20524028609344822,0.920817714981194,4
-0.22624651005405372,-0.2699163172960458,0.8972089176875748,4
-0.29961374578283434,-0.3298457039653619,0.8520949424069767,4
-0.3637129380777953,-0.38220457018237874,0.787601562077958,4
-0.4155237295548536,-0.42452576335844794,0.7067677082459407,4
-0.4526047929365479,-0.4548151065977929,0.6134022764455512,4
-0.473208866524491,-0.4716453644199574,0.5119046508384297,4
-0.4763650852644533,-0.4742234941723087,0.40705740499521825,4
-0.4619247279598685,-0.4624280142424295,0.3038009467720104,4
-0.43056822502260506,-0.4368147282782203,0.20700072602679565,4
-0.38377309655540903,-0.39859053569015473,0.1212179743607969,4
-0.3237443315252962,-0.3495565624862287,0.05049477964041227,2
-0.2533104885649832,-0.29202329211771405,-0.0018363774001754485,2
-0.1757904141381757,-0.2287016953748253,-0.03330964983019963,2
-0.09483685831592381,-0.16257548929746257,-0.042442015362142926,4
-0.01426435699706377,-0.09676054426801879,-0.028803156441587263,4
0.06213050922823769,-0.034358064031588344,0.0069642631665075005,4
0.13074801015982665,0.02169154319108376,0.06317488072892974,0
0.18835488546795737,0.06874721689691139,0.13718004892673524,4
0.23223669609370656,0.10459169121323904,0.2254926402591907,2
0.2515319404920946,0.12035284332621603,0.6819334295563491,4
0.21309145625811893,0.08895306901919552,0.7743776655907656,4
0.16010722341972267,0.04567336050070069,0.8539332520177543,4
0.09507586187434587,-0.007446940039069269,0.9168515253314767,0
0.021061652871223233,-0.06790480118527702,0.9601677731136803,4
-0.0584478500856796,-0.1328514452731659,0.9818409314420973,4
-0.13970615494611077,-0.19922658294464868,0.9808497599320998,4
-0.21888436602018552,-0.26390261414724625,0.9572409626384807,4
-0.29225160174896614,-0.3238320008165624,0.9121269873578824,4
-0.35635079404392705,-0.3761908670335792,0.8476336070288638,4
-0.40816158552098525,-0.4185120602096483,0.7667997531968467,4
-0.4452426489026796,-0.44880140344899344,0.673434321396457,4
-0.46584672249062287,-0.4656316612711579,0.5719366957893356,4
-0.46900294123058506,-0.46820979102350907,0.4670894499461239,4
-0.45456258392600024,-0.45641431109362995,0.3638329917229163,4
-0.4232060809887368,-0.43080102512942064,0.2670327709777013,4
-0.37641095252154094,-0.3925768325413553,0.18125001931170284,4
-0.31638218749142794,-0.3435428593374292,0.11052682459131802,2
-0.24594834453111486,-0.2860095889689144,0.058195667550730246,2
-0.16842827010430733,-0.22268799222602564,0.026722395120706177,2
-0.08747471428205575,-0.15656178614866317,0.017590029588762768,4
-0.0069022129631953755,-0.09074684111921912,0.031228888509318486,4
0.06949265326210609,-0.028344360882788695,0.06699630811741342,4
0.13811015419369504,0.027705246339883437,0.12320692567983571,4
0.1957170295018255,0.0747609200457109,0.1972120938776409,2
0.290838687804407,0.15246021707409457,0.6375228975942847,2
0.2687532698568211,0.13441993603056168,0.7384998058684642,4
0.23031278562284524,0.1030201617235411,0.8309440419028808,4
0.1773285527844491,0.059740453205046444,0.9104996283298694,4
0.11229719123907218,0.006620152665276289,0.973417901643592,0
0.03828298223594971,-0.053837708480931314,1.0167341494257955,4
-0.0412265207209532,-0.11878435256882026,1.0384073077542126,4
-0.12248482558138438,-0.18515949024030304,1.0374161362442151,4
-0.2016630366554591,-0.2498355214429006,1.013807338950596,4
-0.27503027238423977,-0.3097649081122167,0.9686933636699977,4
-0.33912946467920063,-0.3621237743292335,0.9041999833409791,4
-0.39094025615625894,-0.40444496750530273,0.8233661295089618,4
-0.4280213195379532,-0.43473431074464775,0.7300006977085723,4
-0.44862539312589644,-0.45156456856681226,0.6285030721014508,4
-0.45178161186585875,-0.4541426983191635,0.5236558262582393,4
-0.4373412545612738,-0.4423472183892843,0.4203993680350315,4
-0.4059847516240104,-0.4167339324250751,0.3235991472898167,4
-0.3591896231568145,-0.37850973983700964,0.23781639562381812,4
-0.29916085812670157,-0.32947576663308353,0.16709320090343333,2
-0.22872701516638844,-0.2719424962645688,0.11476204386284555,2
-0.15120694073958124,-0.20862089952168028,0.08328877143282154,4
-0.07025338491732935,-0.14249469344431753,0.07415640590087808,4
0.010319116401531034,-0.07667974841487347,0.0877952648214338,4
0.08671398262683248,-0.014277268178443055,0.12356268442952872,4
0.15533148355842114,0.04177233904422888,0.17977330199195068,2
0.3217974181164352,0.17774858593835585,0.58320665140527,2
0.3171077325352668,0.17391785717013125,0.6879581945772699,4
0.2950223145876808,0.1558775761265983,0.7889351028514496,4
0.2565818303537051,0.12447780181957778,0.8813793388858662,4
0.20359759751530881,0.08119809330108295,0.9609349253128548,4
0.13856623596993203,0.028077792761312996,1.0238531986265773,4
0.06455202696680949,-0.03238006838489469,1.0671694464087809,4
-0.014957475990093422,-0.09732671247278363,1.0888426047371977,4
-0.0962157808505246,-0.16370185014426641,1.0878514332272005,4
-0.1753939919245993,-0.228377881346864,1.0642426359335813,4
-0.24876122765337988,-0.28830726801618,1.019128660652983,4
-0.3128604199483409,-0.3406661342331969,0.9546352803239644,4
-0.36467121142539916,-0.38298732740926605,0.8738014264919473,4
-0.4017522748070935,-0.4132766706486112,0.7804359946915576,4
-0.42235634839503666,-0.43010692847077564,0.6789383690844362,4
-0.42551256713499896,-0.4326850582231268,0.5740911232412245,4
-0.41107220983041404,-0.4208895782932477,0.47083466501801685,4
-0.37971570689315076,-0.39527629232903855,0.3740344442728021,4
-0.33292057842595474,-0.357052099740973,0.2882516926068034,2
-0.2728918133958418,-0.3080181265370469,0.21752849788641862,2
-0.202457970435529,-0.25048485616853244,0.16519734084583093,2
-0.12493789600872146,-0.18716325942564366,0.13372406841580686,4
-0.04398434018646957,-0.12103705334828092,0.12459170288386334,4
0.036588161132390815,-0.055222108318836845,0.13823056180441906,4
0.11298302735769196,0.0071803719175933456,0.17399798141251377,0
0.34294935439290086,0.19502636061972878,0.5215440754273762,2
0.35587637941464545,0.2055856882721423,0.6251343551561106,4
0.351186693833477,0.20175495950391764,0.7298858983281107,4
0.3291012758858911,0.18371467846038475,0.8308628066022903,4
0.2906607916519153,0.15231490415336418,0.9233070426367069,4
0.23767655881351912,0.1090351956348695,1.0028626290636955,4
0.17264519726814226,0.05591489509509944,1.065780902377418,4
0.09863098826501972,-0.004542966051108246,1.1090971501596216,0
0.019121485308116817,-0.06948961013899718,1.1307703084880387,4
-0.06213681955231437,-0.13586474781047997,1.129779136978041,4
-0.141315030626389,-0.20054077901307749,1.106170339684422,4
-0.21468226635516974,-0.2604701656823937,1.0610563644038238,4
-0.27878145865013065,-0.31282903189941036,0.9965629840748051,4
-0.330592250127189,-0.35515022507547966,0.9157291302427879,4
-0.36767331350888327,-0.3854395683148247,0.8223636984423983,4
-0.38827738709682647,-0.4022698261369892,0.7208660728352769,4
-0.39143360583678866,-0.4048479558893404,0.6160188269920653,4
-0.3769932485322039,-0.39305247595946124,0.5127623687688577,4
-0.34563674559494045,-0.36743918999525205,0.41596214802364273,4
-0.29884161712774443,-0.3292149974071865,0.33017939635764404,2
-0.23881285209763164,-0.2801810242032606,0.25945620163725946,2
-0.16837900913731857,-0.22264775383474583,0.20712504459667166,4
-0.09085893471051104,-0.15932615709185705,0.1756517721666475,4
-0.009905378888259181,-0.09319995101449434,0.16651940663470421,4
0.07066712243060087,-0.027385005985050538,0.18015826555525985,2
0.35329781626026235,0.20347941144713638,0.45544071355294125,2
0.38323242977150856,0.22793123943400256,0.5529885502931493,2
0.3961594547932531,0.23849056708641608,0.656578830021884,4
0.3914697692120847,0.23465983831819143,0.7613303731938839,4
0.36938435126449864,0.21661955727465848,0.8623072814680637,4
0.3309438670305229,0.18521978296763797,0.9547515175024801,4
0.2779596341921267,0.1419400744491432,1.0343071039294687,4
0.21292827264674985,0.08881977390937314,1.0972253772431912,4
0.1389140636436273,0.028361912763165485,1.1405416250253948,4
0.059404560686724395,-0.03658473132472346,1.1622147833538117,4
-0.021853744173706724,-0.1029598689962062,1.1612236118438144,4
-0.10103195524778152,-0.1676359001988038,1.137614814550195,4
-0.1743991909765621,-0.22756528686811986,1.092500839269597,4
-0.23849838327152306,-0.27992415308513674,1.028007458940578,4
-0.2903091747485813,-0.3222453462612059,0.9471736051085611,4
-0.3273902381302757,-0.352534689500551,0.8538081733081713,4
-0.3479943117182188,-0.3693649473227154,0.75231054770105,4
-0.35115053045818106,-0.37194307707506663,0.6474633018578385,4
-0.3367101731535962,-0.36014759714518746,0.5442068436346307,4
-0.30535367021633275,-0.33453431118097815,0.4474066228894157,4
-0.25855854174913684,-0.2963101185929128,0.3616238712234173,2
-0.1985297767190239,-0.24727614538898668,0.29090067650303253,2
-0.12809593375871076,-0.1897428750204719,0.23856951946244476,4
-0.05057585933190323,-0.12642127827758315,0.20709624703242063,4
0.03037769649034834,-0.060295072200220685,0.19796388150047728,2
0.3523551836394526,0.202709430211528,0.38801135974428846,4
0.3978868650435867,0.23990158708465445,0.4749202941889039,2
0.427821478554833,0.26435341507152077,0.5724681309291122,4
0.4407485035765775,0.2749127427239343,0.6760584106578466,4
0.43605881799540913,0.27108201395570963,0.7808099538298466,4
0.4139734000478232,0.2530417329121767,0.8817868621040262,4
0.3755329158138474,0.2216419586051562,0.9742310981384429,4
0.3225486829754512,0.17836225008666148,1.0537866845654313,4
0.25751732143007433,0.1252419495468914,1.116704957879154,4
0.1835031124269518,0.06478408840068371,1.1600212056613577,4
0.10399360947004899,-0.00016255568720515649,1.1816943639897746,0
0.022735304609617715,-0.06653769335868802,1.180703192479777,4
-0.05644290646445693,-0.13121372456128552,1.1570943951861579,4
-0.12981014219323767,-0.19114311123060168,1.1119804199055596,4
-0.19390933448819853,-0.24350197744761842,1.047487039576541,4
-0.24572012596525689,-0.2858231706236877,0.9666531857445237,4
-0.28280118934695114,-0.31611251386303274,0.8732877539441343,4
-0.3034052629348944,-0.33294277168519715,0.771790128337013,4
-0.30656148167485664,-0.3355209014375484,0.6669428824938013,4
-0.29212112437027177,-0.32372542150766925,0.5636864242705935,4
-0.26076462143300844,-0.29811213554346017,0.46688620352537885,2
-0.2139694929658124,-0.25988794295539464,0.3811034518593801,2
-0.15394072793569946,-0.2108539697514685,0.3103802571389953,4
-0.08350688497538633,-0.15332069938295373,0.25804910009840754,4
-0.005986810548579136,-0.08999910264006525,0.22657582766838352,2
0.34016587343019866,0.1927526984700858,0.3224332887749087,3
0.39914916745368345,0.24093268779980143,0.3946081672645114,1
0.4446808488578176,0.278124844672928,0.481517101709127,1
0.4746154623690638,0.30257667265979415,0.5790649384493352,4
0.48754248739080835,0.3131360003122077,0.6826552181780697,3
0.48285280180963996,0.309305271543983,0.7874067613500696,3
0.46076738386205396,0.2912649905004501,0.8883836696242493,3
0.4223268996280782,0.25986521619342956,0.9808279056586658,4
0.369342666789682,0.21658550767493479,1.0603834920856545,2
0.3043113052443051,0.16346520713516474,1.1233017653993769,3
0.23029709624118266,0.10300734598895712,1.1666180131815804,4
0.15078759328427965,0.03806070190106813,1.1882911715099975,3
0.06952928842384856,-0.028314435770414606,1.1873,2
-0.009648922650226238,-0.09299046697301225,1.1636912027063808,2
-0.0830161583790068,-0.15291985364232827,1.1185772274257828,2
-0.1471153506739678,-0.20527871985934512,1.054083847096764,4
-0.19892614215102605,-0.2475999130354143,0.9732499932647467,4
-0.2360072055327203,-0.2778892562747593,0.8798845614643572,4
-0.25661127912066356,-0.2947195140969238,0.7783869358572357,4
-0.25976749786062575,-0.297297643849275,0.673539690014024,2
-0.24532714055604093,-0.28550216391939587,0.5702832317908166,4
-0.21397063761877755,-0.25988887795518667,0.47348301104560164,2
-0.16717550915158153,-0.2216646853671211,0.3877002593796029,2
-0.10714674412146852,-0.17263071216319498,0.3169770646592181,3
-0.03671290116115564,-0.11509744179468046,0.26464590761863055,2
0.3173042465843201,0.1740783779573012,0.2617965428714626,4
0.3869598572444295,0.2309759560583592,0.3158364812546855,2
0.4459431512679144,0.2791559453880749,0.3880113597442884,2
0.4914748326720485,0.31634810226120136,0.4749202941889038,2
0.5214094461832948,0.34079993024806765,0.5724681309291121,4
0.5343364712050394,0.35135925790048117,0.6760584106578464,4
0.5296467856238709,0.34752852913225657,0.7808099538298465,4
0.5075613676762849,0.3294882480887236,0.8817868621040261,4
0.4691208834423092,0.2980884737817031,0.9742310981384428,4
0.41613665060391297,0.2548087652632084,1.0537866845654313,4
0.35110528905853616,0.20168846472343832,1.116704957879154,4
0.27709108005541355,0.1412306035772306,1.1600212056613575,4
0.19758157709851076,0.07628395948934173,1.1816943639897743,4
0.11632327223807949,0.009908821817858876,1.180703192479777,0
0.03714506116400487,-0.054767209384738634,1.1570943951861579,4
-0.03622217456477589,-0.1146965960540548,1.1119804199055596,4
-0.10032136685973675,-0.16705546227107154,1.047487039576541,4
-0.152132158336795,-0.20937665544714068,0.966653185744524,4
-0.18921322171848937,-0.2396659986864858,0.8732877539441343,4
-0.20981729530643262,-0.2564962565086503,0.7717901283370128,4
-0.21297351404639486,-0.25907438626100154,0.6669428824938014,4
-0.19853315674181,-0.24727890633112237,0.5636864242705937,4
-0.1671766538045466,-0.22166562036691317,0.46688620352537863,2
-0.12038152533735058,-0.18344142777884764,0.3811034518593799,4
-0.060352760307237796,-0.1344074545749217,0.3103802571389953,2
0.28484754418682706,0.14756640365884405,0.20895832875807696,4
0.3618932953676444,0.21050055359481928,0.24231696223549987,4
0.431548906027754,0.2673981316958774,0.29635690061872294,2
0.4905322000512387,0.315578121025593,0.3685317791083257,2
0.5360638814553729,0.35277027789871956,0.45544071355294125,4
0.565998494966619,0.37722210588558575,0.5529885502931493,4
0.5789255199883636,0.38778143353799926,0.6565788300218839,4
0.5742358344071952,0.3839507047697746,0.7613303731938839,4
0.5521504164596092,0.3659104237262417,0.8623072814680635,4
0.5137099322256334,0.33451064941922115,0.9547515175024801,4
0.4607256993872373,0.2912309409007265,1.0343071039294687,4
0.39569433784186037,0.23811064036095633,1.0972253772431912,4
0.3216801288387379,0.17765277921474873,1.1405416250253948,4
0.2421706258818349,0.11270613512685972,1.1622147833538117,4
0.16091232102140385,0.046330997455376985,1.1612236118438144,4
0.08173410994732905,-0.01834503374722065,1.137614814550195,4
0.008366874218548481,-0.07827442041653669,1.092500839269597,4
-0.055732318076412435,-0.13063328663355342,1.0280074589405783,4
-0.1075431095534708,-0.1729544798096227,0.9471736051085611,4
-0.14462417293516516,-0.20324382304896782,0.8538081733081713,4
-0.1652282465231083,-0.22007408087113217,0.7523105477010502,4
-0.16838446526307055,-0.22265221062348345,0.6474633018578385,4
-0.15394410795848568,-0.21085673069360428,0.5442068436346307,2
-0.12258760502122223,-0.18524344472939497,0.4474066228894157,2
-0.07579247655402632,-0.1470192521413296,0.3616238712234173,2
0.24432512779812954,0.11446602122777157,0.16640838592202534,4
0.3251306195654346,0.18047128247311772,0.1775138538923037,4
0.4021763707462522,0.24340543240909313,0.21087248736972666,2
0.47183198140636157,0.3003030105101512,0.2649124257529496,2
0.5308152754298465,0.34848299983986686,0.3370873042425525,2
0.5763469568339805,0.3856751567129933,0.4239962386871679,4
0.6062815703452267,0.4101269846998596,0.521544075427376,4
0.6192085953669713,0.4206863123522731,0.6251343551561106,4
0.614518909785803,0.4168555835840485,0.7298858983281106,4
0.592433491838217,0.39881530254051556,0.8308628066022903,4
0.5539930076042412,0.3674155282334951,0.9233070426367068,4
0.5010087747658449,0.32413581971500033,1.0028626290636953,4
0.4359774132204682,0.27101551917523026,1.0657809023774178,4
0.3619632042173456,0.21055765802902257,1.1090971501596216,4
0.2824537012604428,0.14561101394113368,1.1307703084880385,4
0.20119539640001155,0.07923587626965083,1.129779136978041,4
0.12201718532593693,0.014559845067053316,1.106170339684422,0
0.048649949597156336,-0.04536954160226276,1.0610563644038238,4
-0.015449242697804705,-0.09772840781927959,0.9965629840748051,4
-0.06726003417486306,-0.14004960099534886,0.9157291302427878,4
-0.10434109755655732,-0.1703389442346938,0.8223636984423985,4
-0.12494517114450057,-0.18716920205685833,0.720866072835277,4
-0.12810138988446282,-0.1897473318092096,0.6160188269920652,4
-0.11366103257987795,-0.17795185187933044,0.5127623687688575,2
-0.08230452964261462,-0.1523385659151213,0.41596214802364284,2
0.19764641585516052,0.07633692246225222,0.1361516699553501,4
0.2784040890963398,0.142303123561558,0.12448068217118458,4
0.35920958086364496,0.20830838480690428,0.13558615014146302,4
0.4362553320444624,0.2712425347428795,0.16894478361888587,2
0.5059109427045718,0.3281401128439376,0.22298472200210898,2
0.5648942367280567,0.3763201021736533,0.29515960049171175,2
0.6104259181321908,0.4135122590467798,0.3820685349363273,4
0.6403605316434371,0.437964087033646,0.47961637167653537,4
0.6532875566651816,0.4485234146860595,0.58320665140527,4
0.6485978710840132,0.44469268591783484,0.6879581945772699,4
0.6265124531364273,0.426652404874302,0.7889351028514495,4
0.5880719689024514,0.39525263056728144,0.8813793388858662,4
0.5350877360640552,0.3519729220487867,0.9609349253128546,4
0.4700563745186783,0.2988526215090166,1.0238531986265773,4
0.3960421655155559,0.238394760362809,1.0671694464087809,4
0.31653266255865287,0.17344811627492,1.0888426047371977,4
0.2352743576982218,0.10707297860343724,1.0878514332272005,4
0.15609614662414717,0.042396947400839734,1.064242635933581,4
0.08272891089536642,-0.017532439268476425,1.019128660652983,4
0.018629718600405423,-0.06989130548549329,0.9546352803239643,4
-0.03318107287665273,-0.11221249866156234,0.8738014264919473,4
-0.0702621362583471,-0.14250184190090745,0.7804359946915576,4
-0.09086620984629035,-0.15933209972307197,0.678938369084436,4
-0.09402242858625254,-0.16191022947542313,0.5740911232412244,2
-0.07958207128166772,-0.15011474954554402,0.47083466501801696,2
0.14701091177206038,0.03497575254425516,0.11961387893966718,4
0.22391546058602024,0.09779456255828882,0.0857163729723649,4
0.3046731338271997,0.16376076365759473,0.07404538518819931,4
0.3854786255945047,0.2297660249029409,0.08515085315847776,4
0.46252437677532227,0.29270017483891625,0.11850948663590077,2
0.5321799874354316,0.34959775293997425,0.17254942501912374,2
0.5911632814589164,0.39777774226968987,0.24472430350872648,4
0.6366949628630506,0.4349698991428164,0.3316332379533421,4
0.6666295763742969,0.45942172712968266,0.42918107469355027,4
0.6795566013960413,0.4699810547820961,0.5327713544222847,4
0.6748669158148729,0.46615032601387146,0.6375228975942847,4
0.6527814978672869,0.4481100449703385,0.7384998058684644,4
0.6143410136333112,0.416710270663318,0.8309440419028808,4
0.5613567807949149,0.3734305621448232,0.9104996283298696,4
0.49632541924953805,0.32031026160505316,0.973417901643592,4
0.42231121024641544,0.25985240045884545,1.0167341494257958,4
0.3428017072895126,0.19490575637095658,1.0384073077542126,4
0.2615434024290815,0.12853061869947385,1.0374161362442151,4
0.18236519135500673,0.0638545874968762,1.013807338950596,4
0.10899795562622601,0.003925200827560058,0.9686933636699976,0
0.04489876333126526,-0.04843366538945657,0.9041999833409791,4
-0.006912028145793114,-0.09075485856552586,0.8233661295089618,4
-0.04399309152748748,-0.12104420180487098,0.7300006977085721,4
-0.06459716511543068,-0.13787445962703532,0.6285030721014506,2
-0.06775338385539287,-0.1404525893793866,0.5236558262582393,1
0.09480456322115548,-0.007668547977932019,0.11757427447597735,0
0.16423224113678664,0.04904284524860069,0.06304750262755199,4
0.2411367899507466,0.11186165526263446,0.029149996660249533,4
0.3218944631919259,0.17782785636194023,0.017479008876084,4
0.4026999549592311,0.24383311760728654,0.02858447684636245,2
0.47974570614004847,0.3067672675432618,0.0619431103237853,2
0.5494013168001579,0.3636648456443198,0.11598304870700826,2
0.6083846108236428,0.4118448349740355,0.18815792719661115,4
0.653916292227777,0.44903699184716206,0.27506686164122673,4
0.6838509057390232,0.47348881983402824,0.3726146983814348,4
0.6967779307607678,0.48404814748644176,0.47620497811016926,4
0.6920882451795993,0.4802174187182171,0.5809565212821693,4
0.6700028272320134,0.4621771376746842,0.681933429556349,4
0.6315623429980376,0.43077736336766365,0.7743776655907656,4
0.5785781101596414,0.387497654849169,0.853933252017754,4
0.5135467486142644,0.33437735430939886,0.9168515253314767,4
0.43953253961114197,0.2739194931631912,0.9601677731136803,4
0.3600230366542392,0.20897284907530234,0.9818409314420972,4
0.2787647317938079,0.1425977114038195,0.9808497599320998,4
0.1995865207197331,0.07792168020122184,0.9572409626384806,4
0.12621928499095267,0.017992293531905894,0.9121269873578824,0
0.062120092695991655,-0.03436657268511093,0.8476336070288638,4
0.010309301218933295,-0.07668776586118022,0.7667997531968465,4
-0.026771762162761087,-0.10697710910052534,0.6734343213964568,4
-0.047375835750704226,-0.12380736692268969,0.5719366957893357,1
0.04348733615047441,-0.04958657737302775,0.13012896283616904,4
0.1021667072550236,-0.0016548448291325646,0.05754222952507165,0
0.1715943851706549,0.05505654839740023,0.003015457676646127,4
0.24849893398461467,0.11787535841143384,-0.030882048290656217,4
0.32925660722579414,0.18384155951073977,-0.04255303607482186,4
0.41006209899309914,0.24984682075608594,-0.031447568104543466,2
0.48710785017391656,0.31278097069206123,0.0019110653728793836,2
0.5567634608340262,0.36967854879311934,0.0559510037561024,2
0.6157467548575111,0.417858538122835,0.1281258822457053,4
0.6612784362616452,0.4550506949959615,0.2150348166903207,4
0.6912130497728913,0.4795025229828278,0.3125826534305287,4
0.7041400747946359,0.4900618506352413,0.4161729331592634,4
0.6994503892134677,0.48623112186701667,0.5209244763312633,4
0.6773649712658817,0.4681908408234837,0.6219013846054431,4
0.6389244870319059,0.43679106651646327,0.7143456206398596,4
0.5859402541935096,0.39351135799796855,0.7939012070668483,4
0.5209088926481328,0.3403910574581985,0.8568194803805708,4
0.44689468364501034,0.2799331963119909,0.9001357281627744,4
0.3673851806881074,0.2149865522241019,0.9218088864911913,4
0.28612687582767615,0.14861141455261903,0.9208177149811939,4
0.20694866475360169,0.08393538335002164,0.8972089176875748,4
0.1335814290248209,0.02400599668070543,0.8520949424069766,0
0.06948223672985988,-0.028352869536311394,0.787601562077958,4
0.017671445252801524,-0.07067406271238068,0.7067677082459407,4
-0.019409618128892747,-0.10096340595172563,0.6134022764455513,1
-0.0045226989438624104,-0.08880315584427124,0.15668636643032358,4
0.04064339023114456,-0.05190962979517703,0.06945996242923363,4
0.09932276133569397,-0.00397789725128165,-0.0031267708818639717,0
0.16875043925132516,0.05273349597525106,-0.05765354273028939,4
0.24565498806528513,0.11555230598928481,-0.09155104869759179,4
0.32641266130646446,0.18151850708859063,-0.10322203648175732,4
0.40721815307376946,0.2475237683339368,-0.09211656851147887,2
0.48426390425458704,0.31045791826991215,-0.0587579350340558,2
0.5539195149146965,0.3673554963709703,-0.004717996650832779,4
0.6129028089381813,0.4155354857006858,0.06745688183876997,4
0.6584344903423154,0.4527276425738123,0.15436581628338547,4
0.6883691038535616,0.47717947056067855,0.2519136530235938,4
0.7012961288753061,0.487738798213092,0.35550393275232817,4
0.6966064432941378,0.48390806944486736,0.4602554759243283,4
0.6745210253465517,0.4658677884013344,0.5612323841985078,4
0.6360805411125758,0.43446801409431385,0.6536766202329245,4
0.5830963082741796,0.3911883055758191,0.7332322066599131,4
0.5180649467288028,0.33806800503604906,0.7961504799736354,4
0.4440507377256802,0.27761014388984134,0.8394667277558391,4
0.3645412347687772,0.21266349980195234,0.8611398860842561,4
0.28328292990834625,0.14628836213046975,0.8601487145742586,4
0.2041047188342715,0.0816123309278721,0.8365399172806394,4
0.13073748310549077,0.021682944258555957,0.791425942000041,0
0.06663829081052981,-0.030675921958460868,0.7269325616710223,4
0.014827499333471675,-0.07299711513452996,0.6460987078390052,1
-0.046963306629308754,-0.12347039610754464,0.1959950989745305,4
-0.017438727931906373,-0.09935350148245282,0.0982391371254216,4
0.027727361243100615,-0.06245997543335861,0.011012733124331653,4
0.08640673234764991,-0.01452824288946334,-0.06157400018676584,4
0.1558344102632812,0.04218315033706948,-0.11610077203519142,4
0.23273895907724107,0.10500196035110314,-0.14999827800249366,4
0.31349663231842034,0.1709681614504089,-0.1616692657866593,2
0.39430212408572557,0.23697342269575522,-0.15056379781638085,2
0.47134787526654304,0.29990757263173057,-0.11720516433895778,2
0.5410034859266524,0.35680515073278857,-0.06316522595573482,4
0.5999867799501373,0.4049851400625042,0.009009652533867929,4
0.6455184613542714,0.44217729693563074,0.09591858697848349,4
0.6754530748655176,0.4666291249224969,0.1934664237186916,4
0.6883800998872621,0.47718845257491044,0.29705670344742624,4
0.6836904143060938,0.4733577238066858,0.4018082466194261,4
0.6616049963585077,0.45531744276315284,0.5027851548936059,4
0.623164512124532,0.4239176684561323,0.5952293909280224,4
0.5701802792861358,0.38063795993763766,0.6747849773550109,4
0.5051489177407589,0.3275176593978675,0.7377032506687335,4
0.43113470873763626,0.26705979825165976,0.7810194984509371,4
0.3516252057807336,0.202113154163771,0.802692656779354,4
0.27036690092030236,0.13573801649228817,0.8017014852693565,4
0.19118868984622756,0.07106198528969052,0.7780926879757373,4
0.11782145411744684,0.011132598620374377,0.732978712695139,0
0.053722261822486087,-0.04122626759664225,0.6684853323661206,2
-0.08183468319199172,-0.15195477593946136,0.2462029308798035,4
-0.0693428147063545,-0.14175090210856653,0.14252367735605387,4
-0.03981823600895207,-0.11763400748347462,0.04476771550694458,4
0.0053478531660549194,-0.08074048143438041,-0.04245868849414541,4
0.06402722427060421,-0.032808748890485136,-0.11504542180524291,4
0.13345490218623537,0.023902644336047572,-0.16957219365366827,0
0.2103594510001952,0.08672145435008119,-0.2034696996209706,4
0.29111712424137465,0.15268765544938712,-0.21514068740513625,2
0.3719226160086799,0.2186929166947334,-0.2040352194348578,2
0.44896836718949723,0.2816270666307087,-0.17067658595743496,2
0.5186239778496067,0.3385246447317667,-0.116636647574212,4
0.5776072718730916,0.38670463406148237,-0.04446176908460914,4
0.6231389532772257,0.42389679093460886,0.042447165360006256,4
0.653073566788472,0.44834861892147515,0.13999500210021454,4
0.6660005918102164,0.45890794657388867,0.24358528182894895,4
0.6613109062290481,0.455077217805664,0.3483368250009491,4
0.6392254882814622,0.43703693676213107,0.44931373327512864,4
0.6007850040474864,0.4056371624551106,0.5417579693095451,4
0.5478007712090901,0.3623574539366159,0.6213135557365338,4
0.4827694096637132,0.3092371533968457,0.6842318290502565,4
0.40875520066059085,0.24877929225063822,0.7275480768324599,4
0.3292456977036879,0.18383264816274925,0.7492212351608769,4
0.24798739284325663,0.11745751049126636,0.7482300636508794,4
0.16880918176918186,0.05278147928866873,0.7246212663572602,4
0.09544194604040142,-0.007147907380647225,0.6795072910766622,0
-0.10749368749513119,-0.17291410983227778,0.3049440664098083,4
-0.11262314673531384,-0.17710406387860173,0.20022689320667836,4
-0.10013127824967663,-0.1669001900477069,0.09654763968292873,4
-0.07060669955227436,-0.14278329542261503,-0.0012083221661802201,4
-0.02544061037726722,-0.10588976937352079,-0.08843472616727055,4
0.03323876072728198,-0.0579580368296256,-0.16102145947836788,4
0.1026664386429131,-0.0012466436030929501,-0.21554823132679335,0
0.17957098745687305,0.061572166410940814,-0.2494457372940958,4
0.2603286606980525,0.12753836751024672,-0.26111672507826145,2
0.34113415246535755,0.1935436287555929,-0.2500112571079831,2
0.4181799036461749,0.2564777786915682,-0.21665262363056015,2
0.4878355143062845,0.3133753567926263,-0.16261268524733719,4
0.5468188083297694,0.3615553461223419,-0.0904378067577345,4
0.5923504897339036,0.39874750299546846,-0.003528872313118825,4
0.6222851032451497,0.42319933098233475,0.09401896442708918,4
0.6352121282668943,0.4337586586347483,0.19760924415582382,4
0.630522442685726,0.4299279298665237,0.3023607873278237,4
0.6084370247381401,0.4118876488229908,0.4033376956020033,4
0.5699965405041643,0.38048787451597027,0.49578193163642004,4
0.517012307665768,0.3372081659974755,0.5753375180634086,4
0.45198094612039136,0.2840878654577056,0.6382557913771311,4
0.37796673711726875,0.22363000431149782,0.6815720391593347,4
0.29845723416036574,0.15868336022360885,0.7032451974877517,4
0.2171989292999345,0.09230822255212597,0.7022540259777543,4
0.13802071822586004,0.027632191349528608,0.6786452286841352,2
-0.12273126587766697,-0.18536079284711543,0.3694506201030392,4
-0.14524035244873879,-0.20374714391092824,0.26862980604683573,4
-0.15036981168892144,-0.20793709795725213,0.16391263284370622,4
-0.13787794320328417,-0.1977332241263572,0.06023337931995615,4
-0.10835336450588179,-0.17361632950126538,-0.03752258252915275,4
-0.06318727533087481,-0.1367228034521712,-0.12474898653024269,4
-0.004507904226325493,-0.08879107090827593,-0.19733571984134013,4
0.06491977368930582,-0.0320796776817431,-0.2518624916897657,4
0.1418243225032658,0.030739132332290663,-0.28575999765706805,2
0.2225819957444451,0.09670533343159644,-0.2974309854412336,2
0.30338748751175015,0.16271059467694263,-0.28632551747095514,2
0.3804332386925677,0.225644744612918,-0.2529668839935322,2
0.45008884935267707,0.282542322713976,-0.1989269456103091,4
0.5090721433761619,0.3307223120436917,-0.1267520671207063,4
0.554603824780296,0.36791446891681817,-0.03984313267609085,4
0.5845384382915422,0.3923662969036844,0.057704704064117485,4
0.5974654633132868,0.40292562455609787,0.1612949837928519,4
0.5927757777321183,0.3990948957878732,0.26604652696485176,4
0.5706903597845323,0.38105461474434027,0.3670234352390315,4
0.5322498755505565,0.3496548404373197,0.45946767127344823,4
0.4792656427121604,0.3063751319188251,0.5390232577004366,4
0.41423428116678346,0.2532548313790549,0.6019415310141591,4
0.34022007216366085,0.1927969702328472,0.6452577787963627,4
0.26071056920675784,0.12785032614495817,0.6669309371247797,4
0.17945226434632694,0.06147518847347558,0.6659397656147822,2
-0.010252393518267983,-0.15069511592627308,0.6659397656147822,4
-0.07313964411838506,-0.23130139256133517,0.6423309683211631,4
-0.13141153074635176,-0.3059918865606406,0.5972169930405649,4
-0.1823222789741325,-0.3712471778348763,0.5327236127115462,4
-0.223472971610519,-0.4239924335539554,0.4518897588795289,4
-0.2529245858080388,-0.46174229443513665,0.3585243270791394,4
-0.26928935992368563,-0.4827179850059322,0.257026701472018,4
-0.2717961849220819,-0.4859311295999184,0.15217945562880641,4
-0.260326939074647,-0.47123032467122977,0.04892299740559869,4
-0.23542205386179255,-0.43930827293777275,-0.04787722333961619,4
-0.19825504881253608,-0.3916691431919489,-0.13365997500561477,4
-0.15057723520125682,-0.330557693786359,-0.20438316972599957,4
-0.09463519416637409,-0.2588534994996499,-0.25671432676658723,2
-0.03306491768642714,-0.17993526581826494,-0.2881875991966114,2
0.031232399503547115,-0.09752162415243334,-0.2973199647285548,2
0.09522706436377051,-0.015495909724370049,-0.2836811058079991,0
0.1559036448484994,0.06227682139599096,-0.24791368619990428,4
0.21040305722599761,0.13213191394062793,-0.1917030686374822,4
0.25615728625755385,0.19077779219651,-0.11769790043967676,4
0.2910103902134723,0.2354510592300049,-0.029385309107221147,4
0.3133200889631851,0.26404670829883053,0.06907341131251044,4
0.32203514830322066,0.27521731088282375,0.17303888062454437,4
0.3167449141693395,0.26843650758818777,0.2776122403303007,4
0.29769866267809963,0.24402381023040257,0.3778659881031942,4
0.2657938542228545,0.20312954642031686,0.46907616196294777,2
0.024306702547725545,-0.10639869604513463,0.7032451974877518,4
-0.04023266139822054,-0.18912258323107242,0.7022540259777544,4
-0.1031199119983377,-0.26972885986613465,0.6786452286841352,4
-0.16139179862630432,-0.34441935386544,0.6335312534035371,4
-0.21230254685408517,-0.4096746451396758,0.5690378730745184,4
-0.25345323949047155,-0.46241990085875473,0.4882040192425011,4
-0.2829048536879913,-0.500169761739936,0.3948385874421116,4
-0.29926962780363814,-0.5211454523107316,0.29334096183499014,4
-0.3017764528020344,-0.5243585969047178,0.1884937159917785,4
-0.2903072069545995,-0.5096577919760291,0.08523725776857083,4
-0.2654023217417451,-0.47773574024257215,-0.011562962976643942,4
-0.2282353166924886,-0.4300966104967482,-0.09734571464264274,4
-0.18055750308120938,-0.3689851610911584,-0.16806890936302732,4
-0.12461546204632648,-0.29728096680444915,-0.2204000664036151,2
-0.0630451855663797,-0.21836273312306428,-0.25187333883363927,2
0.0012521316235946933,-0.13594909145723252,-0.26100570436558257,2
0.06524679648381795,-0.05392337702916941,-0.24736684544502685,4
0.12592337696854683,0.023849354091191603,-0.21159942583693214,0
0.1804227893460452,0.09370444663582869,-0.15538880827450985,4
0.22617701837760137,0.1523503248917107,-0.0813836400767044,4
0.2610301223335198,0.19702359192520552,0.0069289512557511035,4
0.2833398210832325,0.22561924099403113,0.10538767167548269,4
0.2920548804232681,0.23678984357802435,0.20935314098751703,4
0.28676464628938697,0.23000904028338837,0.3139265006932729,4
0.2677183947981472,0.20559634292560336,0.414180248466166,2
0.06300336130695922,-0.05679891944441322,0.72754807683246,4
-0.0001470176888942465,-0.13774246317343905,0.7492212351608769,4
-0.06468638163484045,-0.220466350359377,0.7482300636508795,4
-0.12757363223495752,-0.30107262699443904,0.7246212663572604,4
-0.18584551886292422,-0.37576312099374454,0.6795072910766622,4
-0.23675626709070496,-0.4410184122679803,0.6150139107476436,4
-0.2779069597270914,-0.4937636679870593,0.5341800569156264,4
-0.30735857392461124,-0.5315135288682405,0.4408146251152368,4
-0.3237233480402581,-0.5524892194390362,0.33931699950811534,4
-0.32623017303865437,-0.5557023640330224,0.23446975366490375,4
-0.31476092719121945,-0.5410015591043337,0.13121329544169613,4
-0.289856041978365,-0.5090795073708767,0.03441307469648114,4
-0.25268903692910855,-0.46144037762505286,-0.05136967696951744,4
-0.20501122331782928,-0.400328928219463,-0.12209287168990224,4
-0.14906918228294652,-0.3286247339327539,-0.1744240287304899,2
-0.0874989058029996,-0.2497065002513689,-0.20589730116051408,2
-0.023201588613025376,-0.1672928585855373,-0.2150296666924575,2
0.040793076247197885,-0.08526714415747416,-0.20139080777190177,4
0.1014696567319269,-0.007494413037112982,-0.16562338816380695,0
0.15596906910942526,0.06236067950752411,-0.10941277060138477,4
0.2017232981409813,0.12100655776340594,-0.03540760240357954,4
0.23657640209689987,0.16567982479690094,0.052904988928876184,4
0.25888610084661257,0.19427547386572655,0.15136370934860782,4
0.26760116018664815,0.20544607644971977,0.2553291786606422,4
0.26231092605276707,0.19866527315508378,0.359902538366398,2
0.10401419412007273,-0.0042329302618306615,0.7377032506687335,0
0.04522844932477457,-0.07958206640547925,0.7810194984509371,4
-0.01792192967107903,-0.16052561013450525,0.802692656779354,4
-0.08246129361702512,-0.24324949732044304,0.8017014852693565,4
-0.14534854421714222,-0.32385577395550524,0.7780926879757373,4
-0.2036204308451089,-0.3985462679548106,0.7329787126951393,4
-0.2545311790728897,-0.46380155922904637,0.6684853323661205,4
-0.2956818717092761,-0.5165468149481254,0.5876514785341033,4
-0.32513348590679586,-0.5542966758293066,0.4942860467337137,4
-0.3414982600224427,-0.5752723664001022,0.39278842112659224,4
-0.344005085020839,-0.5784855109940884,0.2879411752833807,4
-0.33253583917340407,-0.5637847060653998,0.18468471706017292,4
-0.3076309539605497,-0.5318626543319428,0.08788449631495815,4
-0.27046394891129316,-0.48422352458611884,0.0021017446489594027,4
-0.22278613530001395,-0.423112075180529,-0.06862145007142523,4
-0.16684409426513103,-0.35140788089381975,-0.12095260711201306,2
-0.10527381778518427,-0.27248964721243485,-0.15242587954203712,2
-0.04097650059521002,-0.19007600554660334,-0.16155824507398053,2
0.02301816426501338,-0.10805029111854003,-0.14791938615342481,4
0.08369474474974237,-0.03027755999817885,-0.11215196654532988,4
0.1381941571272405,0.03957753254645793,-0.05594134898290787,4
0.18394838615879675,0.09822341080234001,0.018063819214897636,4
0.21880149011471522,0.1428966778358349,0.1063764105473532,4
0.241111188864428,0.17149232690466068,0.20483513096708522,4
0.24982624820446359,0.18266292948865373,0.3088006002791187,2
0.1454067683419796,0.04882235926870179,0.7332322066599128,4
0.09375564519971902,-0.01738191394703589,0.7961504799736354,0
0.034969900404420745,-0.0927310500906846,0.839466727755839,4
-0.028180478591432717,-0.17367459381971043,0.8611398860842558,4
-0.09271984253737894,-0.2563984810056484,0.8601487145742586,4
-0.15560709313749593,-0.3370047576407105,0.8365399172806394,4
-0.2138789797654626,-0.41169525164001586,0.7914259420000411,4
-0.26478972799324346,-0.47695054291425165,0.7269325616710225,4
-0.30594042062962984,-0.5296957986333307,0.6460987078390054,4
-0.3353920348271497,-0.567445659514512,0.5527332760386157,4
-0.35175680894279654,-0.5884213500853076,0.45123565043149444,4
-0.3542636339411928,-0.5916344946792937,0.3463884045882827,4
-0.3427943880937579,-0.5769336897506051,0.2431319463650751,4
-0.3178895028809035,-0.545011638017148,0.14633172561986013,4
-0.28072249783164704,-0.4973725082713242,0.06054897395386155,4
-0.23304468422036778,-0.43626105886573435,-0.010174220766523245,2
-0.17710264318548502,-0.36455686457902525,-0.06250537780711096,2
-0.11553236670553824,-0.2856386308976404,-0.09397865023713503,2
-0.051235049515563846,-0.20322498923180868,-0.10311101576907855,4
0.012759615344659553,-0.12119927480374537,-0.08947215684852283,4
0.07343619582938832,-0.04342654368338447,-0.05370473724042807,4
0.12793560820688668,0.026428548861252597,0.002505880321994114,0
0.17368983723844292,0.08507442711713467,0.07651104851979962,4
0.2085429411943614,0.12974769415062956,0.16482363985225518,4
0.23085263994407412,0.15834334321945517,0.26328236027198676,2
0.18523066365190463,0.09986698105459355,0.7143456206398598,4
0.14314796585963058,0.04592711967691318,0.7939012070668483,4
0.09149684271736988,-0.020277153538824613,0.856819480380571,4
0.03271109792207172,-0.0956262896824732,0.9001357281627745,4
-0.030439281073781882,-0.1765698334114992,0.9218088864911915,4
-0.09497864501972794,-0.259293720597437,0.920817714981194,4
-0.15786589561984504,-0.3398999972324992,0.8972089176875748,4
-0.21613778224781172,-0.4145904912318045,0.8520949424069767,4
-0.26704853047559257,-0.4798457825060403,0.787601562077958,4
-0.30819922311197895,-0.5325910382251193,0.7067677082459407,4
-0.33765083730949874,-0.5703408991063006,0.6134022764455512,4
-0.35401561142514554,-0.5913165896770961,0.5119046508384297,4
-0.35652243642354187,-0.5945297342710824,0.40705740499521825,4
-0.34505319057610695,-0.5798289293423937,0.3038009467720104,4
-0.3201483053632525,-0.5479068776089367,0.20700072602679565,4
-0.282981300313996,-0.5002677478631128,0.1212179743607969,4
-0.23530348670271678,-0.43915629845752296,0.05049477964041227,2
-0.17936144566783402,-0.36745210417081386,-0.0018363774001754485,2
-0.1177911691878871,-0.2885338704894288,-0.03330964983019963,2
-0.053493851997912734,-0.20612022882359712,-0.042442015362142926,4
0.010500812862310388,-0.12409451439553415,-0.028803156441587263,4
0.0711773933470394,-0.04632178327517297,0.0069642631665075005,4
0.12567680572453777,0.023533309269464123,0.06317488072892974,0
0.17143103475609395,0.08217918752534611,0.13718004892673524,4
0.20628413871201237,0.12685245455884095,0.2254926402591907,2
0.22160937596366886,0.14649570977538695,0.6819334295563491,4
0.19107804250186228,0.10736190940130713,0.7743776655907656,4
0.14899534470958814,0.05342204802362671,0.8539332520177543,4
0.09734422156732761,-0.012782225192110943,0.9168515253314767,0
0.03855847677202931,-0.0881313613357597,0.9601677731136803,4
-0.024591902223824152,-0.16907490506478554,0.9818409314420973,4
-0.08913126616977032,-0.2517987922507234,0.9808497599320998,4
-0.15201851676988737,-0.3324050688857856,0.9572409626384807,4
-0.21029040339785404,-0.40709556288509097,0.9121269873578824,4
-0.2612011516256349,-0.47235085415932676,0.8476336070288638,4
-0.3023518442620213,-0.5250961098784057,0.7667997531968467,4
-0.3318034584595411,-0.562845970759587,0.673434321396457,4
-0.348168232575188,-0.5838216613303826,0.5719366957893356,4
-0.35067505757358425,-0.5870348059243687,0.4670894499461239,4
-0.33920581172614933,-0.5723340009956801,0.3638329917229163,4
-0.31430092651329483,-0.540411949262223,0.2670327709777013,4
-0.2771339214640384,-0.4927728195163993,0.18125001931170284,4
-0.2294561078527591,-0.4316613701108094,0.11052682459131802,2
-0.17351406681787623,-0.35995717582410014,0.058195667550730246,2
-0.11194379033792937,-0.2810389421427151,0.026722395120706177,2
-0.047646473147955226,-0.1986253004768837,0.017590029588762768,4
0.016348191712268173,-0.1165995860488204,0.031228888509318486,4
0.07702477219699716,-0.03882685492845922,0.06699630811741342,4
0.13152418457449555,0.03102823761617785,0.12320692567983571,4
0.17727841360605154,0.08967411587205965,0.1972120938776409,2
0.25282873839902764,0.18651139722905513,0.6375228975942847,2
0.23528740734042622,0.16402764463430897,0.7384998058684642,4
0.20475607387861958,0.12489384426022915,0.8309440419028808,4
0.16267337608634552,0.07095398288254878,0.9104996283298694,4
0.11102225294408483,0.004749709666810989,0.973417901643592,0
0.052236508148786664,-0.0705994264768376,1.0167341494257955,4
-0.010913870847066853,-0.15154297020586352,1.0384073077542126,4
-0.075453234793013,-0.2342668573918014,1.0374161362442151,4
-0.1383404853931301,-0.31487313402686357,1.013807338950596,4
-0.19661237202109677,-0.38956362802616895,0.9686933636699977,4
-0.24752312024887752,-0.45481891930040463,0.9041999833409791,4
-0.288673812885264,-0.5075641750194837,0.8233661295089618,4
-0.3181254270827838,-0.545314035900665,0.7300006977085723,4
-0.3344902011984306,-0.5662897264714606,0.6285030721014508,4
-0.3369970261968269,-0.5695028710654467,0.5236558262582393,4
-0.325527780349392,-0.5548020661367581,0.4203993680350315,4
-0.30062289513653756,-0.5228800144033011,0.3235991472898167,4
-0.26345589008728115,-0.47524088465747727,0.23781639562381812,4
-0.21577807647600183,-0.4141294352518874,0.16709320090343333,2
-0.15983603544111896,-0.3424252409651781,0.11476204386284555,2
-0.09826575896117232,-0.2635070072837934,0.08328877143282154,4
-0.03396844177119793,-0.1810933656179617,0.07415640590087808,4
0.030026223089025472,-0.09906765118989838,0.0877952648214338,4
0.09070280357375446,-0.0212949200695372,0.12356268442952872,4
0.1452022159512526,0.04856017247509958,0.17977330199195068,2
0.27741769292305113,0.2180285020733033,0.58320665140527,2
0.2736929127293842,0.21325423288788983,0.6879581945772699,4
0.2561515816707827,0.19077048029314367,0.7889351028514496,4
0.22562024820897614,0.15163667991906385,0.8813793388858662,4
0.183537550416702,0.09769681854138343,0.9609349253128548,4
0.13188642727444147,0.03149254532564577,1.0238531986265773,4
0.07310068247914323,-0.0438565908180029,1.0671694464087809,4
0.009950303483289707,-0.12480013454702882,1.0888426047371977,4
-0.054589060462656464,-0.2075240217329667,1.0878514332272005,4
-0.11747631106277356,-0.28813029836802884,1.0642426359335813,4
-0.17574819769074013,-0.36282079236733417,1.019128660652983,4
-0.22665894591852104,-0.42807608364157,0.9546352803239644,4
-0.2678096385549074,-0.48082133936064897,0.8738014264919473,4
-0.29726125275242726,-0.5185712002418302,0.7804359946915576,4
-0.3136260268680741,-0.5395468908126259,0.6789383690844362,4
-0.3161328518664704,-0.5427600354066121,0.5740911232412245,4
-0.30466360601903547,-0.5280592304779234,0.47083466501801685,4
-0.2797587208061811,-0.4961371787444665,0.3740344442728021,4
-0.24259171575692456,-0.44849804899864254,0.2882516926068034,2
-0.19491390214564525,-0.38738659959305266,0.21752849788641862,2
-0.13897186111076265,-0.3156824053063437,0.16519734084583093,2
-0.07740158463081576,-0.23676417162495875,0.13372406841580686,4
-0.013104267440841366,-0.154350529959127,0.12459170288386334,4
0.05089039741938203,-0.07232481553106368,0.13823056180441906,4
0.1115669779041108,0.005447915589297222,0.17399798141251377,0
0.2942176066777501,0.23956193663490158,0.5215440754273762,2
0.30448488919182315,0.2527221146792915,0.6251343551561106,4
0.3007601089981562,0.24794784549387802,0.7298858983281107,4
0.28321877793955486,0.22546409289913186,0.8308628066022903,4
0.25268744447774816,0.18633029252505204,0.9233070426367069,4
0.21060474668547413,0.13239043114737167,1.0028626290636955,4
0.15895362354321352,0.06618615793163396,1.065780902377418,4
0.10016787874791527,-0.00916297821201471,1.1090971501596216,0
0.03701749975206173,-0.09010652194104063,1.1307703084880387,4
-0.027521864193884416,-0.1728304091269785,1.129779136978041,4
-0.09040911479400146,-0.2534366857620406,1.106170339684422,4
-0.14868100142196816,-0.32812717976134603,1.0610563644038238,4
-0.1995917496497489,-0.39338247103558177,0.9965629840748051,4
-0.24074244228613545,-0.44612772675466084,0.9157291302427879,4
-0.2701940564836552,-0.4838775876358421,0.8223636984423983,4
-0.286558830599302,-0.5048532782066376,0.7208660728352769,4
-0.2890656555976983,-0.5080664228006239,0.6160188269920653,4
-0.2775964097502634,-0.4933656178719352,0.5127623687688577,4
-0.25269152453740895,-0.4614435661384782,0.41596214802364273,4
-0.21552451948815243,-0.4138044363926543,0.33017939635764404,2
-0.16784670587687334,-0.3526929869870646,0.25945620163725946,2
-0.11190466484199049,-0.28098879270035537,0.20712504459667166,4
-0.05033438836204357,-0.20207055901897036,0.1756517721666475,4
0.013962928827930807,-0.11965691735313863,0.16651940663470421,4
0.07795759368815394,-0.03763120292507566,0.18015826555525985,2
0.30243686682458104,0.2500970443206201,0.45544071355294125,2
0.3262124171428148,0.2805715612984512,0.5529885502931493,2
0.33647969965688784,0.29373173934284114,0.656578830021884,4
0.3327549194632209,0.2889574701574277,0.7613303731938839,4
0.31521358840461944,0.26647371756268146,0.8623072814680637,4
0.28468225494281285,0.22733991718860164,0.9547515175024801,4
0.24259955715053874,0.17340005581092122,1.0343071039294687,4
0.19094843400827813,0.10719578259518348,1.0972253772431912,4
0.1321626892129799,0.0318466464515348,1.1405416250253948,4
0.06901231021712638,-0.04909689727749112,1.1622147833538117,4
0.004472946271180292,-0.1318207844634289,1.1612236118438144,4
-0.05841430432893688,-0.21242706109849116,1.137614814550195,4
-0.1166861909569035,-0.28711755509779646,1.092500839269597,4
-0.16759693918468432,-0.35237284637203226,1.028007458940578,4
-0.20874763182107076,-0.4051181020911112,0.9471736051085611,4
-0.23819924601859055,-0.4428679629722926,0.8538081733081713,4
-0.2545640201342373,-0.4638436535430881,0.75231054770105,4
-0.2570708451326336,-0.46705679813707424,0.6474633018578385,4
-0.2456015992851987,-0.4523559932083856,0.5442068436346307,4
-0.22069671407234415,-0.4204339414749285,0.4474066228894157,4
-0.1835297090230878,-0.3727948117291048,0.3616238712234173,2
-0.13585189541180853,-0.3116833623235149,0.29090067650303253,2
-0.07990985437692569,-0.23997916803680563,0.23856951946244476,4
-0.018339577896978737,-0.1610609343554206,0.20709624703242063,4
0.04595773929299539,-0.0786472926895892,0.19796388150047728,2
0.3016881813839205,0.24913741029040515,0.38801135974428846,4
0.3378516942981953,0.29549030532471676,0.4749202941889039,2
0.36162724461642903,0.32596482230254786,0.5724681309291122,4
0.37189452713050214,0.3391250003469378,0.6760584106578466,4
0.36816974693683513,0.33435073116152436,0.7808099538298466,4
0.3506284158782338,0.31186697856677814,0.8817868621040262,4
0.32009708241642715,0.2727331781926984,0.9742310981384429,4
0.27801438462415307,0.21879331681501796,1.0537866845654313,4
0.22636326148189248,0.15258904359928024,1.116704957879154,4
0.16757751668659424,0.07723990745563157,1.1600212056613577,4
0.10442713769074077,-0.0037036362733942592,1.1816943639897746,0
0.03988777374479456,-0.08642752345933222,1.180703192479777,4
-0.022999476855322498,-0.1670338000943943,1.1570943951861579,4
-0.08127136348328923,-0.24172429409369978,1.1119804199055596,4
-0.13218211171106997,-0.30697958536793546,1.047487039576541,4
-0.17333280434745646,-0.3597248410870145,0.9666531857445237,4
-0.20278441854497625,-0.3974747019681958,0.8732877539441343,4
-0.2191491926606231,-0.4184503925389914,0.771790128337013,4
-0.22165601765901938,-0.42166353713297755,0.6669428824938013,4
-0.21018677181158446,-0.4069627322042889,0.5636864242705935,4
-0.18528188659873007,-0.37504068047083194,0.46688620352537885,2
-0.14811488154947355,-0.3274015507250081,0.3811034518593801,2
-0.10043706793819429,-0.2662901013194182,0.3103802571389953,4
-0.04449502690331139,-0.19458590703270895,0.25804910009840754,4
0.017075249576635254,-0.11566767335132426,0.22657582766838352,2
0.29200682845394876,0.23672825255130817,0.3224332887749087,2
0.33885427729318895,0.2967753747381968,0.3946081672645114,0
0.3750177902074638,0.34312826977250843,0.481517101709127,1
0.3987933405256975,0.37360278675033953,0.5790649384493352,3
0.4090606230397706,0.38676296479472944,0.6826552181780697,3
0.40533584284610363,0.381988695609316,0.7874067613500696,2
0.3877945117875022,0.3595049430145698,0.8883836696242493,3
0.35726317832569554,0.32037114264049,0.9808279056586658,4
0.3151804805334214,0.26643128126280957,1.0603834920856545,3
0.2635293573911608,0.2002270080470718,1.1233017653993769,3
0.20474361259586266,0.12487787190342321,1.1666180131815804,4
0.14159323360000908,0.04393432817439721,1.1882911715099975,3
0.077053869654063,-0.03878955901154058,1.1873,2
0.014166619053945811,-0.11939583564660283,1.1636912027063808,2
-0.04410526757402081,-0.19408632964590813,1.1185772274257828,2
-0.09501601580180166,-0.25934162092014396,1.054083847096764,4
-0.13616670843818807,-0.3120868766392229,0.9732499932647467,4
-0.1656183226357078,-0.3498367375204042,0.8798845614643572,4
-0.1819830967513546,-0.37081242809119974,0.7783869358572357,4
-0.18448992174975093,-0.37402557268518594,0.673539690014024,2
-0.173020675902316,-0.3593247677564973,0.5702832317908166,4
-0.14811579068946157,-0.3274027160230403,0.47348301104560164,2
-0.11094878564020508,-0.27976358627721637,0.3877002593796029,1
-0.06327097202892576,-0.21865213687162643,0.3169770646592181,3
-0.007328930994043109,-0.14694794258491747,0.26464590761863055,2
0.27384899390476836,0.21345429128256413,0.2617965428714626,4
0.3291729243632171,0.2843662169990998,0.3158364812546855,2
0.37602037320245746,0.34441333918598854,0.3880113597442884,2
0.41218388611673223,0.3907662342203001,0.4749202941889038,2
0.435959436434966,0.42124075119813126,0.5724681309291121,4
0.4462267189490391,0.43440092924252116,0.6760584106578464,4
0.44250193875537214,0.4296266600571077,0.7808099538298465,4
0.42496060769677074,0.40714290746236154,0.8817868621040261,4
0.3944292742349641,0.3680091070882817,0.9742310981384428,4
0.35234657644268996,0.31406924571060135,1.0537866845654313,4
0.3006954533004294,0.24786497249486364,1.116704957879154,4
0.24190970850513113,0.17251583635121495,1.1600212056613575,4
0.17875932950927767,0.0915722926221891,1.1816943639897743,4
0.11421996556333147,0.008848405436251153,1.180703192479777,0
0.05133271496321441,-0.07175787119881094,1.1570943951861579,4
-0.0069391716647523305,-0.1464483651981164,1.1119804199055596,4
-0.057849919892533075,-0.21170365647235215,1.047487039576541,4
-0.09900061252891948,-0.2644489121914311,0.966653185744524,4
-0.12845222672643936,-0.30219877307261245,0.8732877539441343,4
-0.1448170008420861,-0.323174463643408,0.7717901283370128,4
-0.14732382584048243,-0.3263876082373942,0.6669428824938014,4
-0.13585457999304756,-0.3116868033087056,0.5636864242705937,4
-0.11094969478019312,-0.27976475157524855,0.46688620352537863,2
-0.0737826897309366,-0.23212562182942467,0.3811034518593799,4
-0.026104876119657505,-0.17101417242383496,0.3103802571389953,2
0.24807027587570077,0.18041219678933765,0.20895832875807696,4
0.3092638213783825,0.2588475522866608,0.24231696223549987,4
0.36458775183683145,0.3297594780031965,0.29635690061872294,2
0.41143520067607164,0.3898066001900852,0.3685317791083257,2
0.4475987135903465,0.4361594952243968,0.45544071355294125,4
0.47137426390858017,0.4666340122022279,0.5529885502931493,4
0.4816415464226533,0.47979419024661774,0.6565788300218839,4
0.4779167662289863,0.4750199210612043,0.7613303731938839,4
0.4603754351703849,0.45253616846645817,0.8623072814680635,4
0.4298441017085783,0.4134023680923783,0.9547515175024801,4
0.38776140391630426,0.3594625067146979,1.0343071039294687,4
0.3361102807740435,0.2932582334989602,1.0972253772431912,4
0.27732453597874535,0.21790909735531153,1.1405416250253948,4
0.21417415698289174,0.13696555362628554,1.1622147833538117,4
0.14963479303694568,0.054241666440347745,1.1612236118438144,4
0.0867475424368285,-0.0263646101947145,1.137614814550195,4
0.028475655808861883,-0.1010551041940198,1.092500839269597,4
-0.02243509241891886,-0.16631039546825555,1.0280074589405783,4
-0.06358578505530538,-0.2190556511873346,0.9471736051085611,4
-0.0930373992528252,-0.2568055120685159,0.8538081733081713,4
-0.109402173368472,-0.2777812026393114,0.7523105477010502,4
-0.11190899836686827,-0.28099434723329764,0.6474633018578385,4
-0.10043975251943335,-0.266293542304609,0.5442068436346307,2
-0.0755348673065788,-0.23437149057115186,0.4474066228894157,2
-0.03836786225732247,-0.18673236082532813,0.3616238712234173,2
0.21588536894500207,0.13915891433903446,0.16640838592202534,4
0.28006508634076543,0.22142182145288716,0.1775138538923037,4
0.3412586318434473,0.2998571769502104,0.21087248736972666,2
0.3965825623018961,0.3707691026667461,0.2649124257529496,2
0.4434300111411364,0.4308162248536348,0.3370873042425525,2
0.47959352405541117,0.4771691198879464,0.4239962386871679,4
0.5033690743736449,0.5076436368657775,0.521544075427376,4
0.513636356887718,0.5208038149101675,0.6251343551561106,4
0.5099115766940511,0.516029545724754,0.7298858983281106,4
0.4923702456354497,0.4935457931300078,0.8308628066022903,4
0.4618389121736431,0.45441199275592803,0.9233070426367068,4
0.41975621438136895,0.40047213137824766,1.0028626290636953,4
0.3681050912391084,0.3342678581625099,1.0657809023774178,4
0.3093193464438101,0.25891872201886124,1.1090971501596216,4
0.24616896744795663,0.1779751782898354,1.1307703084880385,4
0.18162960350201043,0.09525129110389743,1.129779136978041,4
0.11874235290189336,0.014645014468835347,1.106170339684422,0
0.06047046627392678,-0.060045479530469986,1.0610563644038238,4
0.009559718046145887,-0.12530077080470586,0.9965629840748051,4
-0.03159097459024063,-0.17804602652378493,0.9157291302427878,4
-0.06104258878776028,-0.21579588740496614,0.8223636984423985,4
-0.07740736290340725,-0.23677157797576176,0.720866072835277,4
-0.07991418790180352,-0.23998472256974795,0.6160188269920652,4
-0.0684449420543686,-0.22528391764105932,0.5127623687688575,2
-0.04354005684151421,-0.19336186590760235,0.41596214802364284,2
0.17881082765608752,0.09163830081666945,0.1361516699553501,4
0.2429525652137741,0.17385252694502262,0.12448068217118458,4
0.3071322826095375,0.2561154340588755,0.13558615014146302,4
0.36832582811221926,0.3345507895561986,0.16894478361888587,2
0.4236497585706682,0.40546271527273436,0.22298472200210898,2
0.4704972074099084,0.465509837459623,0.29515960049171175,2
0.5066607203241833,0.5118627324939345,0.3820685349363273,4
0.5304362706424169,0.5423372494717656,0.47961637167653537,4
0.5407035531564901,0.5554974275161556,0.58320665140527,4
0.536978772962823,0.5507231583307421,0.6879581945772699,4
0.5194374419042217,0.5282394057359959,0.7889351028514495,4
0.48890610844241505,0.48910560536191616,0.8813793388858662,4
0.44682341065014103,0.4351657439842358,0.9609349253128546,4
0.3951722875078803,0.368961470768498,1.0238531986265773,4
0.3363865427125821,0.2936123346248494,1.0671694464087809,4
0.27323616371672854,0.21266879089582338,1.0888426047371977,4
0.20869679977078243,0.1299449037098856,1.0878514332272005,4
0.14580954917066538,0.049338627074823505,1.064242635933581,4
0.08753766254269865,-0.02535186692448196,1.019128660652983,4
0.0366269143149178,-0.09060715819871781,0.9546352803239643,4
-0.004523778321468497,-0.14335241391779666,0.8738014264919473,4
-0.03397539251898837,-0.18110227479897803,0.7804359946915576,4
-0.05034016663463517,-0.2020779653697736,0.678938369084436,4
-0.0528469916330315,-0.2052911099637598,0.5740911232412244,2
-0.04137774578559658,-0.19059030503507116,0.47083466501801696,2
0.13859360638598212,0.04008953008402777,0.11961387893966718,4
0.19967500198644406,0.11838113647550409,0.0857163729723649,4
0.26381673954413076,0.20059536260385744,0.07404538518819931,4
0.3279964569398941,0.28285826971771016,0.08515085315847776,4
0.389190002442576,0.3612936252150334,0.11850948663590077,2
0.44451393290102476,0.432205550931569,0.17254942501912374,2
0.49136138174026495,0.49225267311845766,0.24472430350872648,4
0.5275248946545398,0.5386055681527693,0.3316332379533421,4
0.5513004449727735,0.5690800851306004,0.42918107469355027,4
0.5615677274868466,0.5822402631749902,0.5327713544222847,4
0.5578429472931796,0.5774659939895768,0.6375228975942847,4
0.5403016162345782,0.5549822413948307,0.7384998058684644,4
0.5097702827727716,0.5158484410207508,0.8309440419028808,4
0.4676875849804974,0.4619085796430703,0.9104996283298696,4
0.41603646183823684,0.3957043064273327,0.973417901643592,4
0.35725071704293854,0.3203551702836839,1.0167341494257958,4
0.294100338047085,0.23941162655465803,1.0384073077542126,4
0.22956097410113896,0.15668773936872024,1.0374161362442151,4
0.1666737235010218,0.07608146273365798,1.013807338950596,4
0.1084018368730551,0.001390968734352546,0.9686933636699976,0
0.05749108864527444,-0.06386432253988306,0.9041999833409791,4
0.016340396008887925,-0.11660957825896212,0.8233661295089618,4
-0.013111218188631896,-0.15435943914014344,0.7300006977085721,4
-0.029475992304278692,-0.17533512971093895,0.6285030721014506,2
-0.031982817302674965,-0.17854827430492515,0.5236558262582393,1
0.09712874276123665,-0.013058417012981018,0.11757427447597735,0
0.1522716377627393,0.057621464942949646,0.06304750262755199,4
0.21335303336320133,0.13591307133442612,0.029149996660249533,4
0.2774947709208879,0.21812729746277928,0.017479008876084,4
0.34167448831665137,0.3003902045766322,0.02858447684636245,2
0.40286803381933317,0.3788255600739553,0.0619431103237853,2
0.45819196427778197,0.4497374857904909,0.11598304870700826,2
0.5050394131170222,0.5097846079773797,0.18815792719661115,4
0.5412029260312972,0.5561375030116913,0.27506686164122673,4
0.5649784763495307,0.5866120199895224,0.3726146983814348,4
0.575245758863604,0.5997721980339122,0.47620497811016926,4
0.5715209786699369,0.5949979288484988,0.5809565212821693,4
0.5539796476113354,0.5725141762537527,0.681933429556349,4
0.523448314149529,0.5333803758796728,0.7743776655907656,4
0.48136561635725483,0.47944051450199243,0.853933252017754,4
0.42971449321499416,0.4132362412862547,0.9168515253314767,4
0.370928748419696,0.33788710514260606,0.9601677731136803,4
0.3077783694238425,0.2569435614135802,0.9818409314420972,4
0.24323900547789626,0.17421967422764226,0.9808497599320998,4
0.1803517548777791,0.09361339759258,0.9572409626384806,4
0.12207986824981262,0.01892290359327484,0.9121269873578824,0
0.07116912002203174,-0.04633238768096104,0.8476336070288638,4
0.030018427385645224,-0.0990776434000401,0.7667997531968465,4
0.0005668131881254035,-0.13682750428122142,0.6734343213964568,4
-0.015797960927521393,-0.15780319485201694,0.5719366957893357,1
0.05637006338317077,-0.06530120635225714,0.13012896283616904,4
0.10297612161119424,-0.005563488666267572,0.05754222952507165,0
0.15811901661269695,0.06511639328966323,0.003015457676646127,4
0.21920041221315884,0.14340799968113951,-0.030882048290656217,4
0.2833421497708456,0.22562222580949287,-0.04255303607482186,4
0.34752186716660893,0.3078851329233456,-0.031447568104543466,2
0.4087154126692907,0.3863204884206687,0.0019110653728793836,2
0.4640393431277396,0.4572324141372045,0.0559510037561024,2
0.51088679196698,0.5172795363240933,0.1281258822457053,4
0.5470503048812547,0.5636324313584048,0.2150348166903207,4
0.5708258551994885,0.5941069483362359,0.3125826534305287,4
0.5810931377135615,0.6072671263806259,0.4161729331592634,4
0.5773683575198946,0.6024928571952124,0.5209244763312633,4
0.5598270264612932,0.5800091046004662,0.6219013846054431,4
0.5292956929994865,0.5408753042263864,0.7143456206398596,4
0.48721299520721245,0.48693544284870605,0.7939012070668483,4
0.4355618720649519,0.42073116963296836,0.8568194803805708,4
0.37677612726965376,0.34538203348931984,0.9001357281627744,4
0.31362574827380013,0.2644384897602938,0.9218088864911913,4
0.24908638432785393,0.18171460257435584,0.9208177149811939,4
0.186199133727737,0.10110832593929389,0.8972089176875748,4
0.12792724709977027,0.026417831939988427,0.8520949424069766,0
0.07701649887198939,-0.038837459334247454,0.787601562077958,4
0.03586580623560287,-0.09158271505332652,0.7067677082459407,4
0.006414192038083216,-0.12933257593450773,0.6134022764455513,1
0.018238119413467258,-0.1141771548938664,0.15668636643032358,4
0.054111260900821745,-0.06819644594404575,0.06945996242923363,4
0.1007173191288454,-0.008458728258055933,-0.0031267708818639717,0
0.15586021413034803,0.06222115369787476,-0.05765354273028939,4
0.21694160973081006,0.14051276008935124,-0.09155104869759179,4
0.2810833472884967,0.22272698621770443,-0.10322203648175732,4
0.34526306468426,0.3049898933315571,-0.09211656851147887,2
0.4064566101869419,0.3834252488288804,-0.0587579350340558,2
0.4617805406453908,0.45433717454541617,-0.004717996650832779,4
0.5086279894846311,0.5143842967323048,0.06745688183876997,4
0.5447915023989056,0.5607371917666163,0.15436581628338547,4
0.5685670527171394,0.5912117087444474,0.2519136530235938,4
0.5788343352312124,0.6043718867888372,0.35550393275232817,4
0.5751095550375456,0.5995976176034238,0.4602554759243283,4
0.5575682239789441,0.5771138650086777,0.5612323841985078,4
0.5270368905171374,0.5379800646345977,0.6536766202329245,4
0.48495419272486334,0.4840402032569173,0.7332322066599131,4
0.43330306958260273,0.41783593004117964,0.7961504799736354,4
0.3745173247873045,0.3424867938975309,0.8394667277558391,4
0.31136694579145086,0.2615432501685049,0.8611398860842561,4
0.24682758184550488,0.17881936298256723,0.8601487145742586,4
0.18394033124538772,0.09821308634750497,0.8365399172806394,4
0.12566844461742102,0.023522592348199537,0.791425942000041,0
0.07475769638964017,-0.04173269892603629,0.7269325616710223,4
0.033607003753253845,-0.09447795464511513,0.6460987078390052,1
-0.01547030989973075,-0.157383225317114,0.1959950989745305,4
0.00797957049311343,-0.12732613857907174,0.0982391371254216,4
0.04385271198046792,-0.08134542962925109,0.011012733124331653,4
0.09045877020849144,-0.021607711943261384,-0.06157400018676584,4
0.1456016652099942,0.04907217001266942,-0.11610077203519142,4
0.20668306081045612,0.12736377640414576,-0.14999827800249366,4
0.2708247983681427,0.20957800253249892,-0.1616692657866593,2
0.33500451576390616,0.2918409096463518,-0.15056379781638085,2
0.3961980612665881,0.37027626514367507,-0.11720516433895778,2
0.4515219917250369,0.44118819086021066,-0.06316522595573482,4
0.49836944056427707,0.5012353130470992,0.009009652533867929,4
0.5345329534785519,0.5475882080814108,0.09591858697848349,4
0.5583085037967856,0.5780627250592419,0.1934664237186916,4
0.5685757863108587,0.5912229031036319,0.29705670344742624,4
0.5648510061171916,0.5864486339182184,0.4018082466194261,4
0.5473096750585902,0.5639648813234722,0.5027851548936059,4
0.5167783415967837,0.5248310809493925,0.5952293909280224,4
0.4746956438045096,0.4708912195717121,0.6747849773550109,4
0.4230445206622489,0.4046869463559743,0.7377032506687335,4
0.36425877586695066,0.32933781021232555,0.7810194984509371,4
0.30110839687109725,0.24839426648329985,0.802692656779354,4
0.23656903292515108,0.1656703792973619,0.8017014852693565,4
0.1736817823250339,0.08506410266229963,0.7780926879757373,4
0.1154098956970672,0.010373608662994197,0.732978712695139,0
0.06449914746928653,-0.054881682611241406,0.6684853323661206,2
-0.04316688155650736,-0.1928835452628043,0.2462029308798035,4
-0.033245221881915504,-0.1801663722781802,0.14252367735605387,4
-0.009795341489071269,-0.15010928554013783,0.04476771550694458,4
0.02607779999828322,-0.10412857659031718,-0.04245868849414541,4
0.07268385822630674,-0.04439085890432748,-0.11504542180524291,4
0.1278267532278094,0.026289023051603192,-0.16957219365366827,0
0.18890814882827128,0.10458062944307947,-0.2034696996209706,4
0.25304988638595804,0.18679485557143283,-0.21514068740513625,2
0.3172296037817215,0.2690577626852857,-0.2040352194348578,2
0.37842314928440324,0.3474931181826088,-0.17067658595743496,2
0.43374707974285204,0.41840504389914446,-0.116636647574212,4
0.48059452858209234,0.4784521660860332,-0.04446176908460914,4
0.5167580414963671,0.5248050611203448,0.042447165360006256,4
0.5405335918146008,0.555279578098176,0.13999500210021454,4
0.550800874328674,0.5684397561425658,0.24358528182894895,4
0.547076094135007,0.5636654869571524,0.3483368250009491,4
0.5295347630764056,0.5411817343624062,0.44931373327512864,4
0.49900342961459904,0.5020479339883264,0.5417579693095451,4
0.4569207318223249,0.448108072610646,0.6213135557365338,4
0.40526960868006423,0.3819037993949082,0.6842318290502565,4
0.34648386388476615,0.3065546632512598,0.7275480768324599,4
0.2833334848889126,0.22561111952223376,0.7492212351608769,4
0.21879412094296635,0.1428872323362958,0.7482300636508794,4
0.1559068703428492,0.06228095570123354,0.7246212663572602,4
0.09763498371488272,-0.012409538298071617,0.6795072910766622,0
-0.0635465316126497,-0.2190053377481654,0.3049440664098083,4
-0.06762060179312732,-0.2242273123911089,0.20022689320667836,4
-0.05769894211853546,-0.2115101394064848,0.09654763968292873,4
-0.03424906172569128,-0.1814530526684426,-0.0012083221661802201,4
0.0016240797616632746,-0.1354723437186218,-0.08843472616727055,4
0.04823013798968674,-0.07573462603263223,-0.16102145947836788,4
0.10337303299118933,-0.005054744076701615,-0.21554823132679335,0
0.16445442859165135,0.07323686231477486,-0.2494457372940958,4
0.2285961661493381,0.15545108844312822,-0.26111672507826145,2
0.2927758835451014,0.2377139955569809,-0.2500112571079831,2
0.35396942904778317,0.31614935105430403,-0.21665262363056015,2
0.40929335950623214,0.38706127677083985,-0.16261268524733719,4
0.4561408083454723,0.44710839895772847,-0.0904378067577345,4
0.49230432125974716,0.49346129399204014,-0.003528872313118825,4
0.5160798715779809,0.5239358109698712,0.09401896442708918,4
0.526347154092054,0.5370959890142611,0.19760924415582382,4
0.5226223738983871,0.5323217198288478,0.3023607873278237,4
0.5050810428397857,0.5098379672341017,0.4033376956020033,4
0.4745497093779791,0.4707041668600218,0.49578193163642004,4
0.432467011585705,0.4167643054823414,0.5753375180634086,4
0.38081588844344455,0.35056003226660387,0.6382557913771311,4
0.3220301436481462,0.27521089612295513,0.6815720391593347,4
0.2588797646522926,0.19426735239392914,0.7032451974877517,4
0.19434040070634642,0.11154346520799119,0.7022540259777543,4
0.13145315010622952,0.03093718857292924,0.6786452286841352,2
-0.07564896986280126,-0.2345177425081322,0.3694506201030392,4
-0.09352679949260215,-0.25743280505296473,0.26862980604683573,4
-0.09760086967307977,-0.26265477969590817,0.16391263284370622,4
-0.08767920999848786,-0.24993760671128398,0.06023337931995615,4
-0.06422932960564368,-0.21988051997324173,-0.03752258252915275,4
-0.02835618811828919,-0.17389981102342109,-0.12474898653024269,4
0.01824987010973432,-0.11416209333743137,-0.19733571984134013,4
0.0733927651112371,-0.04348221138150056,-0.2518624916897657,4
0.13447416071169913,0.034809395009975916,-0.28575999765706805,2
0.19861589826938572,0.11702362113832912,-0.2974309854412336,2
0.2627956156651491,0.19928652825218182,-0.28632551747095514,2
0.32398916116783094,0.27772188374950507,-0.2529668839935322,2
0.37931309162627974,0.34863380946604067,-0.1989269456103091,4
0.42616054046552004,0.4086809316529294,-0.1267520671207063,4
0.46232405337979476,0.4550338266872409,-0.03984313267609085,4
0.4860996036980285,0.48550834366507206,0.057704704064117485,4
0.49636688621210157,0.4986685217094619,0.1612949837928519,4
0.4926421060184346,0.49389425252404845,0.26604652696485176,4
0.47510077495983316,0.4714104999293023,0.3670234352390315,4
0.4445694414980264,0.4322766995552223,0.45946767127344823,4
0.4024867437057525,0.3783368381775421,0.5390232577004366,4
0.3508356205634918,0.3121325649618043,0.6019415310141591,4
0.2920498757681935,0.23678342881815553,0.6452577787963627,4
0.2288994967723399,0.15583988508912952,0.6669309371247797,4
0.16436013282639395,0.0731159979031919,0.6659397656147822,2
0.026358641843743855,-0.17580102395584157,0.6659397656147822,4
-0.01711398785210877,-0.2683337672867153,0.6423309683211631,4
-0.057396113797865855,-0.3540754315715486,0.5972169930405649,4
-0.09258964005517337,-0.42898586498355085,0.5327236127115462,4
-0.12103624577633604,-0.4895352838764694,0.4518897588795289,4
-0.141395525371738,-0.532870596379604,0.3585243270791394,4
-0.1527081484932275,-0.556949840240013,0.257026701472018,4
-0.1544410637316524,-0.5606384001935562,0.15217945562880641,4
-0.14651261602789306,-0.5437624710970883,0.04892299740559869,4
-0.12929639426363423,-0.5071172476361401,-0.04787722333961619,4
-0.10360362773319218,-0.45242945470862217,-0.13365997500561477,4
-0.07064496097559081,-0.3822759840548815,-0.20438316972599957,4
-0.03197340813885213,-0.29996247098047824,-0.25671432676658723,2
0.010588825130080345,-0.20936753264302047,-0.2881875991966114,2
0.055036204113306675,-0.11476000740335626,-0.2973199647285548,2
0.09927436592560737,-0.02059780693270455,-0.2836811058079991,0
0.14121880600609496,0.06868214082475183,-0.24791368619990428,4
0.17889310008509446,0.1488729599349309,-0.1917030686374822,4
0.21052203340189576,0.21619605469384098,-0.11769790043967676,4
0.23461524891963503,0.2674791572601226,-0.029385309107221147,4
0.2500374730289282,0.3003058050861359,0.06907341131251044,4
0.2560620097013272,0.313129204763007,0.17303888062454437,4
0.25240498244521514,0.30534511700914124,0.2776122403303007,4
0.23923871058134058,0.2773203284576301,0.3778659881031942,4
0.21718358954716713,0.23037536865039707,0.46907616196294777,2
0.050248615909449595,-0.1249505266689458,0.7032451974877518,4
0.005633915109940435,-0.21991420120963173,0.7022540259777544,4
-0.03783871458591226,-0.3124469445405056,0.6786452286841352,4
-0.07812084053166929,-0.39818860882533874,0.6335312534035371,4
-0.11331436678897688,-0.4730990422373411,0.5690378730745184,4
-0.14176097251013947,-0.5336484611302595,0.4882040192425011,4
-0.16212025210554143,-0.5769837736333943,0.3948385874421116,4
-0.17343287522703094,-0.6010630174938032,0.29334096183499014,4
-0.17516579046545583,-0.6047515774473463,0.1884937159917785,4
-0.1672373427616965,-0.5878756483508784,0.08523725776857083,4
-0.15002112099743764,-0.5512304248899302,-0.011562962976643942,4
-0.12432835446699553,-0.4965426319624122,-0.09734571464264274,4
-0.09136968770939422,-0.42638916130867166,-0.16806890936302732,4
-0.05269813487265548,-0.3440756482342682,-0.2204000664036151,2
-0.010135901603723074,-0.2534807098968106,-0.25187333883363927,2
0.03431147737950334,-0.15887318465714623,-0.26100570436558257,2
0.07854963919180397,-0.06471098418649471,-0.24736684544502685,4
0.12049407927229154,0.024568963570961666,-0.21159942583693214,0
0.1581683733512911,0.10475978268114092,-0.15538880827450985,4
0.18979730666809236,0.17208287744005088,-0.0813836400767044,4
0.2138905221858316,0.22336598000633248,0.0069289512557511035,4
0.22931274629512483,0.25619262783234575,0.10538767167548269,4
0.23533728296752376,0.2690160275092168,0.20935314098751703,4
0.23168025571141176,0.2612319397553511,0.3139265006932729,4
0.21851398384753723,0.23320715120384014,0.414180248466166,2
0.07699879978064281,-0.06801199050206314,0.72754807683246,4
0.03334427497566783,-0.160931902807147,0.7492212351608769,4
-0.011270425823841412,-0.25589557734783314,0.7482300636508795,4
-0.05474305551969402,-0.3484283206787069,0.7246212663572604,4
-0.09502518146545114,-0.43416998496354015,0.6795072910766622,4
-0.13021870772275862,-0.5090804183755424,0.6150139107476436,4
-0.15866531344392126,-0.5696298372684608,0.5341800569156264,4
-0.17902459303932328,-0.6129651497715956,0.4408146251152368,4
-0.19033721616081278,-0.6370443936320046,0.33931699950811534,4
-0.19207013139923768,-0.6407329535855477,0.23446975366490375,4
-0.1841416836954784,-0.6238570244890799,0.13121329544169613,4
-0.1669254619312195,-0.5872118010281316,0.03441307469648114,4
-0.14123269540077743,-0.5325240081006137,-0.05136967696951744,4
-0.10827402864317606,-0.46237053744687306,-0.12209287168990224,4
-0.06960247580643741,-0.3800570243724698,-0.1744240287304899,2
-0.02704024253750492,-0.289462086035012,-0.20589730116051408,2
0.017407136445721408,-0.19485456079534783,-0.2150296666924575,2
0.061645298258022015,-0.1006923603246963,-0.20139080777190177,4
0.10358973833850968,-0.011412412567239738,-0.16562338816380695,0
0.14126403241750926,0.06877840654293951,-0.10941277060138477,4
0.1728929657343104,0.1361015013018493,-0.03540760240357954,4
0.19698618125204975,0.18738460386813108,0.052904988928876184,4
0.21240840536134298,0.22021125169414432,0.15136370934860782,4
0.21843294203374192,0.2330346513710154,0.2553291786606422,4
0.21477591477762992,0.2252505636171497,0.359902538366398,2
0.10534872335640313,-0.00766836233788093,0.7377032506687335,0
0.06471137809971392,-0.09416612114827239,0.7810194984509371,4
0.02105685329473886,-0.18708603345335645,0.802692656779354,4
-0.023557847504770302,-0.2820497079940424,0.8017014852693565,4
-0.067030477200623,-0.3745824513249163,0.7780926879757373,4
-0.10731260314638003,-0.4603241156097494,0.7329787126951393,4
-0.14250612940368756,-0.5352345490217518,0.6684853323661205,4
-0.1709527351248502,-0.5957839679146701,0.5876514785341033,4
-0.19131201472025217,-0.6391192804178049,0.4942860467337137,4
-0.20262463784174167,-0.6631985242782139,0.39278842112659224,4
-0.20435755308016657,-0.666887084231757,0.2879411752833807,4
-0.19642910537640723,-0.6500111551352891,0.18468471706017292,4
-0.17921288361214838,-0.613365931674341,0.08788449631495815,4
-0.15352011708170626,-0.5586781387468228,0.0021017446489594027,4
-0.12056145032410495,-0.48852466809308237,-0.06862145007142523,4
-0.08188989748736622,-0.4062111550186789,-0.12095260711201306,2
-0.03932766421843381,-0.3156162166812213,-0.15242587954203712,2
0.005119714764792518,-0.22100869144155708,-0.16155824507398053,2
0.04935787657709323,-0.12684649097090536,-0.14791938615342481,4
0.09130231665758087,-0.03756654321344882,-0.11215196654532988,4
0.1289766107365803,0.042624275896730096,-0.05594134898290787,4
0.1606055440533816,0.10994737065564017,0.018063819214897636,4
0.18469875957112086,0.16123047322192183,0.1063764105473532,4
0.2001209836804141,0.19405712104793524,0.20483513096708522,4
0.20614552035281303,0.20688052072480614,0.3088006002791187,2
0.13396253671499989,0.05323696282309395,0.7332322066599128,4
0.09825720489796225,-0.022762863451156495,0.7961504799736354,0
0.05761985964127298,-0.10926062226154809,0.839466727755839,4
0.013965334836297999,-0.20218053456663196,0.8611398860842558,4
-0.030649365963211245,-0.2971442091073181,0.8601487145742586,4
-0.07412199565906386,-0.3896769524381918,0.8365399172806394,4
-0.11440412160482089,-0.475418616723025,0.7914259420000411,4
-0.14959764786212848,-0.5503290501350274,0.7269325616710225,4
-0.17804425358329107,-0.6108784690279457,0.6460987078390054,4
-0.19840353317869308,-0.6542137815310806,0.5527332760386157,4
-0.2097161563001826,-0.6782930253914895,0.45123565043149444,4
-0.21144907153860754,-0.6819815853450327,0.3463884045882827,4
-0.2035206238348482,-0.6651056562485648,0.2431319463650751,4
-0.18630440207058935,-0.6284604327876167,0.14633172561986013,4
-0.1606116355401473,-0.5737726398600986,0.06054897395386155,4
-0.1276529687825459,-0.5036191692063581,-0.010174220766523245,2
-0.08898141594580722,-0.4213056561319547,-0.06250537780711096,2
-0.046419182676874865,-0.33071071779449723,-0.09397865023713503,2
-0.0019718036936484246,-0.23610319255483278,-0.10311101576907855,4
0.042266358118652286,-0.14194099208418107,-0.08947215684852283,4
0.08421079819913979,-0.05266104432672483,-0.05370473724042807,4
0.12188509227813936,0.02752977478345439,0.002505880321994114,0
0.15351402559494065,0.09485286954236447,0.07651104851979962,4
0.17760724111267992,0.14613597210864612,0.16482363985225518,4
0.19302946522197312,0.17896261993465937,0.26328236027198676,2
0.16149195543395958,0.11183412278769284,0.7143456206398598,4
0.13240107420973576,0.04991334494602373,0.7939012070668483,4
0.09669574239269804,-0.026086481328226857,0.856819480380571,4
0.05605839713600885,-0.11258424013861831,0.9001357281627745,4
0.01240387233103378,-0.20550415244370235,0.9218088864911915,4
-0.032210828468475367,-0.3004678269843883,0.920817714981194,4
-0.07568345816432803,-0.39300057031526214,0.8972089176875748,4
-0.11596558411008509,-0.47874223460009535,0.8520949424069767,4
-0.15115911036739266,-0.5536526680120978,0.787601562077958,4
-0.1796057160885553,-0.6142020869050161,0.7067677082459407,4
-0.19996499568395726,-0.6575373994081507,0.6134022764455512,4
-0.21127761880544677,-0.6816166432685599,0.5119046508384297,4
-0.21301053404387166,-0.6853052032221029,0.40705740499521825,4
-0.20508208634011232,-0.6684292741256349,0.3038009467720104,4
-0.18786586457585347,-0.6317840506646869,0.20700072602679565,4
-0.16217309804541136,-0.5770962577371688,0.1212179743607969,4
-0.12921443128781002,-0.5069427870834283,0.05049477964041227,2
-0.09054287845107137,-0.42462927400902495,-0.0018363774001754485,2
-0.047980645182138904,-0.3340343356715672,-0.03330964983019963,2
-0.003533266198912477,-0.2394268104319028,-0.042442015362142926,4
0.040704895613388054,-0.14526460996125148,-0.028803156441587263,4
0.08264933569387573,-0.055984662203794916,0.0069642631665075005,4
0.1203236297728753,0.024206156906384335,0.06317488072892974,0
0.15195256308967656,0.0915292516652943,0.13718004892673524,4
0.1760457786074158,0.1428123542315759,0.2254926402591907,2
0.18663979182447815,0.16536201623078636,0.6819334295563491,4
0.16553412507899568,0.12043799719972684,0.7743776655907656,4
0.13644324385477177,0.058517219358057565,0.8539332520177543,4
0.10073791203773419,-0.017482606916192772,0.9168515253314767,0
0.06010056678104487,-0.10398036572658448,0.9601677731136803,4
0.0164460419760699,-0.19690027803166832,0.9818409314420973,4
-0.028168658823439302,-0.29186395257235437,0.9808497599320998,4
-0.07164128851929197,-0.38439669590322817,0.9572409626384807,4
-0.111923414465049,-0.4701383601880614,0.9121269873578824,4
-0.1471169407223566,-0.5450487936000638,0.8476336070288638,4
-0.17556354644351913,-0.6055982124929821,0.7667997531968467,4
-0.1959228260389212,-0.6489335249961169,0.673434321396457,4
-0.2072354491604107,-0.6730127688565258,0.5719366957893356,4
-0.2089683643988356,-0.676701328810069,0.4670894499461239,4
-0.20103991669507626,-0.6598253997136011,0.3638329917229163,4
-0.18382369493081735,-0.6231801762526529,0.2670327709777013,4
-0.15813092840037535,-0.568492383325135,0.18125001931170284,4
-0.12517226164277395,-0.4983389126713943,0.11052682459131802,2
-0.08650070880603522,-0.41602539959699086,0.058195667550730246,2
-0.04393847553710273,-0.32543046125953307,0.026722395120706177,2
0.0005089034461235181,-0.23082293601986906,0.017590029588762768,4
0.04474706525842423,-0.13666073554921734,0.031228888509318486,4
0.08669150533891187,-0.0473807877917608,0.06699630811741342,4
0.12436579941791147,0.03281003131841845,0.12320692567983571,4
0.1559947327347126,0.10013312607732819,0.1972120938776409,2
0.20822107848499616,0.2112984059380379,0.6375228975942847,2
0.19609512636901166,0.18548796790746475,0.7384998058684642,4
0.17498945962352916,0.14056394887640516,0.8309440419028808,4
0.14589857839930534,0.07864317103473606,0.9104996283298694,4
0.11019324658226765,0.002643344760485472,0.973417901643592,0
0.06955590132557843,-0.08385441404990598,1.0167341494257955,4
0.02590137652060341,-0.17677432635498994,1.0384073077542126,4
-0.01871332427890579,-0.27173800089567596,1.0374161362442151,4
-0.06218595397475846,-0.3642707442265498,1.013807338950596,4
-0.10246807992051549,-0.450012408511383,0.9686933636699977,4
-0.13766160617782303,-0.5249228419233852,0.9041999833409791,4
-0.16610821189898567,-0.5854722608163038,0.8233661295089618,4
-0.18646749149438763,-0.6288075733194384,0.7300006977085723,4
-0.1977801146158772,-0.6528868171798475,0.6285030721014508,4
-0.19951302985430208,-0.6565753771333905,0.5236558262582393,4
-0.19158458215054275,-0.6396994480369226,0.4203993680350315,4
-0.1743683603862839,-0.6030542245759746,0.3235991472898167,4
-0.14867559385584184,-0.5483664316484566,0.23781639562381812,4
-0.11571692709824044,-0.47821296099471594,0.16709320090343333,2
-0.07704537426150171,-0.3958994479203125,0.11476204386284555,2
-0.03448314099256941,-0.3053045095828551,0.08328877143282154,4
0.00996423799065703,-0.21069698434319067,0.07415640590087808,4
0.05420239980295774,-0.11653478387253896,0.0877952648214338,4
0.09614683988344538,-0.02725483611508242,0.12356268442952872,4
0.1338211339624448,0.0529359829950965,0.17977330199195068,2
0.22521890402881228,0.24747876675892827,0.58320665140527,2
0.22264404205738708,0.24199809895527236,0.6879581945772699,4
0.2105180899414026,0.2161876609246992,0.7889351028514496,4
0.1894124231959201,0.17126364189363968,0.8813793388858662,4
0.16032154197169618,0.10934286405197041,0.9609349253128548,4
0.1246162101546586,0.033343037777720075,1.0238531986265773,4
0.08397886489796932,-0.05315472103267152,1.0671694464087809,4
0.04032434009299431,-0.14607463333775547,1.0888426047371977,4
-0.004290360706514895,-0.24103830787844152,1.0878514332272005,4
-0.04776299040236756,-0.3335710512093153,1.0642426359335813,4
-0.08804511634812456,-0.4193127154941484,1.019128660652983,4
-0.12323864260543216,-0.49422314890615093,0.9546352803239644,4
-0.15168524832659475,-0.5547725677990692,0.8738014264919473,4
-0.17204452792199676,-0.5981078803022041,0.7804359946915576,4
-0.18335715104348627,-0.622187124162613,0.6789383690844362,4
-0.18509006628191116,-0.6258756841161561,0.5740911232412245,4
-0.17716161857815182,-0.6089997550196883,0.47083466501801685,4
-0.15994539681389303,-0.5723545315587402,0.3740344442728021,4
-0.1342526302834509,-0.517666738631222,0.2882516926068034,2
-0.10129396352584955,-0.4475132679774815,0.21752849788641862,2
-0.06262241068911101,-0.3651997549030784,0.16519734084583093,2
-0.020060177420178515,-0.27460481656562064,0.13372406841580686,4
0.024387201563047925,-0.1799972913259562,0.12459170288386334,4
0.06862536337534864,-0.0858350908553045,0.13823056180441906,4
0.11056980345583614,0.0034448569021517383,0.17399798141251377,0
0.23683233000324866,0.27219827814811737,0.5215440754273762,2
0.24392988581078734,0.28730562993268594,0.6251343551561106,4
0.24135502383936214,0.28182496212902997,0.7298858983281107,4
0.22922907172337764,0.2560145240984568,0.8308628066022903,4
0.2081234049778951,0.2110905050673972,0.9233070426367069,4
0.1790325237536713,0.1491697272257281,1.0028626290636955,4
0.14332719193663365,0.07316990095147766,1.065780902377418,4
0.10268984667994438,-0.013327857858913938,1.1090971501596216,0
0.059035321874969356,-0.10624777016399789,1.1307703084880387,4
0.01442062107546016,-0.20121144470468394,1.129779136978041,4
-0.02905200862039245,-0.2937441880355577,1.106170339684422,4
-0.06933413456614956,-0.37948585232039095,1.0610563644038238,4
-0.10452766082345705,-0.4543962857323932,0.9965629840748051,4
-0.13297426654461975,-0.5149457046253118,0.9157291302427879,4
-0.1533335461400217,-0.5582810171284464,0.8223636984423983,4
-0.1646461692615112,-0.5823602609888554,0.7208660728352769,4
-0.1663790844999361,-0.5860488209423985,0.6160188269920653,4
-0.15845063679617682,-0.5691728918459307,0.5127623687688577,4
-0.14123441503191791,-0.5325276683849824,0.41596214802364273,4
-0.1155416485014758,-0.4778398754574644,0.33017939635764404,2
-0.08258298174387455,-0.4076864048037241,0.25945620163725946,2
-0.04391142890713584,-0.3253728917293206,0.20712504459667166,4
-0.0013491956382033488,-0.23477795339186283,0.1756517721666475,4
0.043098183345023064,-0.14017042815219843,0.16651940663470421,4
0.08733634515732358,-0.04600822768154711,0.18015826555525985,2
0.24251413115256457,0.28429215540111613,0.45544071355294125,2
0.2589496675281644,0.31927566754631553,0.5529885502931493,2
0.266047223335703,0.33438301933088405,0.656578830021884,4
0.2634723613642779,0.32890235152722813,0.7613303731938839,4
0.2513464092482933,0.30309191349665493,0.8623072814680637,4
0.23024074250281085,0.2581678944655954,0.9547515175024801,4
0.20114986127858697,0.1962471166239262,1.0343071039294687,4
0.1654445294615493,0.12024729034967573,1.0972253772431912,4
0.12480718420486006,0.03374953153928416,1.1405416250253948,4
0.08115265939988504,-0.05917038076579978,1.1622147833538117,4
0.0365379586003759,-0.15413405530648572,1.1612236118438144,4
-0.006934671095476824,-0.24666679863735963,1.137614814550195,4
-0.04721679704123383,-0.3324084629221927,1.092500839269597,4
-0.08241032329854142,-0.40731889633419516,1.028007458940578,4
-0.11085692901970401,-0.46786831522711353,0.9471736051085611,4
-0.13121620861510602,-0.5112036277302482,0.8538081733081713,4
-0.14252883173659547,-0.5352828715906572,0.75231054770105,4
-0.14426174697502037,-0.5389714315442004,0.6474633018578385,4
-0.1363332992712611,-0.5220955024477324,0.5442068436346307,4
-0.11911707750700212,-0.48545027898678417,0.4474066228894157,4
-0.09342431097656015,-0.4307624860592663,0.3616238712234173,2
-0.06046564421895875,-0.3606090154055257,0.29090067650303253,2
-0.02179409138222002,-0.2782955023311222,0.23856951946244476,4
0.02076814188671247,-0.18770056399366442,0.20709624703242063,4
0.0652155208699387,-0.0930930387540004,0.19796388150047728,2
0.24199658070140123,0.2831905343721301,0.38801135974428846,4
0.2669956542881947,0.3364017819065086,0.4749202941889039,2
0.2834311906637946,0.3713852940517081,0.5724681309291122,4
0.29052874647133325,0.3864926458362767,0.6760584106578466,4
0.28795388449990805,0.3810119780326207,0.7808099538298466,4
0.27582793238392356,0.35520154000204757,0.8817868621040262,4
0.2547222656384411,0.31027752097098804,0.9742310981384429,4
0.22563138441421726,0.24835674312931888,1.0537866845654313,4
0.1899260525971796,0.17235691685506843,1.116704957879154,4
0.14928870734049032,0.08585915804467682,1.1600212056613577,4
0.10563418253551535,-0.007060754260407039,1.1816943639897746,0
0.0610194817360061,-0.10202442880109316,1.180703192479777,4
0.017546852040153493,-0.19455717213196688,1.1570943951861579,4
-0.022735273905603592,-0.2802988364168002,1.1119804199055596,4
-0.05792880016291113,-0.35520926982880247,1.047487039576541,4
-0.08637540588407377,-0.41575868872172095,0.9666531857445237,4
-0.10673468547947573,-0.4590940012248556,0.8732877539441343,4
-0.11804730860096524,-0.4831732450852646,0.771790128337013,4
-0.11978022383939019,-0.48686180503880777,0.6669428824938013,4
-0.11185177613563085,-0.4699858759423398,0.5636864242705935,4
-0.094635554371372,-0.4333406524813918,0.46688620352537885,2
-0.06894278784092994,-0.37865285955387373,0.3811034518593801,2
-0.035984121083328546,-0.3084993889001331,0.3103802571389953,4
0.0026874317534101855,-0.2261858758257297,0.25804910009840754,4
0.04524966502234248,-0.13559093748827228,0.22657582766838352,2
0.2353040656548182,0.26894532350321965,0.3224332887749087,3
0.2676887187625484,0.33787698958466833,0.3946081672645114,1
0.29268779234934195,0.39108823711904694,0.481517101709127,1
0.30912332872494175,0.42607174926424635,0.5790649384493352,3
0.31622088453248043,0.44117910104881486,0.6826552181780697,3
0.3136460225610552,0.43569843324515894,0.7874067613500696,3
0.3015200704450708,0.4098879952145858,0.8883836696242493,3
0.28041440369958825,0.3649639761835262,0.9808279056586658,4
0.2513235224753644,0.303043198341857,1.0603834920856545,3
0.2156181906583267,0.22704337206760652,1.1233017653993769,3
0.17498084540163752,0.14054561325721507,1.1666180131815804,4
0.13132632059666244,0.04762570095213102,1.1882911715099975,4
0.08671161979715329,-0.047337973588554925,1.1873,2
0.043238990101300584,-0.13987071691942882,1.1636912027063808,2
0.0029568641555435815,-0.22561238120426194,1.1185772274257828,2
-0.03223666210176401,-0.30052281461626434,1.054083847096764,4
-0.0606832678229266,-0.3610722335091827,0.9732499932647467,3
-0.08104254741832856,-0.4044075460123174,0.8798845614643572,4
-0.0923551705398181,-0.4284867898727264,0.7783869358572357,4
-0.09408808577824299,-0.4321753498262695,0.673539690014024,3
-0.08615963807448368,-0.41529942072980164,0.5702832317908166,4
-0.0689434163102248,-0.37865419726885347,0.47348301104560164,2
-0.043250649779782685,-0.3239664043413354,0.3877002593796029,2
-0.010291983022181261,-0.2538129336875947,0.3169770646592181,3
0.028379569814557304,-0.17149942061319157,0.26464590761863055,2
0.22275193768130477,0.24222775789572187,0.2617965428714626,4
0.2609962037159654,0.3236317787157578,0.3158364812546855,2
0.29338085682369563,0.3925634447972067,0.3880113597442884,2
0.3183799304104892,0.4457746923315852,0.4749202941889038,2
0.334815466786089,0.4807582044767847,0.5724681309291121,4
0.34191302259362766,0.49586555626135326,0.6760584106578464,4
0.33933816062220246,0.4903848884576973,0.7808099538298465,4
0.327212208506218,0.46457445042712414,0.8817868621040261,4
0.3061065417607355,0.4196504313960646,0.9742310981384428,4
0.27701566053651167,0.35772965355439545,1.0537866845654313,4
0.24131032871947403,0.281729827280145,1.116704957879154,4
0.20067298346278475,0.1952320684697534,1.1600212056613575,4
0.15701845865780978,0.10231215616466954,1.1816943639897743,4
0.11240375785830052,0.0073484816239834175,1.180703192479777,0
0.06893112816244791,-0.08518426170689031,1.1570943951861579,4
0.02864900221669081,-0.1709259259917236,1.1119804199055596,4
-0.0065445240406167005,-0.2458363594037259,1.047487039576541,4
-0.034991129761779316,-0.3063857782966442,0.966653185744524,4
-0.05535040935718133,-0.34972109079977903,0.8732877539441343,4
-0.06666303247867086,-0.3738003346601881,0.7717901283370128,4
-0.06839594771709576,-0.3774888946137312,0.6669428824938014,4
-0.06046750001333645,-0.3606129655172633,0.5636864242705937,4
-0.04325127824907757,-0.3239677420563151,0.46688620352537863,2
-0.017558511718635456,-0.26927994912879705,0.3811034518593799,4
0.01540015503896583,-0.19912647847505677,0.3103802571389953,2
0.20493165372522149,0.2042967706762196,0.20895832875807696,4
0.24723346081693492,0.29433738440111434,0.24231696223549987,4
0.2854777268515956,0.37574140522115046,0.29635690061872294,2
0.31786237995932587,0.44467307130259914,0.3685317791083257,2
0.3428614535461194,0.49788431883697776,0.45544071355294125,4
0.3592969899217192,0.5328678309821772,0.5529885502931493,4
0.36639454572925784,0.5479751827667456,0.6565788300218839,4
0.36381968375783263,0.5424945149630898,0.7613303731938839,4
0.35169373164184814,0.5166840769325166,0.8623072814680635,4
0.33058806489636566,0.47176005790145703,0.9547515175024801,4
0.30149718367214184,0.4098392800597879,1.0343071039294687,4
0.2657918518551041,0.3338394537855373,1.0972253772431912,4
0.22515450659841493,0.24734169497514585,1.1405416250253948,4
0.18149998179343985,0.15442178267006182,1.1622147833538117,4
0.13688528099393069,0.059458108129375874,1.1612236118438144,4
0.09341265129807798,-0.03307463520149802,1.137614814550195,4
0.053130525352320976,-0.11881629948633114,1.092500839269597,4
0.01793699909501348,-0.19372673289833342,1.0280074589405783,4
-0.010509606626149193,-0.2542761517912519,0.9471736051085611,4
-0.03086888622155118,-0.2976114642943866,0.8538081733081713,4
-0.04218150934304066,-0.32169070815479556,0.7523105477010502,4
-0.04391442458146558,-0.3253792681083387,0.6474633018578385,4
-0.035985976877706244,-0.30850333901187077,0.5442068436346307,2
-0.018769755113447306,-0.27185811555092254,0.4474066228894157,2
0.006923011416994668,-0.2171703226234047,0.3616238712234173,2
0.18268290652381117,0.15693967199999195,0.16640838592202534,4
0.22704899125013717,0.2513741600744177,0.1775138538923037,4
0.2693507983418507,0.3414147737993126,0.21087248736972666,2
0.3075950643765113,0.42281879461934857,0.2649124257529496,2
0.3399797174842416,0.4917504607007974,0.3370873042425525,2
0.3649787910710351,0.544961708235176,0.4239962386871679,4
0.38141432744663495,0.5799452203803753,0.521544075427376,4
0.38851188325417363,0.595052572164944,0.6251343551561106,4
0.3859370212827484,0.589571904361288,0.7298858983281106,4
0.37381106916676393,0.5637614663307149,0.8308628066022903,4
0.35270540242128146,0.5188374472996554,0.9233070426367068,4
0.3236145211970576,0.4569166694579862,1.0028626290636953,4
0.28790918938001997,0.38091684318373575,1.0657809023774178,4
0.2472718441233307,0.2944190843733442,1.1090971501596216,4
0.20361731931835572,0.2014991720682603,1.1307703084880385,4
0.15900261851884645,0.10653549752757416,1.129779136978041,4
0.11552998882299385,0.01400275419670044,1.106170339684422,0
0.07524786287723684,-0.07173891008813266,1.0610563644038238,4
0.04005433661992924,-0.14664934350013514,0.9965629840748051,4
0.011607730898766572,-0.20719876239305363,0.9157291302427878,4
-0.008751548696635358,-0.2505340748961882,0.8223636984423985,4
-0.020064171818124893,-0.2746133187565973,0.720866072835277,4
-0.021797087056549813,-0.27830187871014045,0.6160188269920652,4
-0.01386863935279048,-0.2614259496136725,0.5127623687688575,2
0.0033475824114683472,-0.22478072615272449,0.41596214802364284,2
0.15705405824031532,0.10238793090049114,0.1361516699553501,4
0.2013938883057862,0.19676653517374948,0.12448068217118458,4
0.2457599730321123,0.29120102324817543,0.13558615014146302,4
0.2880617801238258,0.3812416369730701,0.16894478361888587,2
0.3263060461584864,0.4626456577931063,0.22298472200210898,2
0.35869069926621666,0.5315773238745549,0.29515960049171175,2
0.3836897728530102,0.5847885714089336,0.3820685349363273,4
0.40012530922861,0.6197720835541329,0.47961637167653537,4
0.4072228650361487,0.6348794353387015,0.58320665140527,4
0.4046480030647235,0.6293987675350455,0.6879581945772699,4
0.392522050948739,0.6035883295044724,0.7889351028514495,4
0.37141638420325646,0.5586643104734128,0.8813793388858662,4
0.34232550297903264,0.49674353263174376,0.9609349253128546,4
0.3066201711619949,0.42074370635749314,1.0238531986265773,4
0.26598282590530575,0.3342459475471017,1.0671694464087809,4
0.22232830110033067,0.24132603524201762,1.0888426047371977,4
0.1777136003008215,0.14636236070133168,1.0878514332272005,4
0.1342409706049689,0.053829617370457966,1.064242635933581,4
0.09395884465921178,-0.031912046914375325,1.019128660652983,4
0.058765318401904194,-0.10682248032637773,0.9546352803239643,4
0.03031871268074167,-0.16737189921929593,0.8738014264919473,4
0.009959433085339656,-0.21070721172243076,0.7804359946915576,4
-0.0013531900361498789,-0.2347864555828398,0.678938369084436,4
-0.0030861052745747714,-0.23847501553638287,0.5740911232412244,2
0.004842342429184535,-0.22159908643991502,0.47083466501801696,2
0.12925274158252836,0.043212028348620174,0.11961387893966718,4
0.1714770218127062,0.13308762391772558,0.0857163729723649,4
0.21581685187817717,0.2274662281909841,0.07404538518819931,4
0.2601829366045032,0.32190071626540984,0.08515085315847776,4
0.3024847436962167,0.41194132999030475,0.11850948663590077,2
0.3407290097308773,0.4933453508103407,0.17254942501912374,2
0.37311366283860753,0.5622770168917893,0.24472430350872648,4
0.39811273642540107,0.615488264426168,0.3316332379533421,4
0.41454827280100087,0.6504717765713673,0.42918107469355027,4
0.4216458286085395,0.6655791283559359,0.5327713544222847,4
0.41907096663711435,0.66009846055228,0.6375228975942847,4
0.4069450145211298,0.6342880225217068,0.7384998058684644,4
0.3858393477756473,0.5893640034906472,0.8309440419028808,4
0.3567484665514234,0.5274432256489779,0.9104996283298696,4
0.32104313473438584,0.45144339937472755,0.973417901643592,4
0.2804057894776965,0.3649456405643359,1.0167341494257958,4
0.23675126467272153,0.2720257282592521,1.0384073077542126,4
0.19213656387321237,0.17706205371856612,1.0374161362442151,4
0.14866393417735965,0.08452931038769224,1.013807338950596,4
0.1083818082316026,-0.0012123538971410275,0.9686933636699976,0
0.07318828197429514,-0.07612278730914318,0.9041999833409791,4
0.04474167625313248,-0.13667220620206166,0.8233661295089618,4
0.024382396657730496,-0.18000751870519638,0.7300006977085721,4
0.013069773536241017,-0.20408676256560543,0.6285030721014506,2
0.011336858297816096,-0.2077753225191485,0.5236558262582393,1
0.10058895608473725,-0.017799663948691286,0.11757427447597735,0
0.1387080761270618,0.06333798002529836,0.06304750262755199,4
0.1809323563572397,0.15321357559440396,0.029149996660249533,4
0.22527218642271057,0.2475921798676623,0.017479008876084,4
0.2696382711490367,0.34202666794208825,0.02858447684636245,2
0.3119400782407501,0.43206728166698294,0.0619431103237853,2
0.35018434427541073,0.5134713024870189,0.11598304870700826,2
0.38256899738314104,0.5824029685684677,0.18815792719661115,4
0.4075680709699346,0.6356142161028464,0.27506686164122673,4
0.4240036073455344,0.6705977282480458,0.3726146983814348,4
0.43110116315307306,0.6857050800326143,0.47620497811016926,4
0.42852630118164786,0.6802244122289584,0.5809565212821693,4
0.41640034906566337,0.6544139741983852,0.681933429556349,4
0.39529468232018083,0.6094899551673256,0.7743776655907656,4
0.366203801095957,0.5475691773256566,0.853933252017754,4
0.33049846927891935,0.47156935105140596,0.9168515253314767,4
0.28986112402223013,0.3850715922410145,0.9601677731136803,4
0.24620659921725513,0.29215167993593066,0.9818409314420972,4
0.20159189841774589,0.1971880053952445,0.9808497599320998,4
0.15811926872189316,0.10465526206437062,0.9572409626384806,4
0.11783714277613626,0.01891359777953769,0.9121269873578824,0
0.08264361651882865,-0.0559968356324648,0.8476336070288638,4
0.05419701079766599,-0.11654625452538328,0.7667997531968465,4
0.03383773120226401,-0.159881567028518,0.6734343213964568,4
0.022525108080774528,-0.18396081088892693,0.5719366957893357,1
0.07241334085929849,-0.07777227177309698,0.13012896283616904,4
0.10463112572977332,-0.009195789536657395,0.05754222952507165,0
0.14275024577209786,0.07194185443733231,0.003015457676646127,4
0.18497452600227568,0.16181745000643769,-0.030882048290656217,4
0.22931435606774667,0.2561960542796962,-0.04255303607482186,4
0.27368044079407267,0.350630542354122,-0.031447568104543466,2
0.3159822478857861,0.44067115607901675,0.0019110653728793836,2
0.3542265139204468,0.5220751768990529,0.0559510037561024,2
0.3866111670281771,0.5910068429805017,0.1281258822457053,4
0.4116102406149706,0.6442180905148802,0.2150348166903207,4
0.4280457769905704,0.6792016026600797,0.3125826534305287,4
0.43514333279810913,0.6943089544446482,0.4161729331592634,4
0.4325684708266839,0.6888282866409924,0.5209244763312633,4
0.42044251871069943,0.6630178486104191,0.6219013846054431,4
0.39933685196521695,0.6180938295793598,0.7143456206398596,4
0.37024597074099314,0.5561730517376905,0.7939012070668483,4
0.33454063892395547,0.48017322546344005,0.8568194803805708,4
0.29390329366726625,0.3936754666530486,0.9001357281627744,4
0.2502487688622912,0.3007555543479646,0.9218088864911913,4
0.20563406806278195,0.20579187980727845,0.9208177149811939,4
0.16216143836692942,0.11325913647640493,0.8972089176875748,4
0.12187931242117234,0.027517472191571635,0.8520949424069766,0
0.08668578616386474,-0.04739296122043085,0.787601562077958,4
0.058239180442702064,-0.10794238011334933,0.7067677082459407,4
0.03787990084730014,-0.15127769261648388,0.6134022764455513,1
0.04605353240911263,-0.1338798826224297,0.15668636643032358,4
0.07085187835403434,-0.0810958896501672,0.06945996242923363,4
0.10306966322450928,-0.01251940741372734,-0.0031267708818639717,0
0.14118878326683382,0.06861823656026228,-0.05765354273028939,4
0.18341306349701172,0.15849383212936782,-0.09155104869759179,4
0.22775289356248263,0.25287243640262624,-0.10322203648175732,4
0.2721189782888086,0.34730692447705197,-0.09211656851147887,2
0.31442078538052215,0.43734753820194683,-0.0587579350340558,2
0.35266505141518284,0.518751559021983,-0.004717996650832779,4
0.385049704522913,0.5876832251034316,0.06745688183876997,4
0.4100487781097065,0.6408944726378101,0.15436581628338547,4
0.4264843144853063,0.6758779847830095,0.2519136530235938,4
0.43358187029284495,0.690985336567578,0.35550393275232817,4
0.4310070083214198,0.6855046687639221,0.4602554759243283,4
0.41888105620543525,0.6596942307333489,0.5612323841985078,4
0.3977753894599527,0.6147702117022893,0.6536766202329245,4
0.36868450823572885,0.5528494338606201,0.7332322066599131,4
0.33297917641869124,0.4768496075863697,0.7961504799736354,4
0.29234183116200196,0.39035184877597806,0.8394667277558391,4
0.2486873063570269,0.297431936470894,0.8611398860842561,4
0.20407260555751783,0.20246826193020823,0.8601487145742586,4
0.1605999758616651,0.10993551859933434,0.8365399172806394,4
0.12031784991590805,0.02419385431450108,0.791425942000041,0
0.08512432365860045,-0.05071657909750135,0.7269325616710223,4
0.056677717937437935,-0.11126599799041956,0.6460987078390052,1
0.022751606324292614,-0.18347870285959947,0.1959950989745305,4
0.038962013950671684,-0.1489743837357054,0.0982391371254216,4
0.0637603598955934,-0.0961903907634429,0.011012733124331653,4
0.09597814476606825,-0.027613908527003267,-0.06157400018676584,4
0.13409726480839287,0.053523735446986576,-0.11610077203519142,4
0.1763215450385707,0.14339933101609198,-0.14999827800249366,4
0.2206613751040416,0.23777793528935032,-0.1616692657866593,2
0.2650274598303677,0.33221242336377627,-0.15056379781638085,2
0.3073292669220812,0.4222530370886711,-0.11720516433895778,2
0.3455735329567418,0.5036570579087071,-0.06316522595573482,4
0.377958186064472,0.5725887239901558,0.009009652533867929,4
0.40295725965126555,0.6257999715245344,0.09591858697848349,4
0.41939279602686536,0.6607834836697338,0.1934664237186916,4
0.42649035183440404,0.6758908354543023,0.29705670344742624,4
0.42391548986297883,0.6704101676506464,0.4018082466194261,4
0.41178953774699434,0.6445997296200732,0.5027851548936059,4
0.39068387100151186,0.5996757105890137,0.5952293909280224,4
0.36159298977728804,0.5377549327473445,0.6747849773550109,4
0.3258876579602503,0.461755106473094,0.7377032506687335,4
0.28525031270356105,0.37525734766270236,0.7810194984509371,4
0.24159578789858613,0.2823374353576187,0.802692656779354,4
0.19698108709907688,0.18737376081693252,0.8017014852693565,4
0.15350845740322416,0.09484101748605864,0.7780926879757373,4
0.1132263314574671,0.009099353201225374,0.732978712695139,0
0.07803280520015965,-0.06581108021077678,0.6684853323661206,2
0.003605550613638639,-0.22423163341078653,0.2462029308798035,4
0.010464184643363642,-0.20963283350580889,0.14252367735605387,4
0.026674592269742767,-0.1751285143819147,0.04476771550694458,4
0.05147293821466449,-0.12234452140965221,-0.04245868849414541,4
0.08369072308513933,-0.05376803917321257,-0.11504542180524291,4
0.12180984312746387,0.027369604800777075,-0.16957219365366827,0
0.16403412335764167,0.11724520036988245,-0.2034696996209706,4
0.20837395342311266,0.211623804643141,-0.21514068740513625,2
0.2527400381494388,0.30605829271756696,-0.2040352194348578,2
0.2950418452411522,0.3960989064424617,-0.17067658595743496,2
0.3332861112758128,0.47750292726249766,-0.116636647574212,4
0.3656707643835431,0.5464345933439465,-0.04446176908460914,4
0.3906698379703366,0.599645840878325,0.042447165360006256,4
0.40710537434593647,0.6346293530235245,0.13999500210021454,4
0.41420293015347515,0.6497367048080931,0.24358528182894895,4
0.41162806818204994,0.6442560370044371,0.3483368250009491,4
0.39950211606606545,0.618445598973864,0.44931373327512864,4
0.378396449320583,0.5735215799428045,0.5417579693095451,4
0.3493055680963591,0.5116008021011352,0.6213135557365338,4
0.31360023627932143,0.4356009758268847,0.6842318290502565,4
0.27296289102263227,0.3491032170164934,0.7275480768324599,4
0.2293083662176572,0.2561833047114094,0.7492212351608769,4
0.18469366541814797,0.16121963017072322,0.7482300636508794,4
0.14122103572229525,0.06868688683984933,0.7246212663572602,4
0.10093890977653833,-0.0170547774449836,0.6795072910766622,0
-0.010482471549316058,-0.2542183939993393,0.3049440664098083,4
-0.013298790320143222,-0.26021300954898796,0.20022689320667836,4
-0.00644015629041822,-0.24561420964401035,0.09654763968292873,4
0.009770251335960822,-0.21110989052011633,-0.0012083221661802201,4
0.03456859728088263,-0.15832589754785367,-0.08843472616727055,4
0.06678638215135746,-0.08974941531141409,-0.16102145947836788,4
0.10490550219368192,-0.008611771337424579,-0.21554823132679335,0
0.14712978242385982,0.08126382423168099,-0.2494457372940958,4
0.1914696124893308,0.17564242850493955,-0.26111672507826145,2
0.2358356972156568,0.2700769165793653,-0.2500112571079831,2
0.2781375043073703,0.36011753030426,-0.21665262363056015,2
0.31638177034203097,0.44152155112429614,-0.16261268524733719,4
0.34876642344976116,0.5104532172057449,-0.0904378067577345,4
0.37376549703655476,0.5636644647401235,-0.003528872313118825,4
0.39020103341215456,0.5986479768853229,0.09401896442708918,4
0.39729858921969324,0.6137553286698916,0.19760924415582382,4
0.39472372724826804,0.6082746608662357,0.3023607873278237,4
0.3825977751322836,0.5824642228356626,0.4033376956020033,4
0.36149210838680107,0.5375402038046031,0.49578193163642004,4
0.33240122716257725,0.47561942596293383,0.5753375180634086,4
0.2966958953455397,0.39961959968868355,0.6382557913771311,4
0.2560585500888504,0.31312184087829187,0.6815720391593347,4
0.21240402528387536,0.2202019285732079,0.7032451974877517,4
0.1677893244843661,0.12523825403252176,0.7022540259777543,4
0.12431669478851357,0.03270551070164823,0.6786452286841352,2
-0.01884863180350252,-0.2720260068555602,0.3694506201030392,4
-0.031207198283119436,-0.2983315712531295,0.26862980604683573,4
-0.0340235170539466,-0.304326186802778,0.16391263284370622,4
-0.027164883024221542,-0.2897273868978003,0.06023337931995615,4
-0.010954475397842472,-0.25522306777390624,-0.03752258252915275,4
0.013843870547079251,-0.20243907480164372,-0.12474898653024269,4
0.04606165541755411,-0.13386259256520408,-0.19733571984134013,4
0.0841807754598787,-0.05272494859121424,-0.2518624916897657,4
0.1264050556900566,0.037150646977891305,-0.28575999765706805,2
0.17074488575552751,0.1315292512511497,-0.2974309854412336,2
0.21511097048185351,0.22596373932557545,-0.28632551747095514,2
0.25741277757356706,0.31600435305047037,-0.2529668839935322,2
0.29565704360822764,0.3974083738705063,-0.1989269456103091,4
0.3280416967159579,0.46634003995195505,-0.1267520671207063,4
0.3530407703027514,0.5195512874863336,-0.03984313267609085,4
0.36947630667835124,0.554534799631533,0.057704704064117485,4
0.37657386248588987,0.5696421514161015,0.1612949837928519,4
0.3739990005144647,0.5641614836124456,0.26604652696485176,4
0.36187304839848017,0.5383510455818724,0.3670234352390315,4
0.3407673816529976,0.4934270265508127,0.45946767127344823,4
0.3116765004287739,0.4315062487091438,0.5390232577004366,4
0.27597116861173615,0.35550642243489317,0.6019415310141591,4
0.23533382335504688,0.2690086636245015,0.6452577787963627,4
0.1916792985500718,0.17608875131941745,0.6669309371247797,4
0.14706459775056271,0.08112507677873171,0.6659397656147822,2
0.06762091894905987,-0.19217475341347431,0.6659397656147822,4
0.045722230717465576,-0.29203778748887943,0.6423309683211631,4
0.02543071112080067,-0.38457176447842123,0.5972169930405649,4
0.007702497652436913,-0.46541647841580835,0.5327236127115462,4
-0.006627055316709957,-0.5307625220376667,0.4518897588795289,4
-0.016882738481009102,-0.5775307862584136,0.3585243270791394,4
-0.022581303498865807,-0.6035175479557696,0.257026701472018,4
-0.023454233680535175,-0.6074983095226533,0.15217945562880641,4
-0.019460396508966776,-0.589285497260203,0.04892299740559869,4
-0.010787981806217345,-0.5497372998605426,-0.04787722333961619,4
0.002154365781073142,-0.49071723050951055,-0.13365997500561477,4
0.01875680213938205,-0.4150063180452418,-0.20438316972599957,4
0.03823701957569137,-0.3261720647299313,-0.25671432676658723,2
0.059677109198005215,-0.22840034535160622,-0.2881875991966114,2
0.08206681283164688,-0.12629816857926732,-0.2973199647285548,2
0.10435112643871665,-0.024676594466934917,-0.2836811058079991,0
0.1254800119650278,0.07167596295452534,-0.24791368619990428,4
0.144457875189624,0.1582193660037522,-0.1917030686374822,4
0.16039047817794966,0.2308756848803113,-0.11769790043967676,4
0.1725270758213611,0.28622134993594084,-0.029385309107221147,4
0.1802957909869727,0.32164847046027867,0.06907341131251044,4
0.1833305613988776,0.3354877186312193,0.17303888062454437,4
0.1814883885122514,0.32708698833156047,0.2776122403303007,4
0.1748560756124659,0.29684212242427455,0.3778659881031942,4
0.16374613763961954,0.24617826061554277,0.46907616196294777,2
0.07965513674508323,-0.1372959639113127,0.7032451974877518,4
0.05718114724433951,-0.23978250354271752,0.7022540259777544,4
0.035282459012745154,-0.33964553761812283,0.6786452286841352,4
0.014990939416080318,-0.43217951460766446,0.6335312534035371,4
-0.002737274052283495,-0.5130242285450517,0.5690378730745184,4
-0.017066827021430336,-0.5783702721669098,0.4882040192425011,4
-0.02732251018572948,-0.6251385363876568,0.3948385874421116,4
-0.03302107520358619,-0.6511252980850127,0.29334096183499014,4
-0.03389400538525553,-0.6551060596518964,0.1884937159917785,4
-0.02990016821368713,-0.6368932473894462,0.08523725776857083,4
-0.021227753510937725,-0.5973450499897859,-0.011562962976643942,4
-0.00828540592364721,-0.5383249806387536,-0.09734571464264274,4
0.008317030434661685,-0.46261406817448497,-0.16806890936302732,4
0.02779724787097103,-0.37377981485917433,-0.2204000664036151,2
0.04923733749328485,-0.2760080954808495,-0.25187333883363927,2
0.07162704112692656,-0.1739059187085103,-0.26100570436558257,2
0.09391135473399628,-0.07228434459617812,-0.24736684544502685,4
0.11504024026030744,0.02406821282528214,-0.21159942583693214,0
0.13401810348490364,0.11061161587450909,-0.15538880827450985,4
0.1499507064732293,0.18326793475106815,-0.0813836400767044,4
0.16208730411664074,0.2386135998066977,0.0069289512557511035,4
0.16985601928225236,0.2740407203310355,0.10538767167548269,4
0.17289078969415725,0.2878799685019761,0.20935314098751703,4
0.17104861680753106,0.27947923820231724,0.3139265006932729,4
0.1644163039077456,0.2492343722950315,0.414180248466166,2
0.09313014253220653,-0.07584685116745742,0.72754807683246,4
0.0711398273547985,-0.17612772510227562,0.7492212351608769,4
0.04866583785405473,-0.27861426473368067,0.7482300636508795,4
0.026767149622460434,-0.37847729880908576,0.7246212663572604,4
0.006475630025795542,-0.47101127579862756,0.6795072910766622,4
-0.011252583442568215,-0.5518559897360147,0.6150139107476436,4
-0.025582136411715084,-0.6172020333578729,0.5341800569156264,4
-0.03583781957601426,-0.6639702975786199,0.4408146251152368,4
-0.04153638459387096,-0.689957059275976,0.33931699950811534,4
-0.0424093147755403,-0.6939378208428596,0.23446975366490375,4
-0.038415477603971904,-0.6757250085804093,0.13121329544169613,4
-0.0297430629012225,-0.636176811180749,0.03441307469648114,4
-0.016800715313931985,-0.5771567418297169,-0.05136967696951744,4
-0.00019827895562307685,-0.5014458293654481,-0.12209287168990224,4
0.019281938480686225,-0.41261157605013765,-0.1744240287304899,2
0.040722028103000074,-0.3148398566718126,-0.20589730116051408,2
0.06311173173664174,-0.21273767989947365,-0.2150296666924575,2
0.08539604534371147,-0.11111610578714144,-0.20139080777190177,4
0.10652493087002267,-0.014763548365680985,-0.16562338816380695,0
0.1255027940946189,0.07177985468354596,-0.10941277060138477,4
0.1414353970829445,0.1444361735601048,-0.03540760240357954,4
0.15357199472635596,0.19978183861573456,0.052904988928876184,4
0.16134070989196758,0.2352089591400724,0.15136370934860782,4
0.16437548030387247,0.24904820731101301,0.2553291786606422,4
0.16253330741724628,0.24064747701135414,0.359902538366398,2
0.10741099331391869,-0.010722900675192255,0.7377032506687335,0
0.08694053729223494,-0.10407286874694001,0.7810194984509371,4
0.06495022211482687,-0.20435374268175843,0.802692656779354,4
0.042476232614083134,-0.3068402823131633,0.8017014852693565,4
0.020577544382488794,-0.40670331638856855,0.7780926879757373,4
0.0002860247858239573,-0.4992372933781102,0.7329787126951393,4
-0.017442188682539855,-0.5800820073154974,0.6684853323661205,4
-0.0317717416516867,-0.6454280509373557,0.5876514785341033,4
-0.04202742481598584,-0.6921963151581026,0.4942860467337137,4
-0.04772598983384255,-0.7181830768554586,0.39278842112659224,4
-0.048598920015511915,-0.7221638384223422,0.2879411752833807,4
-0.04460508284394349,-0.7039510261598919,0.18468471706017292,4
-0.035932668141194085,-0.6644028287602316,0.08788449631495815,4
-0.02299032055390357,-0.6053827594091993,0.0021017446489594027,4
-0.006387884195594662,-0.5296718469449307,-0.06862145007142523,4
0.013092333240714668,-0.44083759362962005,-0.12095260711201306,2
0.03453242286302849,-0.3430658742512952,-0.15242587954203712,2
0.05692212649667015,-0.2409636974789562,-0.16155824507398053,2
0.07920644010373992,-0.13934212336662383,-0.14791938615342481,4
0.10033532563005113,-0.04298956594516341,-0.11215196654532988,4
0.11931318885464727,0.043553837104063256,-0.05594134898290787,4
0.13524579184297292,0.11621015598062236,0.018063819214897636,4
0.14738238948638435,0.17155582103625197,0.1063764105473532,4
0.155151104651996,0.2069829415605899,0.20483513096708522,4
0.1581858750639009,0.22082218973153042,0.3088006002791187,2
0.1218247746342771,0.05500724352009752,0.7332322066599128,4
0.10383874675564785,-0.027013163178663632,0.7961504799736354,0
0.08336829073396405,-0.12036313125041155,0.839466727755839,4
0.061377975556556025,-0.22064400518522978,0.8611398860842558,4
0.038903986055812245,-0.32313054481663483,0.8601487145742586,4
0.01700529782421796,-0.42299357889203987,0.8365399172806394,4
-0.003286221772446918,-0.5155275558815816,0.7914259420000411,4
-0.021014435240810703,-0.5963722698189687,0.7269325616710225,4
-0.03534398820995757,-0.661718313440827,0.6460987078390054,4
-0.04559967137425672,-0.7084865776615741,0.5527332760386157,4
-0.05129823639211342,-0.7344733393589301,0.45123565043149444,4
-0.05217116657378279,-0.7384541009258138,0.3463884045882827,4
-0.04817732940221439,-0.7202412886633635,0.2431319463650751,4
-0.03950491469946496,-0.6806930912637031,0.14633172561986013,4
-0.026562567112174473,-0.621673021912671,0.06054897395386155,4
-0.009960130753865565,-0.5459621094484023,-0.010174220766523245,2
0.009520086682443751,-0.45712785613309176,-0.06250537780711096,2
0.030960176304757545,-0.35935613675476696,-0.09397865023713503,2
0.053349879938399264,-0.2572539599824278,-0.10311101576907855,4
0.07563419354546903,-0.15563238587009537,-0.08947215684852283,4
0.09676307907178015,-0.05927982844863529,-0.05370473724042807,4
0.11574094229637638,0.027263574600591714,0.002505880321994114,0
0.13167354528470204,0.09991989347715081,0.07651104851979962,4
0.14381014292811348,0.15526555853278043,0.16482363985225518,4
0.1515788580937251,0.19069267905711826,0.26328236027198676,2
0.13569230834321735,0.1182463734931767,0.7143456206398598,4
0.12103821120741899,0.05142033413684628,0.7939012070668483,4
0.1030521833287897,-0.030600072561915034,0.856819480380571,4
0.08258172730710595,-0.12395004063366279,0.9001357281627745,4
0.060591412129697875,-0.2242309145684812,0.9218088864911915,4
0.03811742262895414,-0.32671745419988607,0.920817714981194,4
0.016218734397359824,-0.4265804882752912,0.8972089176875748,4
-0.00407278519930504,-0.519114465264833,0.8520949424069767,4
-0.021800998667668853,-0.5999591792022202,0.787601562077958,4
-0.036130551636815694,-0.6653052228240784,0.7067677082459407,4
-0.04638623480111484,-0.7120734870448253,0.6134022764455512,4
-0.052084799818971544,-0.7380602487421813,0.5119046508384297,4
-0.05295773000064091,-0.742041010309065,0.40705740499521825,4
-0.048963892829072486,-0.7238281980466147,0.3038009467720104,4
-0.04029147812632308,-0.6842800006469544,0.20700072602679565,4
-0.027349130539032568,-0.6252599312959221,0.1212179743607969,4
-0.01074669418072366,-0.5495490188316535,0.05049477964041227,2
0.008733523255585629,-0.460714765516343,-0.0018363774001754485,2
0.03017361287789949,-0.362943046138018,-0.03330964983019963,2
0.0525633165115412,-0.26084086936567885,-0.042442015362142926,4
0.07484763011861087,-0.1592192952533468,-0.028803156441587263,4
0.09597651564492209,-0.06286673783188636,0.0069642631665075005,4
0.1149543788695183,0.02367666521734059,0.06317488072892974,0
0.13088698185784395,0.09633298409389963,0.13718004892673524,4
0.14302357950125535,0.1516786491495292,0.2254926402591907,2
0.14836015550746762,0.17601465804276897,0.6819334295563491,4
0.13772849095869658,0.12753183259295872,0.7743776655907656,4
0.12307439382289813,0.06070579323662813,0.8539332520177543,4
0.1050883659442689,-0.021314613462132967,0.9168515253314767,0
0.08461790992258511,-0.11466458153388091,0.9601677731136803,4
0.06262759474517708,-0.21494545546869914,0.9818409314420973,4
0.04015360524443333,-0.3174319951001041,0.9808497599320998,4
0.018254917012839017,-0.41729502917550926,0.9572409626384807,4
-0.002036602583825861,-0.509829006165051,0.9121269873578824,4
-0.01976481605218966,-0.5906737201024382,0.8476336070288638,4
-0.034094369021336474,-0.6560197637242963,0.7667997531968467,4
-0.044350052185635674,-0.7027880279450435,0.673434321396457,4
-0.05004861720349235,-0.7287747896423994,0.5719366957893356,4
-0.05092154738516172,-0.732755551209283,0.4670894499461239,4
-0.04692771021359329,-0.7145427389468327,0.3638329917229163,4
-0.03825529551084386,-0.6749945415471724,0.2670327709777013,4
-0.025312947923553403,-0.6159744721961403,0.18125001931170284,4
-0.008710511565244494,-0.5402635597318716,0.11052682459131802,2
0.01076970587106485,-0.45142930641656087,0.058195667550730246,2
0.03220979549337871,-0.3536575870382358,0.026722395120706177,2
0.054599499127020334,-0.25155541026589706,0.017590029588762768,4
0.0768838127340901,-0.14993383615356465,0.031228888509318486,4
0.09801269826040132,-0.053581278732104234,0.06699630811741342,4
0.11699056148499752,0.03296212431712277,0.12320692567983571,4
0.1329231644733231,0.10561844319368154,0.1972120938776409,2
0.1592314064881838,0.22559005249782316,0.6375228975942847,2
0.1531231391310674,0.19773495429402588,0.7384998058684642,4
0.14249147458229633,0.14925212884421551,0.8309440419028808,4
0.12783737744649795,0.08242608948788509,0.9104996283298694,4
0.10985134956786864,0.00040568278912377206,0.973417901643592,0
0.08938089354618489,-0.09294428528262398,1.0167341494257955,4
0.06739057836877685,-0.1932251592174423,1.0384073077542126,4
0.0449165888680331,-0.29571169884884724,1.0374161362442151,4
0.02301790063643877,-0.3955747329242524,1.013807338950596,4
0.0027263810397739063,-0.4881087099137941,0.9686933636699977,4
-0.01500183242858985,-0.5689534238511812,0.9041999833409791,4
-0.029331385397736748,-0.6342994674730396,0.8233661295089618,4
-0.03958706856203589,-0.6810677316937865,0.7300006977085723,4
-0.0452856335798926,-0.7070544933911425,0.6285030721014508,4
-0.04615856376156194,-0.7110352549580261,0.5236558262582393,4
-0.04216472658999354,-0.6928224426955759,0.4203993680350315,4
-0.033492311887244136,-0.6532742452959156,0.3235991472898167,4
-0.02054996429995362,-0.5942541759448834,0.23781639562381812,4
-0.003947527941644713,-0.5185432634806146,0.16709320090343333,2
0.015532689494664631,-0.42970901016530405,0.11476204386284555,2
0.03697277911697838,-0.33193729078697937,0.08328877143282154,4
0.0593624827506201,-0.2298351140146402,0.07415640590087808,4
0.08164679635768987,-0.1282135399023078,0.0877952648214338,4
0.10277568188400109,-0.031860982480847386,0.12356268442952872,4
0.12175354510859722,0.054682420568379284,0.17977330199195068,2
0.16779380735519572,0.26463656160863125,0.58320665140527,2
0.16649675907571226,0.2587217243744708,0.6879581945772699,4
0.16038849171859584,0.23086662617067347,0.7889351028514496,4
0.1497568271698248,0.18238380072086322,0.8813793388858662,4
0.13510273003402637,0.11555776136453262,0.9609349253128548,4
0.11711670215539713,0.03353735466577153,1.0238531986265773,4
0.09664624613371335,-0.059812613405976336,1.0671694464087809,4
0.07465593095630531,-0.16009348734079465,1.0888426047371977,4
0.052181941455561556,-0.2625800269721996,1.0878514332272005,4
0.030283253223967244,-0.36244306104760476,1.0642426359335813,4
0.00999173362730238,-0.4549770380371464,1.019128660652983,4
-0.007736479841061433,-0.5358217519745337,0.9546352803239644,4
-0.022066032810208275,-0.6011677955963918,0.8738014264919473,4
-0.03232171597450742,-0.647936059817139,0.7804359946915576,4
-0.038020280992364125,-0.6739228215144949,0.6789383690844362,4
-0.038893211174033465,-0.6779035830813785,0.5740911232412245,4
-0.034899374002465094,-0.6596907708189282,0.47083466501801685,4
-0.026226959299715663,-0.6201425734192679,0.3740344442728021,4
-0.013284611712425176,-0.5611225040682358,0.2882516926068034,2
0.0033178246458837324,-0.485411591603967,0.21752849788641862,2
0.022798042082192993,-0.3965773382886568,0.16519734084583093,2
0.044238131704506856,-0.29880561891033175,0.13372406841580686,4
0.06662783533814856,-0.19670344213799254,0.12459170288386334,4
0.08891214894521833,-0.09508186802566017,0.13823056180441906,4
0.11004103447152946,0.0012706893957999273,0.17399798141251377,0
0.17364389731971297,0.2913143117684744,0.5215440754273762,2
0.17721918510246376,0.3076184429521452,0.6251343551561106,4
0.17592213682298025,0.3017036057179847,0.7298858983281107,4
0.16981386946586385,0.27384850751418743,0.8308628066022903,4
0.15918220491709278,0.2253656820643771,0.9233070426367069,4
0.14452810778129443,0.15853964270804669,1.0028626290636955,4
0.12654207990266517,0.07651923600928547,1.065780902377418,4
0.10607162388098137,-0.016830732062462397,1.1090971501596216,0
0.08408130870357333,-0.11711160599728072,1.1307703084880387,4
0.06160731920282958,-0.21959814562868563,1.129779136978041,4
0.03970863097123528,-0.3194611797040907,1.106170339684422,4
0.01941711137457039,-0.4119951566936325,1.0610563644038238,4
0.0016888979062066184,-0.49283987063101964,0.9965629840748051,4
-0.012640655062940237,-0.558185914252878,0.9157291302427879,4
-0.022896338227239382,-0.6049541784736249,0.8223636984423983,4
-0.028594903245096087,-0.6309409401709809,0.7208660728352769,4
-0.029467833426765483,-0.6349217017378646,0.6160188269920653,4
-0.025473996255197057,-0.6167088894754144,0.5127623687688577,4
-0.016801581552447625,-0.577160692075754,0.41596214802364273,4
-0.0038592339651571245,-0.5181406227247217,0.33017939635764404,2
0.012743202393151742,-0.4424297102604533,0.25945620163725946,2
0.03222341982946107,-0.3535954569451426,0.20712504459667166,4
0.053663509451774935,-0.25582373756681753,0.1756517721666475,4
0.07605321308541664,-0.1537215607944784,0.16651940663470421,4
0.09833752669248631,-0.052099986682146424,0.18015826555525985,2
0.17650601982836478,0.3043662459568021,0.45544071355294125,2
0.18478517592097687,0.34212109402113877,0.5529885502931493,2
0.18836046370372764,0.35842522520480957,0.656578830021884,4
0.18706341542424415,0.3525103879706491,0.7613303731938839,4
0.18095514806712773,0.3246552897668517,0.8623072814680637,4
0.1703234835183567,0.27617246431704146,0.9547515175024801,4
0.15566938638255826,0.20934642496071096,1.0343071039294687,4
0.137683358503929,0.12732601826194975,1.0972253772431912,4
0.11721290248224522,0.033976050190201904,1.1405416250253948,4
0.09522258730483718,-0.06630482374461645,1.1622147833538117,4
0.07274859780409346,-0.16879136337602124,1.1612236118438144,4
0.050849909572499116,-0.26865439745142655,1.137614814550195,4
0.030558389975834266,-0.3611883744409682,1.092500839269597,4
0.012830176507470453,-0.4420330883783554,1.028007458940578,4
-0.0014993764616763744,-0.5073791320002136,0.9471736051085611,4
-0.011755059625975534,-0.5541473962209607,0.8538081733081713,4
-0.01745362464383224,-0.5801341579183165,0.75231054770105,4
-0.018326554825501606,-0.5841149194852001,0.6474633018578385,4
-0.01433271765393318,-0.5659021072227499,0.5442068436346307,4
-0.005660302951183721,-0.5263539098230895,0.4474066228894157,4
0.007282044636106724,-0.46733384047205745,0.3616238712234173,2
0.023884480994415633,-0.3916229280077887,0.29090067650303253,2
0.04336469843072498,-0.30278867469247805,0.23856951946244476,4
0.06480478805303884,-0.20501695531415295,0.20709624703242063,4
0.08719449168668046,-0.10291477854181424,0.19796388150047728,2
0.17624531151480194,0.30317735633356424,0.38801135974428846,4
0.18883822163746936,0.36060391080974047,0.4749202941889039,2
0.19711737773008148,0.3983587588740772,0.5724681309291122,4
0.20069266551283227,0.414662890057748,0.6760584106578466,4
0.19939561723334875,0.4087480528235875,0.7808099538298466,4
0.19328734987623236,0.3808929546197902,0.8817868621040262,4
0.1826556853274613,0.3324101291699799,0.9742310981384429,4
0.16800158819166292,0.26558408981364945,1.0537866845654313,4
0.15001556031303365,0.18356368311488827,1.116704957879154,4
0.12954510429134986,0.0902137150431404,1.1600212056613577,4
0.10755478911394184,-0.010067158891677827,1.1816943639897746,0
0.08508079961319807,-0.11255369852308285,1.180703192479777,4
0.06318211138160378,-0.2124167325984879,1.1570943951861579,4
0.04289059178493888,-0.3049507095880297,1.1119804199055596,4
0.025162378316575112,-0.38579542352541685,1.047487039576541,4
0.010832825347428243,-0.4511414671472752,0.9666531857445237,4
0.0005771421831290979,-0.4979097313680221,0.8732877539441343,4
-0.005121422834727579,-0.5238964930653781,0.771790128337013,4
-0.005994353016396975,-0.5278772546322618,0.6669428824938013,4
-0.0020005158448285626,-0.5096644423698115,0.5636864242705935,4
0.006671898857920841,-0.47011624497015125,0.46688620352537885,2
0.019614246445211342,-0.41109617561911904,0.3811034518593801,2
0.03621668280352025,-0.3353852631548503,0.3103802571389953,4
0.055696900239829594,-0.24655100983953965,0.25804910009840754,4
0.07713698986214336,-0.14877929046121496,0.22657582766838352,2
0.1728740569687638,0.2878036634416699,0.3224332887749087,3
0.1891873425200672,0.3621959819980505,0.3946081672645114,1
0.20178025264273464,0.41962253647422676,0.481517101709127,1
0.21005940873534673,0.4573773845385634,0.5790649384493352,4
0.21363469651809752,0.4736815157222342,0.6826552181780697,2
0.212337648238614,0.46776667848807374,0.7874067613500696,2
0.20622938088149761,0.4399115802842764,0.8883836696242493,3
0.19559771633272655,0.3914287548344661,0.9808279056586658,4
0.18094361919692814,0.3246027154781356,1.0603834920856545,3
0.16295759131829887,0.2425823087793744,1.1233017653993769,3
0.14248713529661514,0.14923234070762664,1.1666180131815804,4
0.12049682011920705,0.048951466772808185,1.1882911715099975,3
0.09802283061846333,-0.05353507285859661,1.1873,2
0.07612414238686899,-0.15339810693400188,1.1636912027063808,2
0.05583262279020414,-0.2459320839235435,1.1185772274257828,2
0.038104409321840324,-0.3267767978609308,1.054083847096764,4
0.023774856352693496,-0.392122841482789,0.9732499932647467,3
0.013519173188394351,-0.4388911057035359,0.8798845614643572,4
0.007820608170537646,-0.4648778674008919,0.7783869358572357,4
0.006947677988868292,-0.4688586289677755,0.673539690014024,3
0.01094151516043669,-0.4506458167053253,0.5702832317908166,4
0.019613929863186108,-0.41109761930566496,0.47348301104560164,2
0.03255627745047662,-0.35207754995463264,0.3877002593796029,2
0.04915871380878556,-0.2763666374903639,0.3169770646592181,3
0.06863893124509482,-0.18753238417505355,0.26464590761863055,2
0.16655110988554955,0.25896957651599667,0.2617965428714626,4
0.18581608797402904,0.3468222891061561,0.3158364812546855,2
0.2021293735253325,0.4212146076625368,0.3880113597442884,2
0.2147222836479999,0.47864116213871305,0.4749202941889038,2
0.223001439740612,0.5163960102030497,0.5724681309291121,4
0.22657672752336278,0.5327001413867205,0.6760584106578464,4
0.22527967924387932,0.5267853041525601,0.7808099538298465,4
0.2191714118867629,0.4989302059487628,0.8817868621040261,4
0.20853974733799185,0.4504473804989525,0.9742310981384428,4
0.19388565020219345,0.38362134114262203,1.0537866845654313,4
0.1758996223235642,0.3016009344438609,1.116704957879154,4
0.15542916630188042,0.20825096637211296,1.1600212056613575,4
0.13343885112447237,0.10797009243729473,1.1816943639897743,4
0.11096486162372861,0.0054835528058897205,1.180703192479777,0
0.08906617339213432,-0.09437948126951534,1.1570943951861579,4
0.06877465379546942,-0.18691345825905717,1.1119804199055596,4
0.05104644032710565,-0.26775817219644427,1.047487039576541,4
0.036716887357958805,-0.33310421581830246,0.966653185744524,4
0.026461204193659632,-0.37987248003904955,0.8732877539441343,4
0.020762639175802927,-0.40585924173640553,0.7717901283370128,4
0.01988970899413356,-0.40984000330328924,0.6669428824938014,4
0.02388354616570197,-0.39162719104083893,0.5636864242705937,4
0.03255596086845139,-0.3520789936411786,0.46688620352537863,2
0.045498308455741904,-0.2930589242901463,0.3811034518593799,4
0.06210074481405077,-0.2173480118258779,0.3103802571389953,2
0.15757440787136295,0.2180337592813307,0.20895832875807696,4
0.17888331169465416,0.31520724136893497,0.24231696223549987,4
0.19814828978313367,0.40305995395909455,0.29635690061872294,2
0.21446157533443708,0.4774522725154751,0.3685317791083257,2
0.2270544854571045,0.5348788269916515,0.45544071355294125,4
0.23533364154971662,0.5726336750559881,0.5529885502931493,4
0.23890892933246738,0.5889378062396589,0.6565788300218839,4
0.2376118810529839,0.5830229690054983,0.7613303731938839,4
0.23150361369586747,0.555167870801701,0.8623072814680635,4
0.2208719491470964,0.5066850453518907,0.9547515175024801,4
0.20621785201129805,0.4398590059955603,1.0343071039294687,4
0.18823182413266876,0.357838599296799,1.0972253772431912,4
0.167761368110985,0.2644886312250513,1.1405416250253948,4
0.14577105293357692,0.16420775729023285,1.1622147833538117,4
0.1232970634328332,0.06172121765882803,1.1612236118438144,4
0.10139837520123887,-0.038141816416577254,1.137614814550195,4
0.08110685560457401,-0.13067579340611885,1.092500839269597,4
0.06337864213621024,-0.21152050734350594,1.0280074589405783,4
0.04904908916706337,-0.27686655096536433,0.9471736051085611,4
0.038793406002764194,-0.32363481518611137,0.8538081733081713,4
0.03309484098490753,-0.34962157688346723,0.7523105477010502,4
0.03222191080323815,-0.3536023384503509,0.6474633018578385,4
0.03621574797480656,-0.33538952618790063,0.5442068436346307,2
0.04488816267755601,-0.29584132878824015,0.4474066228894157,2
0.057830510264846466,-0.23682125943720814,0.3616238712234173,2
0.14636693360730382,0.1669251096446725,0.16640838592202534,4
0.1687156864726268,0.2688405415339949,0.1775138538923037,4
0.19002459029591803,0.3660140236215994,0.21087248736972666,2
0.20928956838439755,0.4538667362117588,0.2649124257529496,2
0.22560285393570095,0.5282590547681395,0.3370873042425525,2
0.23819576405836837,0.5856856092443158,0.4239962386871679,4
0.24647492015098046,0.6234404573086524,0.521544075427376,4
0.25005020793373123,0.6397445884923233,0.6251343551561106,4
0.2487531596542478,0.6338297512581629,0.7298858983281106,4
0.24264489229713138,0.6059746530543656,0.8308628066022903,4
0.23201322774836033,0.5574918276045553,0.9233070426367068,4
0.21735913061256193,0.49066578824822477,1.0028626290636953,4
0.1993731027339327,0.4086453815494636,1.0657809023774178,4
0.17890264671224887,0.3152954134777157,1.1090971501596216,4
0.15691233153484085,0.21501453954289748,1.1307703084880385,4
0.1344383420340971,0.11252799991149247,1.129779136978041,4
0.1125396538025028,0.01266496583608741,1.106170339684422,0
0.09224813420583794,-0.07986901115345428,1.0610563644038238,4
0.07451992073747413,-0.1607137250908415,0.9965629840748051,4
0.06019036776832726,-0.22605976871269987,0.9157291302427878,4
0.049934684604028126,-0.27282803293344676,0.8223636984423985,4
0.04423611958617142,-0.2988147946308028,0.720866072835277,4
0.04336318940450204,-0.30279555619768644,0.6160188269920652,4
0.04735702657607045,-0.2845827439352362,0.5127623687688575,2
0.056029441278819855,-0.2450345465355759,0.41596214802364284,2
0.133456783882714,0.10805186992224779,0.1361516699553501,4
0.15579231135457183,0.20990699098818644,0.12448068217118458,4
0.17814106421989484,0.31182242287750905,0.13558615014146302,4
0.19944996804318604,0.4089959049651134,0.16894478361888587,2
0.2187149461316656,0.49684861755527293,0.22298472200210898,2
0.235028231682969,0.5712409361116535,0.29515960049171175,2
0.2476211418056364,0.6286674905878298,0.3820685349363273,4
0.25590029789824853,0.6664223386521665,0.47961637167653537,4
0.25947558568099927,0.6827264698358372,0.58320665140527,4
0.25817853740151575,0.6768116326016768,0.6879581945772699,4
0.2520702700443994,0.6489565343978795,0.7889351028514495,4
0.24143860549562832,0.6004737089480691,0.8813793388858662,4
0.22678450835982994,0.5336476695917387,0.9609349253128546,4
0.20879848048120064,0.4516272628929774,1.0238531986265773,4
0.1883280244595169,0.3582772948212296,1.0671694464087809,4
0.16633770928210884,0.25799642088641117,1.0888426047371977,4
0.1438637197813651,0.15550988125500642,1.0878514332272005,4
0.12196503154977081,0.05564684717960135,1.064242635933581,4
0.10167351195310592,-0.03688712980994048,1.019128660652983,4
0.08394529848474211,-0.11773184374732774,0.9546352803239643,4
0.06961574551559531,-0.18307788736918576,0.8738014264919473,4
0.059360062351296136,-0.22984615158993285,0.7804359946915576,4
0.05366149733343943,-0.25583291328728885,0.678938369084436,4
0.05278856715177008,-0.2598136748541725,0.5740911232412244,2
0.056782404323338476,-0.24160086259172223,0.47083466501801696,2
0.11945228564609624,0.04418815033220479,0.11961387893966718,4
0.14072213647024248,0.1411835417988954,0.0857163729723649,4
0.16305766394210033,0.24303866286483425,0.07404538518819931,4
0.1854064168074233,0.3449540947541566,0.08515085315847776,4
0.20671532063071454,0.4421275768417612,0.11850948663590077,2
0.22598029871919403,0.5299802894319205,0.17254942501912374,2
0.24229358427049744,0.6043726079883011,0.24472430350872648,4
0.2548864943931649,0.6617991624644773,0.3316332379533421,4
0.263165650485777,0.699554010528814,0.42918107469355027,4
0.26674093826852774,0.7158581417124849,0.5327713544222847,4
0.2654438899890442,0.7099433044783243,0.6375228975942847,4
0.25933562263192783,0.6820882062745269,0.7384998058684644,4
0.2487039580831568,0.6336053808247167,0.8309440419028808,4
0.23404986094735836,0.5667793414683862,0.9104996283298696,4
0.21606383306872912,0.48475893476962495,0.973417901643592,4
0.19559337704704532,0.39140896669787706,1.0167341494257958,4
0.17360306186963728,0.2911280927630588,1.0384073077542126,4
0.15112907236889356,0.188641553131654,1.0374161362442151,4
0.12923038413729923,0.08877851905624871,1.013807338950596,4
0.10893886454063433,-0.0037554579332930564,0.9686933636699976,0
0.0912106510722706,-0.08460017187067999,0.9041999833409791,4
0.07688109810312373,-0.14994621549253834,0.8233661295089618,4
0.06662541493882455,-0.19671447971328537,0.7300006977085721,4
0.06092684992096788,-0.2227012414106413,0.6285030721014506,2
0.06005391973929851,-0.2266820029775249,0.5236558262582393,1
0.1050133316066238,-0.02165678722787788,0.11757427447597735,0
0.12421526926969596,0.06590844658346147,0.06304750262755199,4
0.14548512009384224,0.16290383805015224,0.029149996660249533,4
0.16782064756570003,0.2647589591160909,0.017479008876084,4
0.19016940043102307,0.3666743910054135,0.02858447684636245,2
0.21147830425431427,0.4638478730930178,0.0619431103237853,2
0.2307432823427938,0.5517005856831773,0.11598304870700826,2
0.24705656789409722,0.6260929042395579,0.18815792719661115,4
0.25964947801676463,0.6835194587157342,0.27506686164122673,4
0.26792863410937673,0.7212743067800709,0.3726146983814348,4
0.27150392189212746,0.7375784379637417,0.47620497811016926,4
0.270206873612644,0.7316636007295813,0.5809565212821693,4
0.2640986062555276,0.703808502525784,0.681933429556349,4
0.25346694170675654,0.6553256770759736,0.7743776655907656,4
0.23881284457095817,0.5884996377196431,0.853933252017754,4
0.22082681669232887,0.5064792310208818,0.9168515253314767,4
0.2003563606706451,0.4131292629491341,0.9601677731136803,4
0.1783660454932371,0.31284838901431583,0.9818409314420972,4
0.15589205599249334,0.21036184938291086,0.9808497599320998,4
0.13399336776089898,0.11049881530750556,0.9572409626384806,4
0.11370184816423418,0.017964838317964096,0.9121269873578824,0
0.09597363469587036,-0.06287987561942314,0.8476336070288638,4
0.0816440817267235,-0.1282259192412815,0.7667997531968465,4
0.07138839856242432,-0.17499418346202852,0.6734343213964568,4
0.06568983354456766,-0.2009809451593844,0.5719366957893357,1
0.09082028605423778,-0.08638032576325043,0.13012896283616904,4
0.10704951422210296,-0.012371328128096088,0.05754222952507165,0
0.12625145188517514,0.07519390568324343,0.003015457676646127,4
0.14752130270932137,0.17218929714993397,-0.030882048290656217,4
0.16985683018117925,0.27404441821587283,-0.04255303607482186,4
0.1922055830465022,0.3759598501051952,-0.031447568104543466,2
0.2135144868697934,0.47313333219279957,0.0019110653728793836,2
0.23277946495827295,0.5609860447829592,0.0559510037561024,2
0.24909275050957638,0.6353783633393398,0.1281258822457053,4
0.2616856606322438,0.6928049178155161,0.2150348166903207,4
0.2699648167248559,0.7305597658798527,0.3125826534305287,4
0.2735401045076067,0.7468638970635236,0.4161729331592634,4
0.27224305622812317,0.7409490598293632,0.5209244763312633,4
0.26613478887100683,0.7130939616255659,0.6219013846054431,4
0.25550312432223576,0.6646111361757556,0.7143456206398596,4
0.24084902718643736,0.597785096819425,0.7939012070668483,4
0.22286299930780812,0.515764690120664,0.8568194803805708,4
0.20239254328612435,0.42241472204891617,0.9001357281627744,4
0.18040222810871628,0.3221338481140978,0.9218088864911913,4
0.1579282386079725,0.21964730848269282,0.9208177149811939,4
0.13602955037637826,0.11978427440728791,0.8972089176875748,4
0.11573803077971337,0.027250297417746053,0.8520949424069766,0
0.09800981731134956,-0.05359441651964118,0.787601562077958,4
0.08368026434220269,-0.11894046014149955,0.7067677082459407,4
0.07342458117790356,-0.1657087243622464,0.6134022764455513,1
0.07754192605775855,-0.14693268866144407,0.15668636643032358,4
0.09003372262737967,-0.08996723514650166,0.06945996242923363,4
0.1062629507952449,-0.015958237511346993,-0.0031267708818639717,0
0.12546488845831708,0.07160699629999236,-0.05765354273028939,4
0.14673473928246336,0.16860238776668313,-0.09155104869759179,4
0.16907026675432119,0.27045750883262176,-0.10322203648175732,4
0.19141901961964414,0.3723729407219442,-0.09211656851147887,2
0.2127279234429354,0.4695464228095487,-0.0587579350340558,2
0.2319929015314149,0.5573991353997082,-0.004717996650832779,4
0.2483061870827183,0.6317914539560888,0.06745688183876997,4
0.26089909720538573,0.6892180084322649,0.15436581628338547,4
0.2691782532979978,0.7269728564966017,0.2519136530235938,4
0.27275354108074856,0.7432769876802724,0.35550393275232817,4
0.27145649280126505,0.7373621504461119,0.4602554759243283,4
0.2653482254441487,0.7095070522423145,0.5612323841985078,4
0.2547165608953776,0.661024226792504,0.6536766202329245,4
0.24006246375957918,0.5941981874361737,0.7332322066599131,4
0.22207643588094994,0.5121777807374125,0.7961504799736354,4
0.20160597985926615,0.4188278126656646,0.8394667277558391,4
0.17961566468185808,0.31854693873084616,0.8611398860842561,4
0.1571416751811144,0.21606039909944158,0.8601487145742586,4
0.13524298694952006,0.11619736502403628,0.8365399172806394,4
0.11495146735285518,0.023663388034494512,0.791425942000041,0
0.09722325388449138,-0.05718132590289275,0.7269325616710223,4
0.08289370091534458,-0.12252736952475078,0.6460987078390052,1
0.06580392865347891,-0.20046064533007305,0.1959950989745305,4
0.07396967949948766,-0.16322295116491561,0.0982391371254216,4
0.08646147606910878,-0.1062574976499732,0.011012733124331653,4
0.10269070423697399,-0.0322485000148187,-0.06157400018676584,4
0.12189264190004619,0.055316733796520814,-0.11610077203519142,4
0.14316249272419243,0.15231212526321142,-0.14999827800249366,4
0.16549802019605026,0.25416724632915005,-0.1616692657866593,2
0.18784677306137326,0.35608267821847267,-0.15056379781638085,2
0.20915567688466452,0.4532561603060772,-0.11720516433895778,2
0.22842065497314398,0.5411088728962365,-0.06316522595573482,4
0.24473394052444739,0.6155011914526171,0.009009652533867929,4
0.2573268506471148,0.6729277459287933,0.09591858697848349,4
0.2656060067397269,0.71068259399313,0.1934664237186916,4
0.2691812945224777,0.7269867251768009,0.29705670344742624,4
0.26788424624299423,0.7210718879426404,0.4018082466194261,4
0.2617759788858778,0.6932167897388429,0.5027851548936059,4
0.2511443143371067,0.6447339642890327,0.5952293909280224,4
0.23649021720130836,0.5779079249327023,0.6747849773550109,4
0.21850418932267907,0.495887518233941,0.7377032506687335,4
0.19803373330099527,0.40253755016219306,0.7810194984509371,4
0.1760434181235873,0.302256676227375,0.802692656779354,4
0.1535694286228435,0.19977013659597004,0.8017014852693565,4
0.13167074039124918,0.09990710252056474,0.7780926879757373,4
0.11137922079458429,0.007373125531022972,0.732978712695139,0
0.09365100732622056,-0.07347158840636396,0.6684853323661206,2
0.05615938890960538,-0.2444419555756101,0.2462029308798035,4
0.05961432341350727,-0.2286866629095558,0.14252367735605387,4
0.06778007425951604,-0.19144896874439826,0.04476771550694458,4
0.08027187082913717,-0.13448351522945584,-0.04245868849414541,4
0.09650109899700238,-0.06047451759430135,-0.11504542180524291,4
0.11570303666007455,0.027090716217038,-0.16957219365366827,0
0.13697288748422076,0.12408610768372853,-0.2034696996209706,4
0.15930841495607861,0.2259412287496674,-0.21514068740513625,2
0.18165716782140165,0.32785666063899,-0.2040352194348578,2
0.20296607164469285,0.42503014272659434,-0.17067658595743496,2
0.22223104973317237,0.5128828553167537,-0.116636647574212,4
0.2385443352844758,0.5872751738731344,-0.04446176908460914,4
0.2511372454071432,0.6447017283493107,0.042447165360006256,4
0.2594164014997553,0.6824565764136474,0.13999500210021454,4
0.26299168928250605,0.6987607075973182,0.24358528182894895,4
0.2616946410030226,0.6928458703631577,0.3483368250009491,4
0.2555863736459062,0.6649907721593604,0.44931373327512864,4
0.24495470909713515,0.6165079467095502,0.5417579693095451,4
0.23030061196133675,0.5496819073532196,0.6213135557365338,4
0.21231458408270745,0.46766150065445833,0.6842318290502565,4
0.19184412806102374,0.37431153258271077,0.7275480768324599,4
0.16985381288361567,0.2740306586478924,0.7492212351608769,4
0.14737982338287192,0.1715441190164874,0.7482300636508794,4
0.12548113515127757,0.0716810849410821,0.7246212663572602,4
0.10518961555461276,-0.020852892048459373,0.6795072910766622,0
0.04906275805693422,-0.27680421769679087,0.3049440664098083,4
0.047644079519320606,-0.2832737167665733,0.20022689320667836,4
0.05109901402322249,-0.267518424100519,0.09654763968292873,4
0.059264764869231226,-0.23028072993536167,-0.0012083221661802201,4
0.0717565614388524,-0.17331527642041902,-0.08843472616727055,4
0.08798578960671757,-0.0993062787852647,-0.16102145947836788,4
0.10718772726978971,-0.011741044973925403,-0.21554823132679335,0
0.128457578093936,0.08525434649276535,-0.2494457372940958,4
0.15079310556579387,0.18710946755870422,-0.26111672507826145,2
0.17314185843111682,0.2890248994480266,-0.2500112571079831,2
0.19445076225440805,0.38619838153563096,-0.21665262363056015,2
0.2137157403428876,0.47405109412579055,-0.16261268524733719,4
0.23002902589419097,0.5484434126821711,-0.0904378067577345,4
0.2426219360168584,0.6058699671583475,-0.003528872313118825,4
0.25090109210947054,0.6436248152226841,0.09401896442708918,4
0.25447637989222127,0.659928946406355,0.19760924415582382,4
0.25317933161273787,0.6540141091721946,0.3023607873278237,4
0.24707106425562145,0.6261590109683973,0.4033376956020033,4
0.23643939970685038,0.577676185518587,0.49578193163642004,4
0.22178530257105197,0.5108501461622564,0.5753375180634086,4
0.20379927469242276,0.42882973946349556,0.6382557913771311,4
0.18332881867073897,0.33547977139174756,0.6815720391593347,4
0.1613385034933309,0.2351988974569292,0.7032451974877517,4
0.13886451399258715,0.1327123578255242,0.7022540259777543,4
0.11696582576099289,0.0328493237501193,0.6786452286841352,2
0.0448484297224451,-0.2960225201640977,0.3694506201030392,4
0.03862298635221387,-0.324411967826034,0.26862980604683573,4
0.03720430781460027,-0.33088146689581643,0.16391263284370622,4
0.04065924231850218,-0.31512617422976197,0.06023337931995615,4
0.04882499316451093,-0.27788848006460454,-0.03752258252915275,4
0.06131678973413206,-0.22092302654966212,-0.12474898653024269,4
0.07754601790199726,-0.1469140289145076,-0.19733571984134013,4
0.09674795556506946,-0.05934879510316811,-0.2518624916897657,4
0.11801780638921573,0.03764659636352265,-0.28575999765706805,2
0.14035333386107357,0.13950171742946135,-0.2974309854412336,2
0.16270208672639652,0.24141714931878375,-0.28632551747095514,2
0.18401099054968778,0.3385906314063883,-0.2529668839935322,2
0.20327596863816727,0.4264433439965476,-0.1989269456103091,4
0.21958925418947067,0.5008356625529283,-0.1267520671207063,4
0.2321821643121381,0.5582622170291045,-0.03984313267609085,4
0.2404613204047502,0.5960170650934412,0.057704704064117485,4
0.24403660818750098,0.6123211962771119,0.1612949837928519,4
0.24273955990801746,0.6064063590429515,0.26604652696485176,4
0.23663129255090107,0.5785512608391541,0.3670234352390315,4
0.22599962800212997,0.5300684353893437,0.45946767127344823,4
0.21134553086633162,0.4632423960330134,0.5390232577004366,4
0.19335950298770233,0.3812219893342521,0.6019415310141591,4
0.17288904696601853,0.2878720212625041,0.6452577787963627,4
0.15089873178861046,0.1875911473276857,0.6669309371247797,4
0.1284247422878668,0.0851046076962811,0.6659397656147822,2
0.11148490723260872,-0.19900300795825507,0.6659397656147822,4
0.11224788596212455,-0.3012360553767312,0.6423309683211631,4
0.11295486884977862,-0.3959661078428807,0.5972169930405649,4
0.11357254282392848,-0.47872948019599054,0.5327236127115462,4
0.11407180305373328,-0.5456263578850751,0.4518897588795289,4
0.11442912437034641,-0.5935045564399997,0.3585243270791394,4
0.11462766977413524,-0.6201080525730371,0.257026701472018,4
0.1146580837950082,-0.6241832881173685,0.15217945562880641,4
0.11451893332266803,-0.6055382377552401,0.04892299740559869,4
0.11421677513484602,-0.5650514572612504,-0.04787722333961619,4
0.11376584694158298,-0.5046306859070596,-0.13365997500561477,4
0.11318739650356752,-0.4271229536844315,-0.20438316972599957,4
0.11250868043651087,-0.33618042909909257,-0.25671432676658723,2
0.11176167987795059,-0.23608832879456154,-0.2881875991966114,2
0.11098159353433182,-0.13156299791372317,-0.2973199647285548,2
0.11020517911606889,-0.02752967566235213,-0.2836811058079991,0
0.10946902131225617,0.07110958222682522,-0.24791368619990428,4
0.10880780791815263,0.15970688862357676,-0.1917030686374822,4
0.10825269534440612,0.23408753369140542,-0.11769790043967676,4
0.10782984052530993,0.2907466974392932,-0.029385309107221147,4
0.10755916840265388,0.32701459702794305,0.06907341131251044,4
0.10745343306139692,0.3411822870805757,0.17303888062454437,4
0.10751761675649874,0.33258218528088107,0.2776122403303007,4
0.10774869514879847,0.3016195288876227,0.3778659881031942,4
0.10813577981203835,0.24975327993323768,0.46907616196294777,2
0.11106561946031743,-0.14282179995283129,0.7032451974877518,4
0.11184864243297615,-0.24774061563773755,0.7022540259777544,4
0.11261162116249197,-0.34997366305621386,0.6786452286841352,4
0.11331860405014606,-0.44470371552236326,0.6335312534035371,4
0.11393627802429591,-0.5274670878754731,0.5690378730745184,4
0.1144355382541007,-0.5943639655645575,0.4882040192425011,4
0.11479285957071383,-0.6422421641194822,0.3948385874421116,4
0.11499140497450266,-0.6688456602525196,0.29334096183499014,4
0.11502181899537563,-0.672920895796851,0.1884937159917785,4
0.11488266852303547,-0.6542758454347225,0.08523725776857083,4
0.11458051033521344,-0.6137890649407329,-0.011562962976643942,4
0.1141295821419504,-0.5533682935865419,-0.09734571464264274,4
0.11355113170393494,-0.4758605613639139,-0.16806890936302732,4
0.1128724156368783,-0.3849180367785749,-0.2204000664036151,2
0.11212541507831801,-0.28482593647404403,-0.25187333883363927,2
0.11134532873469924,-0.18030060559320543,-0.26100570436558257,2
0.11056891431643633,-0.07626728334183462,-0.24736684544502685,4
0.1098327565126236,0.022371974547342733,-0.21159942583693214,0
0.10917154311852006,0.11096928094409443,-0.15538880827450985,4
0.10861643054477355,0.18534992601192304,-0.0813836400767044,4
0.10819357572567735,0.24200908975981075,0.0069289512557511035,4
0.10792290360302131,0.2782769893484605,0.10538767167548269,4
0.10781716826176435,0.29244467940109314,0.20935314098751703,4
0.10788135195686617,0.28384457760139853,0.3139265006932729,4
0.1081124303491659,0.2528819212081404,0.414180248466166,2
0.1105961327638109,-0.07991433759571619,0.72754807683246,4
0.11136230389508006,-0.18257514131617347,0.7492212351608769,4
0.11214532686773879,-0.28749395700107994,0.7482300636508795,4
0.11290830559725461,-0.38972700441955604,0.7246212663572604,4
0.11361528848490868,-0.4844570568857057,0.6795072910766622,4
0.11423296245905853,-0.5672204292388154,0.6150139107476436,4
0.11473222268886334,-0.6341173069278998,0.5341800569156264,4
0.11508954400547647,-0.6819955054828245,0.4408146251152368,4
0.1152880894092653,-0.7085990016158621,0.33931699950811534,4
0.11531850343013826,-0.7126742371601934,0.23446975366490375,4
0.1151793529577981,-0.6940291867980649,0.13121329544169613,4
0.11487719476997607,-0.6535424063040753,0.03441307469648114,4
0.11442626657671304,-0.5931216349498845,-0.05136967696951744,4
0.11384781613869757,-0.5156139027272564,-0.12209287168990224,4
0.11316910007164094,-0.4246713781419175,-0.1744240287304899,2
0.11242209951308064,-0.32457927783738644,-0.20589730116051408,2
0.11164201316946187,-0.22005394695654806,-0.2150296666924575,2
0.11086559875119896,-0.11602062470517724,-0.20139080777190177,4
0.11012944094738622,-0.017381366815999676,-0.16562338816380695,0
0.1094682275532827,0.07121593958075202,-0.10941277060138477,4
0.10891311497953618,0.1455965846485804,-0.03540760240357954,4
0.10849026016043999,0.20225574839646834,0.052904988928876184,4
0.10821958803778393,0.23852364798511813,0.15136370934860782,4
0.10811385269652697,0.25269133803775073,0.2553291786606422,4
0.1081780363916288,0.24409123623805615,0.359902538366398,2
0.1100985693814474,-0.013244823892307035,0.7377032506687335,0
0.11081178664646606,-0.10881023306249211,0.7810194984509371,4
0.11157795777773521,-0.21147103678294962,0.802692656779354,4
0.11236098075039394,-0.3163898524678559,0.8017014852693565,4
0.11312395947990976,-0.4186228998863322,0.7780926879757373,4
0.11383094236756383,-0.5133529523524816,0.7329787126951393,4
0.11444861634171369,-0.5961163247055915,0.6684853323661205,4
0.11494787657151849,-0.6630132023946759,0.5876514785341033,4
0.11530519788813162,-0.7108914009496006,0.4942860467337137,4
0.11550374329192045,-0.7374948970826379,0.39278842112659224,4
0.11553415731279341,-0.7415701326269692,0.2879411752833807,4
0.11539500684045326,-0.7229250822648409,0.18468471706017292,4
0.11509284865263122,-0.6824383017708513,0.08788449631495815,4
0.11464192045936819,-0.6220175304166603,0.0021017446489594027,4
0.11406347002135273,-0.5445097981940323,-0.06862145007142523,4
0.11338475395429608,-0.45356727360869326,-0.12095260711201306,2
0.1126377533957358,-0.35347517330416234,-0.15242587954203712,2
0.11185766705211703,-0.24894984242332396,-0.16155824507398053,2
0.11108125263385411,-0.14491652017195294,-0.14791938615342481,4
0.11034509483004137,-0.046277262282775386,-0.11215196654532988,4
0.10968388143593785,0.04232004411397593,-0.05594134898290787,4
0.10912876886219133,0.11670068918180458,0.018063819214897636,4
0.10870591404309514,0.17335985292969242,0.1063764105473532,4
0.10843524192043909,0.20962775251834231,0.20483513096708522,4
0.10832950657918212,0.22379544257097483,0.3088006002791187,2
0.10959637452653095,0.05404527009048064,0.7332322066599128,4
0.11022303108946033,-0.029921697315953327,0.7961504799736354,0
0.11093624835447898,-0.1254871064861386,0.839466727755839,4
0.11170241948574815,-0.2281479102065959,0.8611398860842558,4
0.11248544245840686,-0.3330667258915024,0.8601487145742586,4
0.1132484211879227,-0.4352997733099785,0.8365399172806394,4
0.11395540407557676,-0.530029825776128,0.7914259420000411,4
0.11457307804972662,-0.6127931981292378,0.7269325616710225,4
0.11507233827953142,-0.6796900758183222,0.6460987078390054,4
0.11542965959614455,-0.727568274373247,0.5527332760386157,4
0.11562820499993338,-0.7541717705062845,0.45123565043149444,4
0.11565861902080635,-0.7582470060506158,0.3463884045882827,4
0.11551946854846618,-0.7396019556884874,0.2431319463650751,4
0.11521731036064414,-0.6991151751944977,0.14633172561986013,4
0.11476638216738112,-0.6386944038403068,0.06054897395386155,4
0.11418793172936566,-0.5611866716176788,-0.010174220766523245,2
0.11350921566230901,-0.4702441470323399,-0.06250537780711096,2
0.11276221510374873,-0.37015204672780905,-0.09397865023713503,2
0.11198212876012996,-0.26562671584697045,-0.10311101576907855,4
0.11120571434186705,-0.16159339359559943,-0.08947215684852283,4
0.1104695565380543,-0.06295413570642223,-0.05370473724042807,4
0.10980834314395077,0.025643170690329443,0.002505880321994114,0
0.10925323057020427,0.1000238157581581,0.07651104851979962,4
0.10883037575110807,0.15668297950604593,0.16482363985225518,4
0.10855970362845202,0.19295087909469572,0.26328236027198676,2
0.10911321164760107,0.11878523150963054,0.7143456206398598,4
0.10962377941753451,0.050373233881498544,0.7939012070668483,4
0.11025043598046388,-0.03359373352493562,0.856819480380571,4
0.11096365324548255,-0.1291591426951207,0.9001357281627745,4
0.1117298243767517,-0.2318199464155782,0.9218088864911915,4
0.11251284734941043,-0.3367387621004845,0.920817714981194,4
0.11327582607892625,-0.4389718095189607,0.8972089176875748,4
0.11398280896658032,-0.5337018619851102,0.8520949424069767,4
0.11460048294073018,-0.6164652343382201,0.787601562077958,4
0.11509974317053498,-0.6833621120273045,0.7067677082459407,4
0.11545706448714811,-0.731240310582229,0.6134022764455512,4
0.11565560989093694,-0.7578438067152665,0.5119046508384297,4
0.1156860239118099,-0.7619190422595978,0.40705740499521825,4
0.11554687343946973,-0.7432739918974695,0.3038009467720104,4
0.11524471525164771,-0.7027872114034799,0.20700072602679565,4
0.11479378705838468,-0.6423664400492889,0.1212179743607969,4
0.11421533662036921,-0.5648587078266609,0.05049477964041227,2
0.11353662055331257,-0.473916183241322,-0.0018363774001754485,2
0.11278961999475229,-0.3738240829367909,-0.03330964983019963,2
0.11200953365113352,-0.26929875205595233,-0.042442015362142926,4
0.1112331192328706,-0.16526542980458175,-0.028803156441587263,4
0.11049696142905786,-0.0666261719154042,0.0069642631665075005,4
0.10983574803495433,0.02197113448134751,0.06317488072892974,0
0.10928063546120782,0.0963517795491761,0.13718004892673524,4
0.10885778064211163,0.15301094329706383,0.2254926402591907,2
0.10867184740546643,0.17792450990550907,0.6819334295563491,4
0.10904226840165909,0.1282910590587269,0.7743776655907656,4
0.10955283617159255,0.059879061430594724,0.8539332520177543,4
0.11017949273452192,-0.02408790597583919,0.9168515253314767,0
0.11089270999954057,-0.11965331514602452,0.9601677731136803,4
0.11165888113080974,-0.2223141188664818,0.9818409314420973,4
0.11244190410346845,-0.3272329345513882,0.9808497599320998,4
0.11320488283298429,-0.4294659819698644,0.9572409626384807,4
0.11391186572063836,-0.5241960344360139,0.9121269873578824,4
0.11452953969478821,-0.6069594067891237,0.8476336070288638,4
0.11502879992459301,-0.6738562844782081,0.7667997531968467,4
0.11538612124120615,-0.7217344830331328,0.673434321396457,4
0.11558466664499498,-0.7483379791661703,0.5719366957893356,4
0.11561508066586794,-0.7524132147105016,0.4670894499461239,4
0.11547593019352777,-0.7337681643483731,0.3638329917229163,4
0.11517377200570574,-0.6932813838543834,0.2670327709777013,4
0.11472284381244272,-0.6328606125001928,0.18125001931170284,4
0.11414439337442725,-0.5553528802775647,0.11052682459131802,2
0.1134656773073706,-0.46441035569222555,0.058195667550730246,2
0.11271867674881032,-0.3643182553876944,0.026722395120706177,2
0.11193859040519155,-0.25979292450685626,0.017590029588762768,4
0.11116217598692862,-0.15575960225548524,0.031228888509318486,4
0.1104260181831159,-0.05712034436630768,0.06699630811741342,4
0.10976480478901236,0.031476962030443964,0.12320692567983571,4
0.10920969221526586,0.10585760709827229,0.1972120938776409,2
0.10829307890692469,0.22867645930338396,0.6375228975942847,2
0.10850589887213849,0.20016028610795658,0.7384998058684642,4
0.10887631986833116,0.1505268352611743,0.8309440419028808,4
0.10938688763826461,0.0821148376330423,0.9104996283298694,4
0.11001354420119398,-0.0018521297733918704,0.973417901643592,0
0.11072676146621263,-0.09741753894357695,1.0167341494257955,4
0.1114929325974818,-0.20007834266403435,1.0384073077542126,4
0.11227595557014051,-0.3049971583489407,1.0374161362442151,4
0.11303893429965635,-0.4072302057674169,1.013807338950596,4
0.11374591718731042,-0.5019602582335665,0.9686933636699977,4
0.11436359116146028,-0.5847236305866762,0.9041999833409791,4
0.11486285139126508,-0.6516205082757607,0.8233661295089618,4
0.11522017270787821,-0.6994987068306853,0.7300006977085723,4
0.11541871811166704,-0.7261022029637227,0.6285030721014508,4
0.11544913213253999,-0.7301774385080542,0.5236558262582393,4
0.11530998166019983,-0.7115323881459257,0.4203993680350315,4
0.1150078234723778,-0.6710456076519361,0.3235991472898167,4
0.11455689527911478,-0.6106248362977452,0.23781639562381812,4
0.11397844484109931,-0.5331171040751171,0.16709320090343333,2
0.11329972877404267,-0.44217457948977806,0.11476204386284555,2
0.11255272821548239,-0.3420824791852474,0.08328877143282154,4
0.11177264187186361,-0.23755714830440883,0.07415640590087808,4
0.11099622745360069,-0.13352382605303778,0.0877952648214338,4
0.11026006964978796,-0.03488456816386022,0.12356268442952872,4
0.10959885625568443,0.05371273823289109,0.17977330199195068,2
0.10799475374397303,0.2686496451214418,0.58320665140527,2
0.10803994459001527,0.26259443319010883,0.6879581945772699,4
0.10825276455522907,0.23407825999468143,0.7889351028514496,4
0.10862318555142174,0.18444480914789926,0.8813793388858662,4
0.10913375332135519,0.11603281151976709,0.9609349253128548,4
0.10976040988428457,0.03206584411333317,1.0238531986265773,4
0.11047362714930321,-0.06349956505685204,1.0671694464087809,4
0.11123979828057237,-0.16616036877730944,1.0888426047371977,4
0.1120228212532311,-0.2710791844622158,1.0878514332272005,4
0.11278579998274692,-0.373312231880692,1.0642426359335813,4
0.113492782870401,-0.4680422843468414,1.019128660652983,4
0.11411045684455086,-0.5508056566999514,0.9546352803239644,4
0.11460971707435565,-0.6177025343890357,0.8738014264919473,4
0.11496703839096878,-0.6655807329439605,0.7804359946915576,4
0.11516558379475762,-0.692184229076998,0.6789383690844362,4
0.11519599781563057,-0.6962594646213293,0.5740911232412245,4
0.11505684734329041,-0.6776144142592008,0.47083466501801685,4
0.11475468915546838,-0.6371276337652112,0.3740344442728021,4
0.11430376096220536,-0.5767068624110203,0.2882516926068034,2
0.11372531052418988,-0.4991991301883922,0.21752849788641862,2
0.11304659445713325,-0.4082566056030536,0.16519734084583093,2
0.11229959389857297,-0.3081645052985225,0.13372406841580686,4
0.11151950755495418,-0.20363917441768392,0.12459170288386334,4
0.11074309313669127,-0.09960585216631289,0.13823056180441906,4
0.11000693533287854,-0.0009665942771356747,0.17399798141251377,0
0.10779092901431453,0.2959605286967408,0.5215440754273762,2
0.10766636134609224,0.312651599940968,0.6251343551561106,4
0.10771155219213448,0.306596388009635,0.7298858983281107,4
0.10792437215734828,0.2780802148142077,0.8308628066022903,4
0.10829479315354094,0.2284467639674254,0.9233070426367069,4
0.10880536092347438,0.1600347663392934,1.0028626290636955,4
0.10943201748640376,0.07606779893285935,1.065780902377418,4
0.11014523475142242,-0.019497610237325862,1.1090971501596216,0
0.11091140588269158,-0.12215841395778328,1.1307703084880387,4
0.1116944288553503,-0.22707722964268964,1.129779136978041,4
0.11245740758486612,-0.3293102770611657,1.106170339684422,4
0.1131643904725202,-0.42404032952731535,1.0610563644038238,4
0.11378206444667005,-0.5068037018804251,0.9965629840748051,4
0.11428132467647485,-0.5737005795695096,0.9157291302427879,4
0.11463864599308798,-0.6215787781244342,0.8223636984423983,4
0.11483719139687681,-0.6481822742574717,0.7208660728352769,4
0.11486760541774978,-0.6522575098018031,0.6160188269920653,4
0.11472845494540962,-0.6336124594396746,0.5127623687688577,4
0.11442629675758759,-0.593125678945685,0.41596214802364273,4
0.11397536856432455,-0.532704907591494,0.33017939635764404,2
0.11339691812630909,-0.4551971753688662,0.25945620163725946,2
0.11271820205925244,-0.3642546507835272,0.20712504459667166,4
0.11197120150069216,-0.2641625504789961,0.1756517721666475,4
0.11119111515707339,-0.15963721959815752,0.16651940663470421,4
0.11041470073881048,-0.05560389734678692,0.18015826555525985,2
0.10769120895015931,0.3093222197281849,0.45544071355294125,2
0.10740275240289038,0.3479730899743685,0.5529885502931493,2
0.10727818473466809,0.36466416121859563,0.656578830021884,4
0.10732337558071033,0.3586089492872627,0.7613303731938839,4
0.10753619554592413,0.33009277609183524,0.8623072814680637,4
0.10790661654211679,0.28045932524505307,0.9547515175024801,4
0.10841718431205025,0.21204732761692097,1.0343071039294687,4
0.1090438408749796,0.1280803602104869,1.0972253772431912,4
0.10975705813999827,0.03251495104030171,1.1405416250253948,4
0.11052322927126743,-0.0701458526801557,1.1622147833538117,4
0.11130625224392615,-0.17506466836506196,1.1612236118438144,4
0.11206923097344197,-0.2772977157835383,1.137614814550195,4
0.11277621386109606,-0.37202776824968764,1.092500839269597,4
0.11339388783524591,-0.4547911406027975,1.028007458940578,4
0.1138931480650507,-0.5216880182918819,0.9471736051085611,4
0.11425046938166383,-0.5695662168468066,0.8538081733081713,4
0.11444901478545266,-0.596169712979844,0.75231054770105,4
0.11447942880632563,-0.6002449485241754,0.6474633018578385,4
0.11434027833398547,-0.5815998981620469,0.5442068436346307,4
0.11403812014616344,-0.5411131176680573,0.4474066228894157,4
0.1135871919529004,-0.4806923463138664,0.3616238712234173,2
0.11300874151488494,-0.40318461409123835,0.29090067650303253,2
0.1123300254478283,-0.3122420895058993,0.23856951946244476,4
0.11158302488926801,-0.2121499892013682,0.20709624703242063,4
0.11080293854564924,-0.10762465832053006,0.19796388150047728,2
0.10770029236628692,0.30810511461663737,0.38801135974428846,4
0.10726153902797336,0.36689455278261185,0.4749202941889039,2
0.10697308248070443,0.40554542302879554,0.5724681309291122,4
0.10684851481248214,0.4222364942730227,0.6760584106578466,4
0.10689370565852438,0.4161812823416898,0.7808099538298466,4
0.10710652562373818,0.3876651091462624,0.8817868621040262,4
0.10747694661993085,0.3380316582994802,0.9742310981384429,4
0.10798751438986429,0.2696196606713481,1.0537866845654313,4
0.10861417095279366,0.18565269326491413,1.116704957879154,4
0.10932738821781232,0.0900872840947289,1.1600212056613577,4
0.11009355934908148,-0.01257351962572841,1.1816943639897746,0
0.1108765823217402,-0.1174923353106349,1.180703192479777,4
0.11163956105125603,-0.219725382729111,1.1570943951861579,4
0.11234654393891011,-0.3144554351952606,1.1119804199055596,4
0.11296421791305997,-0.39721880754837036,1.047487039576541,4
0.11346347814286475,-0.46411568523745483,0.9666531857445237,4
0.11382079945947789,-0.5119938837923794,0.8732877539441343,4
0.11401934486326673,-0.5385973799254169,0.771790128337013,4
0.11404975888413968,-0.5426726154697483,0.6669428824938013,4
0.11391060841179952,-0.5240275651076198,0.5636864242705935,4
0.11360845022397749,-0.48354078461363026,0.46688620352537885,2
0.11315752203071447,-0.4231200132594394,0.3811034518593801,2
0.11257907159269899,-0.3456122810368113,0.3103802571389953,4
0.11190035552564234,-0.2546697564514723,0.25804910009840754,4
0.11115335496708206,-0.15457765614694158,0.22657582766838352,2
0.1078177512516415,0.29236656342033235,0.3224332887749087,2
0.10724937520315267,0.3685244080217906,0.3946081672645114,0
0.10681062186483911,0.4273138461877652,0.481517101709127,1
0.1065221653175702,0.46596471643394877,0.5790649384493352,3
0.1063975976493479,0.4826557876781759,0.6826552181780697,3
0.10644278849539014,0.476600575746843,0.7874067613500696,2
0.10665560846060393,0.4480844025514156,0.8883836696242493,3
0.1070260294567966,0.39845095170463335,0.9808279056586658,4
0.10753659722673005,0.33003895407650125,1.0603834920856545,3
0.10816325378965942,0.2460719866700672,1.1233017653993769,3
0.10887647105467807,0.1505065774998821,1.1666180131815804,4
0.10964264218594724,0.04784577377942458,1.1882911715099975,3
0.11042566515860597,-0.05707304190548169,1.1873,2
0.11118864388812179,-0.15930608932395798,1.1636912027063808,2
0.11189562677577586,-0.25403614179010736,1.1185772274257828,2
0.11251330074992572,-0.33679951414321724,1.054083847096764,3
0.11301256097973052,-0.4036963918323016,0.9732499932647467,3
0.11336988229634365,-0.4515745903872262,0.8798845614643572,4
0.11356842770013248,-0.47817808652026367,0.7783869358572357,4
0.11359884172100544,-0.482253322064595,0.673539690014024,2
0.11345969124866527,-0.4636082717024666,0.5702832317908166,4
0.11315753306084325,-0.423121491208477,0.47348301104560164,2
0.11270660486758022,-0.36270071985428604,0.3877002593796029,1
0.11212815442956475,-0.28519298763165785,0.3169770646592181,3
0.1114494383625081,-0.1942504630463192,0.26464590761863055,2
0.10803805093723574,0.2628481675170497,0.2617965428714626,4
0.10736683408850727,0.3527858568254855,0.3158364812546855,2
0.10679845804001843,0.42894370142694394,0.3880113597442884,2
0.10635970470170487,0.4877331395929184,0.4749202941889038,2
0.10607124815443594,0.526384009839102,0.5724681309291121,4
0.10594668048621365,0.5430750810833291,0.6760584106578464,4
0.1059918713322559,0.5370198691519963,0.7808099538298465,4
0.10620469129746969,0.5085036959565689,0.8817868621040261,4
0.10657511229366236,0.45887024510978675,0.9742310981384428,4
0.10708568006359581,0.3904582474816547,1.0537866845654313,4
0.10771233662652518,0.3064912800752207,1.116704957879154,4
0.10842555389154383,0.21092587090503542,1.1600212056613575,4
0.109191725022813,0.10826506718457811,1.1816943639897743,4
0.10997474799547172,0.0033462514996716337,1.180703192479777,0
0.11073772672498755,-0.09888679591880449,1.1570943951861579,4
0.11144470961264162,-0.19361684838495405,1.1119804199055596,4
0.11206238358679148,-0.2763802207380638,1.047487039576541,4
0.11256164381659628,-0.34327709842714815,0.966653185744524,4
0.11291896513320941,-0.39115529698207285,0.8732877539441343,4
0.11311751053699824,-0.4177587931151103,0.7717901283370128,4
0.1131479245578712,-0.4218340286594417,0.6669428824938014,4
0.11300877408553103,-0.40318897829731326,0.5636864242705937,4
0.112706615897709,-0.36270219780332363,0.46688620352537863,2
0.11225568770444598,-0.3022814264491327,0.3811034518593799,4
0.11167723726643052,-0.22477369422650492,0.3103802571389953,2
0.10835081089005086,0.22094083530735878,0.20895832875807696,4
0.1076083810150498,0.32042050057147664,0.24231696223549987,4
0.10693716416632132,0.4103581898799126,0.29635690061872294,2
0.10636878811783249,0.4865160344813709,0.3685317791083257,2
0.10593003477951893,0.5453054726473454,0.45544071355294125,4
0.10564157823225001,0.583956342893529,0.5529885502931493,4
0.10551701056402771,0.6006474141377561,0.6565788300218839,4
0.10556220141006996,0.5945922022064232,0.7613303731938839,4
0.10577502137528375,0.5660760290109959,0.8623072814680635,4
0.10614544237147641,0.5164425781642136,0.9547515175024801,4
0.10665601014140987,0.44803058053608164,1.0343071039294687,4
0.10728266670433924,0.36406361312964747,1.0972253772431912,4
0.10799588396935789,0.2684982039594624,1.1405416250253948,4
0.10876205510062706,0.16583740023900487,1.1622147833538117,4
0.10954507807328577,0.06091858455409859,1.1612236118438144,4
0.1103080568028016,-0.04131446286437772,1.137614814550195,4
0.11101503969045567,-0.13604451533052708,1.092500839269597,4
0.11163271366460553,-0.21880788768363685,1.0280074589405783,4
0.11213197389441033,-0.2857047653727213,0.9471736051085611,4
0.11248929521102347,-0.333582963927646,0.8538081733081713,4
0.1126878406148123,-0.3601864600606834,0.7523105477010502,4
0.11271825463568526,-0.36426169560501476,0.6474633018578385,4
0.11257910416334509,-0.3456166452428863,0.5442068436346307,2
0.11227694597552305,-0.3051298647488966,0.4474066228894157,2
0.11182601778226003,-0.24470909339470587,0.3616238712234173,2
0.10874129384431001,0.16861924253606922,0.16640838592202534,4
0.1079626342786267,0.27295339658498635,0.1775138538923037,4
0.10722020440362565,0.3724330618491044,0.21087248736972666,2
0.10654898755489717,0.4623707511575402,0.2649124257529496,2
0.10598061150640833,0.5385285957589986,0.3370873042425525,2
0.10554185816809478,0.5973180339249731,0.4239962386871679,4
0.10525340162082586,0.6359689041711567,0.521544075427376,4
0.10512883395260356,0.6526599754153839,0.6251343551561106,4
0.10517402479864581,0.646604763484051,0.7298858983281106,4
0.1053868447638596,0.6180885902886236,0.8308628066022903,4
0.10575726576005226,0.5684551394418415,0.9233070426367068,4
0.10626783352998571,0.5000431418137093,1.0028626290636953,4
0.10689449009291509,0.41607617440727546,1.0657809023774178,4
0.10760770735793374,0.32051076523709016,1.1090971501596216,4
0.10837387848920291,0.21784996151663286,1.1307703084880385,4
0.10915690146186162,0.11293114583172635,1.129779136978041,4
0.10991988019137745,0.010698098413250244,1.106170339684422,0
0.11062686307903152,-0.08403195405289916,1.0610563644038238,4
0.11124453705318138,-0.16679532640600908,0.9965629840748051,4
0.11174379728298618,-0.23369220409509356,0.9157291302427878,4
0.11210111859959931,-0.28157040265001804,0.8223636984423985,4
0.11229966400338814,-0.3081738987830556,0.720866072835277,4
0.1123300780242611,-0.312249134327387,0.6160188269920652,4
0.11219092755192094,-0.29360408396525856,0.5127623687688575,2
0.11188876936409892,-0.253117303471269,0.41596214802364284,2
0.10919110022223338,0.10834878546506475,0.1361516699553501,4
0.1084129014464292,0.21262119735559537,0.12448068217118458,4
0.10763424188074591,0.3169553514045127,0.13558615014146302,4
0.10689181200574485,0.41643501666863053,0.16894478361888587,2
0.10622059515701637,0.5063727059770665,0.22298472200210898,2
0.10565221910852754,0.5825305505785248,0.29515960049171175,2
0.10521346577021398,0.6413199887444994,0.3820685349363273,4
0.10492500922294505,0.6799708589906829,0.47961637167653537,4
0.10480044155472276,0.6966619302349101,0.58320665140527,4
0.104845632400765,0.6906067183035771,0.6879581945772699,4
0.1050584523659788,0.6620905451081498,0.7889351028514495,4
0.10542887336217147,0.6124570942613675,0.8813793388858662,4
0.10593944113210492,0.5440450966332355,0.9609349253128546,4
0.10656609769503429,0.4600781292268014,1.0238531986265773,4
0.10727931496005294,0.36451272005661634,1.0671694464087809,4
0.10804548609132211,0.2618519163361588,1.0888426047371977,4
0.10882850906398082,0.15693310065125252,1.0878514332272005,4
0.10959148779349664,0.054700053232776394,1.064242635933581,4
0.11029847068115073,-0.04002999923337318,1.019128660652983,4
0.11091614465530059,-0.12279337158648305,0.9546352803239643,4
0.11141540488510537,-0.1896902492755673,0.8738014264919473,4
0.11177272620171852,-0.237568447830492,0.7804359946915576,4
0.11197127160550735,-0.26417194396352944,0.678938369084436,4
0.1120016856263803,-0.26824717950786076,0.5740911232412244,2
0.11186253515404014,-0.2496021291457324,0.47083466501801696,2
0.10967903512313149,0.04296941126901145,0.11961387893966718,4
0.10893796590532397,0.14226675935178962,0.0857163729723649,4
0.10815976712951979,0.24653917124232044,0.07404538518819931,4
0.10738110756383648,0.35087332529123755,0.08515085315847776,4
0.10663867768883543,0.4503529905553556,0.11850948663590077,2
0.10596746084010694,0.5402906798637913,0.17254942501912374,2
0.10539908479161812,0.6164485244652496,0.24472430350872648,4
0.10496033145330456,0.6752379626312242,0.3316332379533421,4
0.10467187490603563,0.7138888328774078,0.42918107469355027,4
0.10454730723781334,0.7305799041216349,0.5327713544222847,4
0.10459249808385558,0.724524692190302,0.6375228975942847,4
0.10480531804906938,0.6960085189948745,0.7384998058684644,4
0.10517573904526205,0.6463750681480923,0.8309440419028808,4
0.1056863068151955,0.5779630705199601,0.9104996283298696,4
0.10631296337812488,0.4939961031135262,0.973417901643592,4
0.10702618064314352,0.3984306939433409,1.0167341494257958,4
0.10779235177441268,0.29576989022288364,1.0384073077542126,4
0.10857537474707141,0.19085107453797737,1.0374161362442151,4
0.10933835347658723,0.08861802711950105,1.013807338950596,4
0.11004533636424131,-0.006112025346648493,0.9686933636699976,0
0.11066301033839117,-0.0888753976997581,0.9041999833409791,4
0.11116227056819596,-0.15577227538884256,0.8233661295089618,4
0.11151959188480909,-0.20365047394376726,0.7300006977085721,4
0.11171813728859793,-0.23025397007680468,0.6285030721014506,2
0.11174855130947088,-0.234329205621136,0.5236558262582393,1
0.11018210702826413,-0.024438200428062117,0.11757427447597735,0
0.10951308658980355,0.06520518747145872,0.06304750262755199,4
0.10877201737199603,0.16450253555423708,0.029149996660249533,4
0.10799381859619185,0.26877494744476765,0.017479008876084,4
0.10721515903050854,0.373109101493685,0.02858447684636245,2
0.1064727291555075,0.47258876675780287,0.0619431103237853,2
0.105801512306779,0.5625264560662386,0.11598304870700826,2
0.10523313625829019,0.638684300667697,0.18815792719661115,4
0.10479438291997663,0.6974737388336716,0.27506686164122673,4
0.1045059263727077,0.7361246090798552,0.3726146983814348,4
0.10438135870448541,0.7528156803240824,0.47620497811016926,4
0.10442654955052764,0.7467604683927495,0.5809565212821693,4
0.10463936951574145,0.718244295197322,0.681933429556349,4
0.10500979051193411,0.6686108443505399,0.7743776655907656,4
0.10552035828186757,0.6001988467224078,0.853933252017754,4
0.10614701484479694,0.5162318793159737,0.9168515253314767,4
0.10686023210981559,0.4206664701457886,0.9601677731136803,4
0.10762640324108474,0.3180056664253313,0.9818409314420972,4
0.10840942621374347,0.21308685074042483,0.9808497599320998,4
0.10917240494325929,0.11085380332194851,0.9572409626384806,4
0.10987938783091336,0.016123750855799302,0.9121269873578824,0
0.11049706180506322,-0.06663962149731063,0.8476336070288638,4
0.11099632203486802,-0.1335364991863951,0.7667997531968465,4
0.11135364335148115,-0.1814146977413198,0.6734343213964568,4
0.11155218875526998,-0.20801819387435716,0.5719366957893357,1
0.11067661116243853,-0.0906977993421307,0.13012896283616904,4
0.11011116378232216,-0.01493237287896594,0.05754222952507165,0
0.10944214334386157,0.07471101502055501,0.003015457676646127,4
0.10870107412605406,0.17400836310333315,-0.030882048290656217,4
0.10792287535024989,0.27828077499386394,-0.04255303607482186,4
0.10714421578456658,0.3826149290427811,-0.031447568104543466,2
0.10640178590956553,0.482094594306899,0.0019110653728793836,2
0.10573056906083704,0.5720322836153349,0.0559510037561024,2
0.1051621930123482,0.6481901282167933,0.1281258822457053,4
0.10472343967403466,0.7069795663827678,0.2150348166903207,4
0.10443498312676573,0.7456304366289515,0.3125826534305287,4
0.10431041545854344,0.7623215078731786,0.4161729331592634,4
0.10435560630458568,0.7562662959418458,0.5209244763312633,4
0.10456842626979948,0.7277501227464184,0.6219013846054431,4
0.10493884726599215,0.6781166718996362,0.7143456206398596,4
0.10544941503592559,0.6097046742715041,0.7939012070668483,4
0.10607607159885496,0.5257377068650702,0.8568194803805708,4
0.10678928886387361,0.4301722976948851,0.9001357281627744,4
0.10755545999514278,0.32751149397442764,0.9218088864911913,4
0.10833848296780149,0.22259267828952112,0.9208177149811939,4
0.10910146169731733,0.12035963087104522,0.8972089176875748,4
0.1098084445849714,0.025629578404895593,0.8520949424069766,0
0.11042611855912125,-0.05713379394821434,0.787601562077958,4
0.11092537878892605,-0.12403067163729882,0.7067677082459407,4
0.11128270010553919,-0.17190887019222328,0.6134022764455513,1
0.11113924646428966,-0.15268722961317066,0.15668636643032358,4
0.1107040160534421,-0.0943698355511128,0.06945996242923363,4
0.11013856867332572,-0.018604409087947704,-0.0031267708818639717,0
0.10946954823486513,0.0710389788115731,-0.05765354273028939,4
0.10872847901705762,0.17033632689435146,-0.09155104869759179,4
0.10795028024125344,0.27460873878488207,-0.10322203648175732,4
0.10717162067557014,0.37894289283379917,-0.09211656851147887,2
0.10642919080056909,0.4784225580979173,-0.0587579350340558,2
0.1057579739518406,0.5683602474063532,-0.004717996650832779,4
0.10518959790335178,0.6445180920078114,0.06745688183876997,4
0.10475084456503822,0.7033075301737859,0.15436581628338547,4
0.10446238801776929,0.7419584004199695,0.2519136530235938,4
0.104337820349547,0.7586494716641965,0.35550393275232817,4
0.10438301119558924,0.7525942597328636,0.4602554759243283,4
0.10459583116080304,0.7240780865374361,0.5612323841985078,4
0.1049662521569957,0.6744446356906539,0.6536766202329245,4
0.10547681992692914,0.6060326380625218,0.7332322066599131,4
0.10610347648985852,0.5220656706560878,0.7961504799736354,4
0.10681669375487718,0.4265002614859026,0.8394667277558391,4
0.10758286488614635,0.3238394577654451,0.8611398860842561,4
0.10836588785880506,0.21892064208053902,0.8601487145742586,4
0.10912886658832088,0.1166875946620627,0.8365399172806394,4
0.10983584947597497,0.02195754219591316,0.791425942000041,0
0.11045352345012482,-0.06080583015719672,0.7269325616710223,4
0.11095278367992961,-0.1277027078462809,0.6460987078390052,1
0.11154821353354344,-0.2074855459569942,0.1959950989745305,4
0.11126370817230259,-0.16936410303681715,0.0982391371254216,4
0.11082847776145502,-0.11104670897475928,0.011012733124331653,4
0.11026303038133864,-0.03528128251159442,-0.06157400018676584,4
0.10959400994287806,0.054362105387926615,-0.11610077203519142,4
0.10885294072507054,0.15365945347070478,-0.14999827800249366,4
0.10807474194926638,0.25793186536123536,-0.1616692657866593,2
0.10729608238358307,0.36226601941015274,-0.15056379781638085,2
0.10655365250858201,0.46174568467427074,-0.11720516433895778,2
0.10588243565985353,0.5516833739827065,-0.06316522595573482,4
0.1053140596113647,0.6278412185841648,0.009009652533867929,4
0.10487530627305114,0.6866306567501393,0.09591858697848349,4
0.10458684972578222,0.7252815269963229,0.1934664237186916,4
0.10446228205755992,0.7419725982405501,0.29705670344742624,4
0.10450747290360217,0.7359173863092172,0.4018082466194261,4
0.10472029286881596,0.7074012131137897,0.5027851548936059,4
0.10509071386500862,0.6577677622670075,0.5952293909280224,4
0.10560128163494208,0.5893557646388755,0.6747849773550109,4
0.10622793819787145,0.5053887972324413,0.7377032506687335,4
0.1069411554628901,0.4098233880622561,0.7810194984509371,4
0.10770732659415927,0.30716258434179905,0.802692656779354,4
0.10849034956681798,0.20224376865689253,0.8017014852693565,4
0.10925332829633382,0.10001072123841621,0.7780926879757373,4
0.10996031118398789,0.005280668772266671,0.732978712695139,0
0.11057798515813774,-0.07748270358084293,0.6684853323661206,2
0.1118842418199286,-0.25251064876394064,0.2462029308798035,4
0.11176386741619859,-0.2363814414237703,0.14252367735605387,4
0.11147936205495775,-0.19825999850359313,0.04476771550694458,4
0.11104413164411017,-0.13994260444153525,-0.04245868849414541,4
0.1104786842639938,-0.0641771779783704,-0.11504542180524291,4
0.10980966382553321,0.02546620992115044,-0.16957219365366827,0
0.1090685946077257,0.12476355800392856,-0.2034696996209706,4
0.10829039583192153,0.2290359698944594,-0.21514068740513625,2
0.10751173626623822,0.33337012394337673,-0.2040352194348578,2
0.10676930639123716,0.43284978920749456,-0.17067658595743496,2
0.10609808954250868,0.5227874785159303,-0.116636647574212,4
0.10552971349401985,0.5989453231173888,-0.04446176908460914,4
0.10509096015570629,0.6577347612833633,0.042447165360006256,4
0.10480250360843738,0.6963856315295469,0.13999500210021454,4
0.10467793594021507,0.7130767027737741,0.24358528182894895,4
0.10472312678625732,0.7070214908424411,0.3483368250009491,4
0.10493594675147111,0.6785053176470138,0.44931373327512864,4
0.10530636774766378,0.6288718668002317,0.5417579693095451,4
0.10581693551759723,0.5604598691720996,0.6213135557365338,4
0.1064435920805266,0.47649290176566544,0.6842318290502565,4
0.10715680934554525,0.3809274925954805,0.7275480768324599,4
0.10792298047681442,0.27826668887502304,0.7492212351608769,4
0.10870600344947313,0.17334787319011655,0.7482300636508794,4
0.10946898217898897,0.07111482577164023,0.7246212663572602,4
0.11017596506664304,-0.023615226694508978,0.6795072910766622,0
0.11213149765254063,-0.28564095277118345,0.3049440664098083,4
0.11218092625469124,-0.29226399012728305,0.20022689320667836,4
0.11206055185096123,-0.27613478278711273,0.09654763968292873,4
0.11177604648972038,-0.23801333986693582,-0.0012083221661802201,4
0.1113408160788728,-0.17969594580487772,-0.08843472616727055,4
0.11077536869875643,-0.10393051934171298,-0.16102145947836788,4
0.11010634826029585,-0.014287131442192248,-0.21554823132679335,0
0.10936527904248833,0.0850102166405861,-0.2494457372940958,4
0.10858708026668416,0.18928262853111694,-0.26111672507826145,2
0.10780842070100086,0.29361678258003404,-0.2500112571079831,2
0.1070659908259998,0.39309644784415193,-0.21665262363056015,2
0.10639477397727132,0.483034137152588,-0.16261268524733719,4
0.10582639792878248,0.5591919817540462,-0.0904378067577345,4
0.10538764459046893,0.6179814199200208,-0.003528872313118825,4
0.10509918804320001,0.6566322901662044,0.09401896442708918,4
0.1049746203749777,0.6733233614104316,0.19760924415582382,4
0.10501981122101996,0.6672681494790987,0.3023607873278237,4
0.10523263118623374,0.6387519762836714,0.4033376956020033,4
0.10560305218242641,0.5891185254368891,0.49578193163642004,4
0.10611361995235986,0.520706527808757,0.5753375180634086,4
0.10674027651528924,0.43673956040232337,0.6382557913771311,4
0.10745349378030788,0.34117415123213807,0.6815720391593347,4
0.10821966491157706,0.23851334751168057,0.7032451974877517,4
0.10900268788423577,0.13359453182677408,0.7022540259777543,4
0.10976566661375159,0.03136148440829818,0.6786452286841352,2
0.11227833032326526,-0.3053153562742779,0.3694506201030392,4
0.11249523285290805,-0.3343785604506659,0.26862980604683573,4
0.11254466145505866,-0.3410015978067655,0.16391263284370622,4
0.11242428705132866,-0.32487239046659505,0.06023337931995615,4
0.1121397816900878,-0.286750947546418,-0.03752258252915275,4
0.11170455127924023,-0.2284335534843601,-0.12474898653024269,4
0.11113910389912386,-0.15266812702119523,-0.19733571984134013,4
0.11047008346066327,-0.06302473912167421,-0.2518624916897657,4
0.10972901424285576,0.036272608961104125,-0.28575999765706805,2
0.10895081546705158,0.14054502085163478,-0.2974309854412336,2
0.10817215590136828,0.2448791749005519,-0.28632551747095514,2
0.10742972602636723,0.34435884016466994,-0.2529668839935322,2
0.10675850917763874,0.43429652947310576,-0.1989269456103091,4
0.1061901331291499,0.5104543740745641,-0.1267520671207063,4
0.10575137979083636,0.5692438122405385,-0.03984313267609085,4
0.10546292324356743,0.6078946824867222,0.057704704064117485,4
0.10533835557534514,0.6245857537309493,0.1612949837928519,4
0.10538354642138738,0.6185305417996163,0.26604652696485176,4
0.10559636638660118,0.5900143686041889,0.3670234352390315,4
0.10596678738279385,0.5403809177574066,0.45946767127344823,4
0.10647735515272728,0.47196892012927477,0.5390232577004366,4
0.10710401171565666,0.3880019527228406,0.6019415310141591,4
0.10781722898067532,0.2924365435526553,0.6452577787963627,4
0.10858340011194448,0.18977573983219775,0.6669309371247797,4
0.1093664230846032,0.08485692414729169,0.6659397656147822,2
0.15577184703787422,-0.19594662268273355,0.6659397656147822,4
0.179158594959973,-0.29547168556961795,0.6423309683211631,4
0.20082896392202204,-0.38769249544510936,0.5972169930405649,4
0.2197618449744866,-0.46826360279415263,0.5327236127115462,4
0.2350651197451783,-0.5333884927105135,0.4518897588795289,4
0.24601769710487317,-0.5799984768830917,0.3585243270791394,4
0.2521034910200552,-0.6058972903539795,0.257026701472018,4
0.2530357385545372,-0.6098645796412511,0.15217945562880641,4
0.24877051215441787,-0.5917134058605837,0.04892299740559869,4
0.23950878951678123,-0.5522990532955288,-0.04787722333961619,4
0.22568698350981425,-0.4934787283561282,-0.13365997500561477,4
0.20795637837501574,-0.4180240479131118,-0.20438316972599957,4
0.1871524411787524,-0.3294904405620694,-0.25671432676658723,2
0.16425545455921386,-0.2320496146370421,-0.2881875991966114,2
0.14034432575584466,-0.13029298708973716,-0.2973199647285548,2
0.1165457484422667,-0.02901533567612984,-0.2836811058079991,0
0.0939811128598574,0.0670111312289522,-0.24791368619990428,4
0.07371366584933903,0.15326164134679576,-0.1917030686374822,4
0.05669841060253089,0.22567206600762624,-0.11769790043967676,4
0.04373710686065206,0.28083042211183556,-0.029385309107221147,4
0.035440491952247674,0.3161376449569136,0.06907341131251044,4
0.03219950281746163,0.3299300563058423,0.17303888062454437,4
0.03416685503841772,0.3215577569949883,0.2776122403303007,4
0.04124984687278639,0.29141525021760434,0.3778659881031942,4
0.05311472736486304,0.24092285251217244,0.46907616196294777,2
0.1429198800589031,-0.1412535620629792,0.7032451974877518,4
0.16692102212272264,-0.24339325165195044,0.7022540259777544,4
0.19030777004482147,-0.342918314538835,0.6786452286841352,4
0.21197813900687046,-0.4351391244143263,0.6335312534035371,4
0.23091102005933506,-0.5157102317633698,0.5690378730745184,4
0.24621429483002671,-0.5808351216797304,0.4882040192425011,4
0.2571668721897216,-0.6274451058523086,0.3948385874421116,4
0.2632526661049036,-0.6533439193231964,0.29334096183499014,4
0.2641849136393856,-0.6573112086104679,0.1884937159917785,4
0.2599196872392663,-0.6391600348298007,0.08523725776857083,4
0.25065796460162965,-0.5997456822647457,-0.011562962976643942,4
0.23683615859466267,-0.5409253573253451,-0.09734571464264274,4
0.21910555345986416,-0.46547067688232874,-0.16806890936302732,4
0.19830161626360077,-0.3769370695312861,-0.2204000664036151,2
0.1754046296440623,-0.27949624360625897,-0.25187333883363927,2
0.15149350084069305,-0.17773961605895386,-0.26100570436558257,2
0.12769492352711515,-0.07646196464534673,-0.24736684544502685,4
0.10513028794470583,0.01956450225973531,-0.21159942583693214,0
0.08486284093418742,0.10581501237757905,-0.15538880827450985,4
0.06784758568737931,0.17822543703840946,-0.0813836400767044,4
0.054886281945500506,0.23338379314261862,0.0069289512557511035,4
0.04658966703709612,0.26869101598769674,0.10538767167548269,4
0.043348677902310076,0.2824834273366254,0.20935314098751703,4
0.04531603012326614,0.2741111280257714,0.3139265006932729,4
0.05239902195763478,0.2439686212483876,0.414180248466166,2
0.12852922066143233,-0.08001241445717387,0.72754807683246,4
0.15201382176368305,-0.1799539030882765,0.7492212351608769,4
0.17601496382750265,-0.28209359267724793,0.7482300636508795,4
0.19940171174960142,-0.38161865556413227,0.7246212663572604,4
0.22107208071165046,-0.4738394654396238,0.6795072910766622,4
0.240004961764115,-0.5544105727886671,0.6150139107476436,4
0.2553082365348067,-0.6195354627050278,0.5341800569156264,4
0.2662608138945016,-0.6661454468776061,0.4408146251152368,4
0.27234660780968367,-0.6920442603484939,0.33931699950811534,4
0.2732788553441656,-0.6960115496357654,0.23446975366490375,4
0.2690136289440463,-0.6778603758550981,0.13121329544169613,4
0.25975190630640965,-0.6384460232900432,0.03441307469648114,4
0.24593010029944273,-0.5796256983506426,-0.05136967696951744,4
0.22819949516464416,-0.5041710179076263,-0.12209287168990224,4
0.20739555796838083,-0.4156374105565837,-0.1744240287304899,2
0.1844985713488423,-0.3181965846315565,-0.20589730116051408,2
0.1605874425454731,-0.21643995708425154,-0.2150296666924575,2
0.1367888652318952,-0.11516230567064444,-0.20139080777190177,4
0.11422422964948584,-0.019135838765562175,-0.16562338816380695,0
0.09395678263896742,0.06711467135228157,-0.10941277060138477,4
0.07694152739215937,0.13952509601311175,-0.03540760240357954,4
0.06398022365028051,0.19468345211732113,0.052904988928876184,4
0.055683608741876126,0.22999067496239922,0.15136370934860782,4
0.05244261960709008,0.2437830863113279,0.2553291786606422,4
0.05440997182804616,0.2354107870004739,0.359902538366398,2
0.11327795748927771,-0.015108866030125529,0.7377032506687335,0
0.13513942196452558,-0.10814290539061706,0.7810194984509371,4
0.15862402306677634,-0.20808439402171988,0.802692656779354,4
0.1826251651305959,-0.3102240836106911,0.8017014852693565,4
0.20601191305269473,-0.40974914649757566,0.7780926879757373,4
0.22768228201474372,-0.501969956373067,0.7329787126951393,4
0.2466151630672083,-0.5825410637221103,0.6684853323661205,4
0.2619184378379,-0.6476659536384711,0.5876514785341033,4
0.2728710151975949,-0.6942759378110492,0.4942860467337137,4
0.27895680911277687,-0.7201747512819371,0.39278842112659224,4
0.2798890566472589,-0.7241420405692086,0.2879411752833807,4
0.27562383024713955,-0.7059908667885413,0.18468471706017292,4
0.2663621076095029,-0.6665765142234864,0.08788449631495815,4
0.25254030160253593,-0.6077561892840857,0.0021017446489594027,4
0.23480969646773742,-0.5323015088410695,-0.06862145007142523,4
0.21400575927147403,-0.44376790149002676,-0.12095260711201306,2
0.19110877265193554,-0.34632707556499964,-0.15242587954203712,2
0.16719764384856634,-0.24457044801769473,-0.16155824507398053,2
0.1433990665349884,-0.14329279660408742,-0.14791938615342481,4
0.12083443095257904,-0.04726632969900514,-0.11215196654532988,4
0.1005669839420607,0.03898418041883821,-0.05594134898290787,4
0.08355172869525257,0.11139460507966868,0.018063819214897636,4
0.07059042495337375,0.16655296118387794,0.1063764105473532,4
0.06229381004496933,0.2018601840289562,0.20483513096708522,4
0.05905282091018333,0.2156525953778847,0.3088006002791187,2
0.09788473088234609,0.05039882452993276,0.7332322066599128,4
0.11709294535020966,-0.03134399662787636,0.7961504799736354,0
0.13895440982545756,-0.12437803598836807,0.839466727755839,4
0.1624390109277083,-0.2243195246194707,0.8611398860842558,4
0.18644015299152789,-0.3264592142084421,0.8601487145742586,4
0.20982690091362666,-0.4259842770953265,0.8365399172806394,4
0.23149726987567568,-0.518205086970818,0.7914259420000411,4
0.25043015092814025,-0.5987761943198613,0.7269325616710225,4
0.26573342569883196,-0.663901084236222,0.6460987078390054,4
0.27668600305852686,-0.7105110684088003,0.5527332760386157,4
0.28277179697370886,-0.7364098818796881,0.45123565043149444,4
0.28370404450819087,-0.7403771711669597,0.3463884045882827,4
0.27943881810807153,-0.7222259973862922,0.2431319463650751,4
0.2701770954704349,-0.6828116448212374,0.14633172561986013,4
0.256355289463468,-0.6239913198818369,0.06054897395386155,4
0.2386246843286694,-0.5485366394388205,-0.010174220766523245,2
0.21782074713240607,-0.46000303208777793,-0.06250537780711096,2
0.19492376051286758,-0.36256220616275087,-0.09397865023713503,2
0.17101263170949832,-0.26080557861544573,-0.10311101576907855,4
0.1472140543959204,-0.15952792720183842,-0.08947215684852283,4
0.1246494188135111,-0.0635014602967565,-0.05370473724042807,4
0.10438197180299269,0.022749049821087202,0.002505880321994114,0
0.08736671655618455,0.09515947448191768,0.07651104851979962,4
0.07440541281430574,0.15031783058612694,0.16482363985225518,4
0.06610879790590135,0.18562505343120503,0.26328236027198676,2
0.08307487050521686,0.11342393132500721,0.7143456206398598,4
0.09872474286818425,0.04682405449372422,0.7939012070668483,4
0.11793295733604788,-0.03491876666408507,0.856819480380571,4
0.13979442181129573,-0.12795280602457662,0.9001357281627745,4
0.1632790229135465,-0.22789429465567942,0.9218088864911915,4
0.18728016497736605,-0.33003398424465064,0.920817714981194,4
0.21066691289946488,-0.4295590471315351,0.8972089176875748,4
0.23233728186151387,-0.5217798570070266,0.8520949424069767,4
0.25127016291397847,-0.6023509643560699,0.787601562077958,4
0.2665734376846701,-0.6674758542724306,0.7067677082459407,4
0.277526015044365,-0.7140858384450088,0.6134022764455512,4
0.2836118089595471,-0.7399846519158967,0.5119046508384297,4
0.28454405649402903,-0.7439519412031682,0.40705740499521825,4
0.2802788300939097,-0.7258007674225008,0.3038009467720104,4
0.27101710745627305,-0.6863864148574459,0.20700072602679565,4
0.25719530144930614,-0.6275660899180452,0.1212179743607969,4
0.23946469631450756,-0.552111409475029,0.05049477964041227,2
0.21866075911824423,-0.46357780212398647,-0.0018363774001754485,2
0.1957637724987057,-0.3661369761989592,-0.03330964983019963,2
0.17185264369533645,-0.26438034865165405,-0.042442015362142926,4
0.1480540663817586,-0.16310269723804718,-0.028803156441587263,4
0.12548943079934924,-0.0670762303329649,0.0069642631665075005,4
0.10522198378883083,0.019174279784878828,0.06317488072892974,0
0.08820672854202272,0.09158470444570925,0.13718004892673524,4
0.07524542480014393,0.1467430605499184,0.2254926402591907,2
0.06954621777438497,0.17099670793746544,0.6819334295563491,4
0.08090032520606655,0.12267796520646922,0.7743776655907656,4
0.09655019756903399,0.056078088375186005,0.8539332520177543,4
0.11575841203689755,-0.025664732782623007,0.9168515253314767,0
0.13761987651214544,-0.11869877214311476,0.9601677731136803,4
0.16110447761439617,-0.2186402607742174,0.9818409314420973,4
0.18510561967821576,-0.3207799503631887,0.9808497599320998,4
0.20849236760031456,-0.42030501325007313,0.9572409626384807,4
0.23016273656236358,-0.5125258231255646,0.9121269873578824,4
0.24909561761482815,-0.593096930474608,0.8476336070288638,4
0.26439889238551983,-0.6582218203909685,0.7667997531968467,4
0.27535146974521474,-0.7048318045635468,0.673434321396457,4
0.28143726366039673,-0.7307306180344347,0.5719366957893356,4
0.28236951119487874,-0.7346979073217063,0.4670894499461239,4
0.2781042847947594,-0.7165467335410388,0.3638329917229163,4
0.26884256215712277,-0.6771323809759838,0.2670327709777013,4
0.25502075615015585,-0.6183120560365835,0.18125001931170284,4
0.23729015101535728,-0.5428573755935671,0.11052682459131802,2
0.2164862138190939,-0.45432376824252435,0.058195667550730246,2
0.19358922719955535,-0.356882942317497,0.026722395120706177,2
0.1696780983961862,-0.2551263147701923,0.017590029588762768,4
0.14587952108260827,-0.153848663356585,0.031228888509318486,4
0.1233148855001989,-0.05782219645150273,0.06699630811741342,4
0.10304743848968048,0.028428313666340948,0.12320692567983571,4
0.08603218324287243,0.10083873832717109,0.1972120938776409,2
0.05793624353323069,0.22040432204075594,0.6375228975942847,2
0.06445957988154974,0.192643495163015,0.7384998058684642,4
0.07581368731323135,0.1443247524320187,0.8309440419028808,4
0.09146355967619874,0.07772487560073572,0.9104996283298694,4
0.11067177414406235,-0.004017945557073565,0.973417901643592,0
0.1325332386193102,-0.0970519849175651,1.0167341494257955,4
0.15601783972156094,-0.19699347354866784,1.0384073077542126,4
0.18001898178538053,-0.29913316313763916,1.0374161362442151,4
0.20340572970747933,-0.3986582260245236,1.013807338950596,4
0.22507609866952835,-0.49087903590001497,0.9686933636699977,4
0.24400897972199292,-0.5714501432490583,0.9041999833409791,4
0.2593122544926846,-0.6365750331654191,0.8233661295089618,4
0.2702648318523795,-0.6831850173379973,0.7300006977085723,4
0.27635062576756153,-0.7090838308088852,0.6285030721014508,4
0.2772828733020435,-0.7130511200961567,0.5236558262582393,4
0.2730176469019242,-0.6948999463154893,0.4203993680350315,4
0.2637559242642875,-0.6554855937504344,0.3235991472898167,4
0.2499341182573206,-0.5966652688110339,0.23781639562381812,4
0.23220351312252205,-0.5212105883680175,0.16709320090343333,2
0.21139957592625866,-0.43267698101697477,0.11476204386284555,2
0.18850258930672026,-0.3352361550919479,0.08328877143282154,4
0.16459146050335097,-0.23347952754464277,0.07415640590087808,4
0.140792883189773,-0.13220187613103546,0.0877952648214338,4
0.11822824760736367,-0.03617540922595318,0.12356268442952872,4
0.09796080059684534,0.05007510089189017,0.17977330199195068,2
0.048792010391637164,0.2593186842043584,0.58320665140527,2
0.05017719569745417,0.2534238648335489,0.6879581945772699,4
0.05670053204577323,0.22566303795580792,0.7889351028514496,4
0.06805463947745481,0.17734429522481168,0.8813793388858662,4
0.08370451184042224,0.11074441839352848,0.9609349253128548,4
0.1029127263082858,0.029001597235719472,1.0238531986265773,4
0.12477419078353369,-0.06403244212477217,1.0671694464087809,4
0.14825879188578445,-0.1639739307558749,1.0888426047371977,4
0.172259933949604,-0.2661136203448462,1.0878514332272005,4
0.1956466818717028,-0.3656386832317307,1.0642426359335813,4
0.2173170508337518,-0.457859493107222,1.019128660652983,4
0.2362499318862164,-0.5384306004562655,0.9546352803239644,4
0.25155320665690806,-0.6035554903726261,0.8738014264919473,4
0.26250578401660296,-0.6501654745452043,0.7804359946915576,4
0.268591577931785,-0.6760642880160922,0.6789383690844362,4
0.26952382546626696,-0.6800315773033637,0.5740911232412245,4
0.2652585990661477,-0.6618804035226964,0.47083466501801685,4
0.25599687642851104,-0.6224660509576415,0.3740344442728021,4
0.24217507042154407,-0.5636457260182409,0.2882516926068034,2
0.22444446528674555,-0.4881910455752245,0.21752849788641862,2
0.20364052809048222,-0.39965743822418226,0.16519734084583093,2
0.18074354147094374,-0.302216612299155,0.13372406841580686,4
0.15683241266757447,-0.20045998475184984,0.12459170288386334,4
0.13303383535399652,-0.09918233333824251,0.13823056180441906,4
0.11046919977158723,-0.0031558664331606144,0.17399798141251377,0
0.04254439510642681,0.28590614759280447,0.5215440754273762,2
0.03872615936372521,0.30215509993432454,0.6251343551561106,4
0.040111344669542234,0.29626028056351505,0.7298858983281107,4
0.04663468101786129,0.2684994536857741,0.8308628066022903,4
0.05798878844954289,0.2201807109547778,0.9233070426367069,4
0.07363866081251028,0.1535808341234948,1.0028626290636955,4
0.09284687528037386,0.07183801296568564,1.065780902377418,4
0.11470833975562175,-0.021196026394806017,1.1090971501596216,0
0.13819294085787248,-0.12113751502590873,1.1307703084880387,4
0.16219408292169207,-0.22327720461488007,1.129779136978041,4
0.18558083084379084,-0.32280226750176444,1.106170339684422,4
0.2072511998058399,-0.4150230773772559,1.0610563644038238,4
0.22618408085830444,-0.4955941847262992,0.9965629840748051,4
0.24148735562899615,-0.56071907464266,0.9157291302427879,4
0.25243993298869105,-0.6073290588152382,0.8223636984423983,4
0.2585257269038731,-0.6332278722861261,0.7208660728352769,4
0.25945797443835505,-0.6371951615733976,0.6160188269920653,4
0.2551927480382357,-0.6190439877927302,0.5127623687688577,4
0.24593102540059908,-0.5796296352276753,0.41596214802364273,4
0.2321092193936321,-0.5208093102882746,0.33017939635764404,2
0.21437861425883364,-0.44535462984525853,0.25945620163725946,2
0.19357467706257026,-0.3568210224942159,0.20712504459667166,4
0.17067769044303174,-0.2593801965691886,0.1756517721666475,4
0.14676656163966248,-0.1576235690218835,0.16651940663470421,4
0.12296798432608462,-0.05634591760827658,0.18015826555525985,2
0.03948778564543487,0.2989139095030619,0.45544071355294125,2
0.030646044327510683,0.3365409820497522,0.5529885502931493,2
0.026827808584809085,0.3527899343912722,0.656578830021884,4
0.028212993890626092,0.3468951150204627,0.7613303731938839,4
0.03473633023894518,0.31913428814272166,0.8623072814680637,4
0.04609043767062675,0.27081554541172553,0.9547515175024801,4
0.06174031003359417,0.20421566858044232,1.0343071039294687,4
0.08094852450145776,0.12247284742263322,1.0972253772431912,4
0.10280998897670562,0.029438808062141563,1.1405416250253948,4
0.12629459007895638,-0.07050268056896114,1.1622147833538117,4
0.15029573214277595,-0.17264237015793238,1.1612236118438144,4
0.17368248006487477,-0.2721674330448169,1.137614814550195,4
0.19535284902692376,-0.3643882429203082,1.092500839269597,4
0.21428573007938834,-0.4449593502693517,1.028007458940578,4
0.22958900485008,-0.5100842401857123,0.9471736051085611,4
0.2405415822097749,-0.5566942243582905,0.8538081733081713,4
0.24662737612495694,-0.5825930378291784,0.75231054770105,4
0.24755962365943893,-0.5865603271164499,0.6474633018578385,4
0.24329439725931956,-0.5684091533357826,0.5442068436346307,4
0.23403267462168292,-0.5289948007707275,0.4474066228894157,4
0.220210868614716,-0.47017447583132704,0.3616238712234173,2
0.20248026347991746,-0.39471979538831065,0.29090067650303253,2
0.18167632628365407,-0.306186188037268,0.23856951946244476,4
0.15877933966411556,-0.20874536211224073,0.20709624703242063,4
0.13486821086074638,-0.10698873456493598,0.19796388150047728,2
0.03976620961065176,0.29772904349519586,0.38801135974428846,4
0.026317586043347427,0.3549612465674852,0.4749202941889039,2
0.01747584472542324,0.3925883191141755,0.5724681309291122,4
0.013657608982721642,0.4088372714556956,0.6760584106578466,4
0.01504279428853865,0.4029424520848861,0.7808099538298466,4
0.021566130636857708,0.37518162520714515,0.8817868621040262,4
0.03292023806853929,0.3268628824761489,0.9742310981384429,4
0.04857011043150669,0.2602630056448659,1.0537866845654313,4
0.06777832489937029,0.17852018448705667,1.116704957879154,4
0.08963978937461817,0.08548614512656502,1.1600212056613577,4
0.1131243904768689,-0.014455343504537598,1.1816943639897746,0
0.1371255325406885,-0.11659503309350903,1.180703192479777,4
0.1605122804627873,-0.21612009598039342,1.1570943951861579,4
0.18218264942483633,-0.30834090585588486,1.1119804199055596,4
0.20111553047730085,-0.38891201320492813,1.047487039576541,4
0.21641880524799256,-0.4540369031212889,0.9666531857445237,4
0.22737138260768744,-0.5006468872938672,0.8732877539441343,4
0.23345717652286946,-0.526545700764755,0.771790128337013,4
0.23438942405735147,-0.5305129900520266,0.6669428824938013,4
0.23012419765723213,-0.5123618162713592,0.5636864242705935,4
0.2208624750195955,-0.47294746370630425,0.46688620352537885,2
0.20704066901262858,-0.41412713876690366,0.3811034518593801,2
0.18931006387783,-0.3386724583238873,0.3103802571389953,4
0.16850612668156664,-0.25013885097284466,0.25804910009840754,4
0.14560914006202821,-0.1526980250478178,0.22657582766838352,2
0.04336654764988068,0.2824073805191431,0.3224332887749087,3
0.025944741698092244,0.35654792963398707,0.3946081672645114,0
0.012496118130787909,0.4137801327062765,0.481517101709127,1
0.0036543768128637216,0.45140720525296674,0.5790649384493352,4
-0.0001638589298378762,0.4676561575944868,0.6826552181780697,2
0.0012213263759791315,0.4617613382236773,0.7874067613500696,2
0.00774466272429819,0.43400051134593637,0.8883836696242493,3
0.019098770155979786,0.3856817686149401,0.9808279056586658,4
0.0347486425189472,0.3190818917836569,1.0603834920856545,2
0.0539568569868108,0.23733907062584778,1.1233017653993769,3
0.07581832146205866,0.14430503126535624,1.1666180131815804,4
0.09930292256430942,0.04436354263425343,1.1882911715099975,4
0.12330406462812898,-0.0577761469547178,1.1873,2
0.1466908125502278,-0.15730120984160237,1.1636912027063808,2
0.1683611815122768,-0.24952201971709367,1.1185772274257828,2
0.18729406256474138,-0.3300931270661371,1.054083847096764,4
0.20259733733543306,-0.3952180169824977,0.9732499932647467,3
0.2135499146951279,-0.4418280011550759,0.8798845614643572,4
0.21963570861030995,-0.4677268146259637,0.7783869358572357,4
0.22056795614479194,-0.47169410391323524,0.673539690014024,3
0.21630272974467263,-0.4535429301325679,0.5702832317908166,4
0.207041007107036,-0.414128577567513,0.47348301104560164,2
0.19321920110006902,-0.35530825262811233,0.3877002593796029,2
0.17548859596527047,-0.27985357218509593,0.3169770646592181,3
0.15468465876900717,-0.19131996483405364,0.26464590761863055,2
0.05011915164131782,0.25367087815735184,0.2617965428714626,4
0.029545079737321164,0.34122626665793426,0.3158364812546855,2
0.012123273785532698,0.4153668157727784,0.3880113597442884,2
-0.001325349781771637,0.4725990188450677,0.4749202941889038,2
-0.010167091099695824,0.510226091391758,0.5724681309291121,4
-0.013985326842397422,0.5264750437332781,0.6760584106578464,4
-0.0126001415365804,0.5205802243624686,0.7808099538298465,4
-0.006076805188261342,0.4928193974847277,0.8817868621040261,4
0.005277302243420226,0.44450065475373146,0.9742310981384428,4
0.020927174606387627,0.3779007779224484,1.0537866845654313,4
0.04013538907425121,0.2961579567646393,1.116704957879154,4
0.06199685354949911,0.20312391740414756,1.1600212056613575,4
0.08548145465174983,0.10318242877304497,1.1816943639897743,4
0.10948259671556944,0.0010427391840735325,1.180703192479777,0
0.13286934463766822,-0.09848232370281086,1.1570943951861579,4
0.15453971359971727,-0.19070313357830235,1.1119804199055596,4
0.17347259465218182,-0.2712742409273456,1.047487039576541,4
0.18877586942287344,-0.33639913084370626,0.966653185744524,4
0.19972844678256838,-0.3830091150162846,0.8732877539441343,4
0.2058142406977504,-0.4089079284871724,0.7717901283370128,4
0.2067464882322324,-0.41287521777444397,0.6669428824938014,4
0.20248126183211307,-0.3947240439937766,0.5636864242705937,4
0.19321953919447643,-0.35530969142872165,0.46688620352537863,2
0.17939773318750948,-0.296489366489321,0.3811034518593799,4
0.161667128052711,-0.22103468604630497,0.3103802571389953,2
0.05970583852216461,0.21287360194471625,0.20895832875807696,4
0.036948952039230404,0.30971821522177506,0.24231696223549987,4
0.01637488013523372,0.3972736037223577,0.29635690061872294,2
-0.0010469258165547168,0.4714141528372016,0.3685317791083257,2
-0.014495549383859052,0.528646355909491,0.45544071355294125,4
-0.023337290701783225,0.5662734284561812,0.5529885502931493,4
-0.027155526444484823,0.5825223807977014,0.6565788300218839,4
-0.02577034113866783,0.5766275614268919,0.7613303731938839,4
-0.01924700479034877,0.5488667345491509,0.8623072814680635,4
-0.007892897358667161,0.5005479918181546,0.9547515175024801,4
0.007756975004300212,0.43394811498687164,1.0343071039294687,4
0.026965189472163822,0.35220529382906235,1.0972253772431912,4
0.04882665394741169,0.25917125446857087,1.1405416250253948,4
0.07231125504966246,0.15922976583746798,1.1622147833538117,4
0.09631239711348202,0.057090076248496775,1.1612236118438144,4
0.11969914503558085,-0.04243498663838778,1.137614814550195,4
0.14136951399762984,-0.1346557965138791,1.092500839269597,4
0.1603023950500944,-0.21522690386292237,1.0280074589405783,4
0.1756056698207861,-0.28035179377928315,0.9471736051085611,4
0.18655824718048097,-0.3269617779518614,0.8538081733081713,4
0.192644041095663,-0.3528605914227491,0.7523105477010502,4
0.19357628863014498,-0.35682788071002064,0.6474633018578385,4
0.18931106223002564,-0.3386767069293533,0.5442068436346307,2
0.180049339592389,-0.2992623543642982,0.4474066228894157,2
0.16622753358542208,-0.2404420294248979,0.3616238712234173,2
0.07167488309163828,0.16193792172783703,0.16640838592202534,4
0.047807487743248514,0.2635084364016638,0.1775138538923037,4
0.025050601260314262,0.3603530496787229,0.21087248736972666,2
0.004476529356317607,0.4479084381793053,0.2649124257529496,2
-0.012945276595470845,0.5220489872941494,0.3370873042425525,2
-0.02639390016277518,0.5792811903664387,0.4239962386871679,4
-0.03523564148069938,0.6169082629131291,0.521544075427376,4
-0.03905387722340098,0.6331572152546491,0.6251343551561106,4
-0.03766869191758396,0.6272623958838396,0.7298858983281106,4
-0.0311453555692649,0.5995015690060986,0.8308628066022903,4
-0.019791248137583345,0.5511828262751025,0.9233070426367068,4
-0.0041413757746159435,0.48458294944381947,1.0028626290636953,4
0.015066838693247639,0.4028401282860103,1.0657809023774178,4
0.03692830316849553,0.3098060889255186,1.1090971501596216,4
0.06041290427074627,0.20986460029441598,1.1307703084880385,4
0.08441404633456587,0.10772491070544456,1.129779136978041,4
0.10780079425666465,0.008199847818560157,1.106170339684422,0
0.12947116321871366,-0.08402096205693117,1.0610563644038238,4
0.14840404427117826,-0.1645920694059746,0.9965629840748051,4
0.16370731904186994,-0.22971695932233538,0.9157291302427878,4
0.17465989640156482,-0.27632694349491344,0.8223636984423985,4
0.18074569031674687,-0.3022257569658014,0.720866072835277,4
0.18167793785122885,-0.3061930462530729,0.6160188269920652,4
0.1774127114511095,-0.2880418724724056,0.5127623687688575,2
0.1681509888134729,-0.2486275199073507,0.41596214802364284,2
0.0854623033266974,0.10326392949458862,0.1361516699553501,4
0.06160903206372634,0.20477433745780316,0.12448068217118458,4
0.03774163671533652,0.30634485213163015,0.13558615014146302,4
0.014984750232402325,0.403189465408689,0.16894478361888587,2
-0.005589321671594344,0.4907448539092716,0.22298472200210898,2
-0.023011127623382782,0.5648854030241155,0.29515960049171175,2
-0.03645975119068712,0.622117606096405,0.3820685349363273,4
-0.04530149250861132,0.6597446786430952,0.47961637167653537,4
-0.049119728251312916,0.6759936309846152,0.58320665140527,4
-0.047734542945495895,0.6700988116138057,0.6879581945772699,4
-0.041211206597176836,0.6423379847360647,0.7889351028514495,4
-0.029857099165495254,0.5940192420050685,0.8813793388858662,4
-0.014207226802527867,0.5274193651737855,0.9609349253128546,4
0.005000987665335743,0.4456765440159763,1.0238531986265773,4
0.026862452140583595,0.35264250465548475,1.0671694464087809,4
0.05034705324283438,0.25270101602438194,1.0888426047371977,4
0.07434819530665393,0.15056132643541068,1.0878514332272005,4
0.09773494322875272,0.05103626354852629,1.064242635933581,4
0.11940531219080176,-0.04118454632696518,1.019128660652983,4
0.13833819324326635,-0.12175565367600862,0.9546352803239643,4
0.15364146801395795,-0.18688054359236914,0.8738014264919473,4
0.16459404537365288,-0.23349052776494747,0.7804359946915576,4
0.1706798392888349,-0.25938934123583524,0.678938369084436,4
0.1716120868233169,-0.26335663052310676,0.5740911232412244,2
0.16734686042319757,-0.24520545674243946,0.47083466501801696,2
0.10041843524526267,0.03961634691072653,0.11961387893966718,4
0.07770325549092089,0.1362834722873815,0.0857163729723649,4
0.05384998422794979,0.23779388025059625,0.07404538518819931,4
0.029982588879560026,0.33936439492442305,0.08515085315847776,4
0.007225702396625774,0.43620900820148206,0.11850948663590077,2
-0.013348369507370866,0.5237643967020644,0.17254942501912374,2
-0.030770175459159277,0.5979049458169083,0.24472430350872648,4
-0.04421879902646364,0.6551371488891978,0.3316332379533421,4
-0.05306054034438784,0.6927642214358881,0.42918107469355027,4
-0.05687877608708941,0.7090131737774081,0.5327713544222847,4
-0.05549359078127242,0.7031183544065986,0.6375228975942847,4
-0.04897025443295333,0.6753575275288576,0.7384998058684644,4
-0.03761614700127175,0.6270387847978613,0.8309440419028808,4
-0.021966274638304306,0.5604389079665781,0.9104996283298696,4
-0.0027580601704407653,0.47869608680876913,0.973417901643592,4
0.019103404304807142,0.3856620474482774,1.0167341494257958,4
0.04258800540705787,0.2857205588171748,1.0384073077542126,4
0.06658914747087744,0.18358086922820355,1.0374161362442151,4
0.08997589539297626,0.084055806341319,1.013807338950596,4
0.1116462643550253,-0.008165003534172478,0.9686933636699976,0
0.1305791454074898,-0.08873611088321558,0.9041999833409791,4
0.1458824201781815,-0.15386100079957638,0.8233661295089618,4
0.1568349975378764,-0.2004709849721546,0.7300006977085721,4
0.16292079145305843,-0.22636979844304245,0.6285030721014506,2
0.1638530389875404,-0.23033708773031392,0.5236558262582393,1
0.11583854510794953,-0.026005748513511857,0.11757427447597735,0
0.09533179735242749,0.06126313413627592,0.06304750262755199,4
0.07261661759808566,0.15793025951293102,0.029149996660249533,4
0.0487633463351146,0.2594406674761456,0.017479008876084,4
0.0248959509867248,0.3610111821499726,0.02858447684636245,2
0.0021390645037905887,0.4578557954270314,0.0619431103237853,2
-0.018435007400206038,0.5454111839276138,0.11598304870700826,2
-0.03585681335199453,0.6195517330424579,0.18815792719661115,4
-0.04930543691929884,0.6767839361147473,0.27506686164122673,4
-0.05814717823722304,0.7144110086614376,0.3726146983814348,4
-0.06196541397992464,0.7306599610029577,0.47620497811016926,4
-0.06058022867410762,0.7247651416321482,0.5809565212821693,4
-0.054056892325788586,0.6970043147544073,0.681933429556349,4
-0.04270278489410698,0.6486855720234109,0.7743776655907656,4
-0.02705291253113959,0.5820856951921279,0.853933252017754,4
-0.007844698063275979,0.5003428740343187,0.9168515253314767,4
0.014016766411971873,0.40730883467382717,0.9601677731136803,4
0.0375013675142226,0.30736734604272453,0.9818409314420972,4
0.061502509578042215,0.2052276564537531,0.9808497599320998,4
0.08488925750014104,0.10570259356686855,0.9572409626384806,4
0.10655962646218999,0.01348178369137738,0.9121269873578824,0
0.12549250751465457,-0.06708932365766603,0.8476336070288638,4
0.14079578228534628,-0.13221421357402682,0.7667997531968465,4
0.1517483596450412,-0.17882419774660505,0.6734343213964568,4
0.15783415356022318,-0.20472301121749284,0.5719366957893357,1
0.1309960365097234,-0.09051024011678795,0.13012896283616904,4
0.11366399980879927,-0.016751714632050014,0.05754222952507165,0
0.09315725205327718,0.07051716801773787,0.003015457676646127,4
0.07044207229893543,0.16718429339439275,-0.030882048290656217,4
0.0465888010359643,0.26869470135760753,-0.04255303607482186,4
0.02272140568757454,0.3702652160314343,-0.031447568104543466,2
-3.548079535967141e-05,0.4671098293084932,0.0019110653728793836,2
-0.020609552699356354,0.5546652178090757,0.0559510037561024,2
-0.03803135865114482,0.6288057669239199,0.1281258822457053,4
-0.051479982218449155,0.6860379699962093,0.2150348166903207,4
-0.06032172353637333,0.7236650425428995,0.3125826534305287,4
-0.06413995927907495,0.7399139948844197,0.4161729331592634,4
-0.06275477397325793,0.7340191755136102,0.5209244763312633,4
-0.056231437624938874,0.7062583486358692,0.6219013846054431,4
-0.04487733019325729,0.657939605904873,0.7143456206398596,4
-0.029227457830289905,0.5913397290735899,0.7939012070668483,4
-0.010019243362426322,0.5095969079157808,0.8568194803805708,4
0.01184222111282153,0.4165628685552893,0.9001357281627744,4
0.0353268222150723,0.3166213799241865,0.9218088864911913,4
0.05932796427889191,0.21448169033521505,0.9208177149811939,4
0.08271471220099064,0.11495662744833089,0.8972089176875748,4
0.10438508116303968,0.022735817572839333,0.8520949424069766,0
0.12331796221550427,-0.05783528977620407,0.787601562077958,4
0.13862123698619597,-0.12296017969256486,0.7067677082459407,4
0.14957381434589084,-0.16957016386514298,0.6134022764455513,1
0.14517668764153469,-0.15085767278983955,0.15668636643032358,4
0.13183604849556158,-0.09408501015299649,0.06945996242923363,4
0.11450401179463736,-0.020326484668258333,-0.0031267708818639717,0
0.09399726403911532,0.0669423979815295,-0.05765354273028939,4
0.0712820842847735,0.16360952335818463,-0.09155104869759179,4
0.04742881302180242,0.2651199313213992,-0.10322203648175732,4
0.023561417673412674,0.366690445995226,-0.09211656851147887,2
0.0008045311904784219,0.46353505927228505,-0.0587579350340558,2
-0.019769540713518274,0.5510904477728676,-0.004717996650832779,4
-0.037191346665306685,0.6252309968877116,0.06745688183876997,4
-0.050639970232610965,0.6824631999600007,0.15436581628338547,4
-0.059481711550535166,0.720090272506691,0.2519136530235938,4
-0.06329994729323676,0.7363392248482111,0.35550393275232817,4
-0.06191476198741974,0.7304444054774015,0.4602554759243283,4
-0.055391425639100655,0.7026835785996605,0.5612323841985078,4
-0.044037318207419074,0.6543648358686642,0.6536766202329245,4
-0.028387445844451686,0.5877649590373811,0.7332322066599131,4
-0.009179231376588104,0.5060221378795721,0.7961504799736354,4
0.01268223309865979,0.4129880985190804,0.8394667277558391,4
0.036166834200910575,0.31304660988797756,0.8611398860842561,4
0.06016797626473009,0.2109069202990065,0.8601487145742586,4
0.08355472418682891,0.11138185741212196,0.8365399172806394,4
0.10522509314887794,0.019161047536630487,0.791425942000041,0
0.12415797420134252,-0.061410059812412945,0.7269325616710223,4
0.13946124897203416,-0.1265349497287734,0.6460987078390052,1
0.1577123054603264,-0.2042044722634976,0.1959950989745305,4
0.14899167550246667,-0.16709280338759055,0.0982391371254216,4
0.13565103635649356,-0.11032014075074749,0.011012733124331653,4
0.11831899965556938,-0.03656161526600944,-0.06157400018676584,4
0.0978122519000473,0.050707267383778495,-0.11610077203519142,4
0.07509707214570552,0.14737439276043343,-0.14999827800249366,4
0.05124380088273446,0.24888480072364796,-0.1616692657866593,2
0.02737640553434466,0.35045531539747504,-0.15056379781638085,2
0.004619519051410406,0.44729992867453405,-0.11720516433895778,2
-0.015954552852586235,0.5348553171751164,-0.06316522595573482,4
-0.03337635880437467,0.6089958662899603,0.009009652533867929,4
-0.04682498237167898,0.6662280693622498,0.09591858697848349,4
-0.05566672368960318,0.7038551419089399,0.1934664237186916,4
-0.05948495943230478,0.7201040942504601,0.29705670344742624,4
-0.05809977412648776,0.7142092748796506,0.4018082466194261,4
-0.05157643777816867,0.6864484480019095,0.5027851548936059,4
-0.04022233034648712,0.6381297052709133,0.5952293909280224,4
-0.02457245798351973,0.5715298284396303,0.6747849773550109,4
-0.00536424351565612,0.4897870072818211,0.7377032506687335,4
0.016497220959591774,0.39675296792132936,0.7810194984509371,4
0.03998182206184246,0.29681147929022694,0.802692656779354,4
0.06398296412566207,0.1946717897012555,0.8017014852693565,4
0.0873697120477609,0.09514672681437096,0.7780926879757373,4
0.10904008100980993,0.002925916938879486,0.732978712695139,0
0.12797296206227443,-0.07764519041016361,0.6684853323661206,2
0.16801221098111532,-0.24803693448099307,0.2462029308798035,4
0.1643225067634197,-0.23233496319694097,0.14252367735605387,4
0.15560187680555992,-0.1952232943210338,0.04476771550694458,4
0.14226123765958681,-0.13845063168419075,-0.04245868849414541,4
0.12492920095866265,-0.06469210619945269,-0.11504542180524291,4
0.1044224532031406,0.022576776450335078,-0.16957219365366827,0
0.08170727344879886,0.11924390182698998,-0.2034696996209706,4
0.05785400218582773,0.22075430979020474,-0.21514068740513625,2
0.03398660683743791,0.32232482446403177,-0.2040352194348578,2
0.011229720354503717,0.41916943774109056,-0.17067658595743496,2
-0.009344351549492924,0.5067248262416729,-0.116636647574212,4
-0.02676615750128139,0.580865375356517,-0.04446176908460914,4
-0.040214781068585725,0.6380975784288064,0.042447165360006256,4
-0.049056522386509926,0.6757246509754967,0.13999500210021454,4
-0.052874758129211524,0.6919736033170168,0.24358528182894895,4
-0.0514895728233945,0.6860787839462074,0.3483368250009491,4
-0.044966236475075444,0.6583179570684664,0.44931373327512864,4
-0.03361212904339389,0.6099992143374702,0.5417579693095451,4
-0.017962256680426475,0.5433993375061871,0.6213135557365338,4
0.0012459577874371353,0.46165651634837784,0.6842318290502565,4
0.023107422262684946,0.36862247698788647,0.7275480768324599,4
0.04659202336493572,0.2686809883567837,0.7492212351608769,4
0.07059316542875532,0.16654129876781226,0.7482300636508794,4
0.09397991335085415,0.06701623588092771,0.7246212663572602,4
0.11565028231290311,-0.025204573994563457,0.6795072910766622,0
0.1755910721024934,-0.2802896714681381,0.3049440664098083,4
0.17710615268589536,-0.2867372755062906,0.20022689320667836,4
0.17341644846819973,-0.2710353042222385,0.09654763968292873,4
0.16469581851034,-0.2339236353463315,-0.0012083221661802201,4
0.15135517936436685,-0.1771509727094883,-0.08843472616727055,4
0.1340231426634427,-0.10339244722475034,-0.16102145947836788,4
0.11351639490792068,-0.016123564574962685,-0.21554823132679335,0
0.09080121515357886,0.08054356080169243,-0.2494457372940958,4
0.06694794389060775,0.1820539687649072,-0.26111672507826145,2
0.043080548542217975,0.283624483438734,-0.2500112571079831,2
0.02032366205928378,0.3804690967157929,-0.21665262363056015,2
-0.0002504098447129316,0.46802448521637546,-0.16261268524733719,4
-0.017672215796501328,0.5421650343312193,-0.0904378067577345,4
-0.03112083936380572,0.5993972374035089,-0.003528872313118825,4
-0.03996258068172989,0.6370243099501992,0.09401896442708918,4
-0.04378081642443149,0.6532732622917193,0.19760924415582382,4
-0.042395631118614496,0.6473784429209098,0.3023607873278237,4
-0.03587229477029544,0.6196176160431689,0.4033376956020033,4
-0.024518187338613856,0.5712988733121727,0.49578193163642004,4
-0.00886831497564644,0.5046989964808896,0.5753375180634086,4
0.010339899492217072,0.42295617532308066,0.6382557913771311,4
0.032201363967464966,0.32992213596258896,0.6815720391593347,4
0.05568596506971574,0.22998064733148615,0.7032451974877517,4
0.07968710713353536,0.12784095774251472,0.7022540259777543,4
0.10307385505563409,0.028315894855630557,0.6786452286841352,2
0.18009177248131603,-0.2994429325256143,0.3694506201030392,4
0.18674024718734178,-0.32773630043735497,0.26862980604683573,4
0.18825532777074372,-0.33418390447550733,0.16391263284370622,4
0.18456562355304812,-0.3184819331914552,0.06023337931995615,4
0.17584499359518838,-0.28137026431554807,-0.03752258252915275,4
0.16250435444921524,-0.22459760167870507,-0.12474898653024269,4
0.1451723177482911,-0.15083907619396703,-0.19733571984134013,4
0.12466556999276898,-0.06357019354417907,-0.2518624916897657,4
0.10195039023842717,0.03309693183247607,-0.28575999765706805,2
0.0780971189754561,0.13460733979569064,-0.2974309854412336,2
0.05422972362706634,0.23617785446951742,-0.28632551747095514,2
0.031472837144132085,0.33302246774657646,-0.2529668839935322,2
0.010898765240135458,0.4205778562471589,-0.1989269456103091,4
-0.006523040711653022,0.494718405362003,-0.1267520671207063,4
-0.019971664278957302,0.5519506084342922,-0.03984313267609085,4
-0.028813405596881503,0.5895776809809825,0.057704704064117485,4
-0.0326316413395831,0.6058266333225025,0.1612949837928519,4
-0.03124645603376608,0.599931813951693,0.26604652696485176,4
-0.024723119685446993,0.572170987073952,0.3670234352390315,4
-0.013369012253765383,0.5238522443429556,0.45946767127344823,4
0.002280860109201935,0.4572523675116728,0.5390232577004366,4
0.02148907457706556,0.3755095463538635,0.6019415310141591,4
0.043350539052313466,0.2824755069933718,0.6452577787963627,4
0.06683514015456424,0.18253401836226896,0.6669309371247797,4
0.09083628221838375,0.08039432877329795,0.6659397656147822,2
0.1982819703653179,-0.18315741070727692,0.6659397656147822,4
0.24313084885880532,-0.2750309989624794,0.6423309683211631,4
0.2846882192005624,-0.3601618842822089,0.5972169930405649,4
0.32099589586779487,-0.4345386947773191,0.5327236127115462,4
0.35034305918564407,-0.4946567911420651,0.4518897588795289,4
0.3713468692421641,-0.5376834054464432,0.3585243270791394,4
0.3830176253792538,-0.5615911213132192,0.257026701472018,4
0.3848054009408285,-0.5652534058865263,0.15217945562880641,4
0.37662595584639486,-0.5484976921205476,0.04892299740559869,4
0.3588647059881687,-0.5121135101479839,-0.04787722333961619,4
0.33235856241353084,-0.4578152845777909,-0.13365997500561477,4
0.29835649603151887,-0.38816155071551256,-0.20438316972599957,4
0.25846068603650413,-0.30643439624225116,-0.25671432676658723,2
0.21455102513849017,-0.21648480906683262,-0.2881875991966114,2
0.16869653891763753,-0.12255121856868396,-0.2973199647285548,2
0.12305789322778658,-0.02905978057780294,-0.2836811058079991,0
0.0797855835053633,0.05958418332570504,-0.24791368619990428,4
0.04091860330889825,0.13920376480111846,-0.1917030686374822,4
0.008288366833022795,0.20604728489248025,-0.11769790043967676,4
-0.016567587426757846,0.25696507334252683,-0.029385309107221147,4
-0.03247804557056344,0.2895578812243982,0.06907341131251044,4
-0.03869330595601367,0.30228993367994944,0.17303888062454437,4
-0.03492050517988793,0.29456129571356154,0.2776122403303007,4
-0.021337417817416493,0.2667361411613612,0.3778659881031942,4
0.0014159203252532976,0.22012559280050092,0.46907616196294777,2
0.17363569173939847,-0.13266914588189166,0.7032451974877518,4
0.2196627968209062,-0.22695634865891168,0.7022540259777544,4
0.2645116753143937,-0.3188299369141144,0.6786452286841352,4
0.3060690456561508,-0.40396082223384366,0.6335312534035371,4
0.3423767223233833,-0.47833763272895397,0.5690378730745184,4
0.3717238856412324,-0.5384557290936998,0.4882040192425011,4
0.39272769569775245,-0.5814823433980779,0.3948385874421116,4
0.40439845183484213,-0.6053900592648539,0.29334096183499014,4
0.4061862273964168,-0.609052343838161,0.1884937159917785,4
0.39800678230198316,-0.5922966300721824,0.08523725776857083,4
0.38024553244375703,-0.5559124480996187,-0.011562962976643942,4
0.3537393888691191,-0.5016142225294256,-0.09734571464264274,4
0.3197373224871072,-0.4319604886671473,-0.16806890936302732,4
0.2798415124920924,-0.3502333341938858,-0.2204000664036151,2
0.23593185159407848,-0.2602837470184674,-0.25187333883363927,2
0.19007736537322573,-0.16635015652031854,-0.26100570436558257,2
0.1444387196833749,-0.07285871852943769,-0.24736684544502685,4
0.10116640996095161,0.01578524537407029,-0.21159942583693214,0
0.06229942976448648,0.09540482684948388,-0.15538880827450985,4
0.029669193288611048,0.1622483469408456,-0.0813836400767044,4
0.004813239028830477,0.21316613539089208,0.0069289512557511035,4
-0.011097219114975104,0.24575894327276343,0.10538767167548269,4
-0.01731247950042536,0.2584909957283147,0.20935314098751703,4
-0.013539678724299592,0.2507623577619268,0.3139265006932729,4
4.340863817171858e-05,0.2229372032097266,0.414180248466166,2
0.14603865529345172,-0.07613621019506271,0.72754807683246,4
0.19107518729915274,-0.16839420943432715,0.7492212351608769,4
0.23710229238066055,-0.2626814122113474,0.7482300636508795,4
0.281951170874148,-0.35455500046654986,0.7246212663572604,4
0.3235085412159051,-0.4396858857862794,0.6795072910766622,4
0.35981621788313756,-0.5140626962813895,0.6150139107476436,4
0.3891633812009867,-0.5741807926461354,0.5341800569156264,4
0.4101671912575068,-0.6172074069505136,0.4408146251152368,4
0.42183794739459646,-0.6411151228172896,0.33931699950811534,4
0.4236257229561712,-0.6447774073905967,0.23446975366490375,4
0.41544627786173755,-0.6280216936246181,0.13121329544169613,4
0.3976850280035114,-0.5916375116520545,0.03441307469648114,4
0.37117888442887353,-0.5373392860818613,-0.05136967696951744,4
0.3371768180468615,-0.467685552219583,-0.12209287168990224,4
0.2972810080518468,-0.3859583977463216,-0.1744240287304899,2
0.25337134715383286,-0.29600881057090306,-0.20589730116051408,2
0.2075168609329802,-0.20207522007275444,-0.2150296666924575,2
0.16187821524312934,-0.1085837820818736,-0.20139080777190177,4
0.11860590552070598,-0.01993981817836542,-0.16562338816380695,0
0.07973892532424084,0.05967976329704817,-0.10941277060138477,4
0.047108688848365554,0.12652328338840968,-0.03540760240357954,4
0.022252734588584844,0.17744107183845637,0.052904988928876184,4
0.006342276444779249,0.21003387972032772,0.15136370934860782,4
0.00012701605932899374,0.22276593217587898,0.2553291786606422,4
0.0038998168354547613,0.21503729420949108,0.359902538366398,2
0.11679123486720985,-0.01622243861307009,0.7377032506687335,0
0.1587150699898186,-0.1021040324347053,0.7810194984509371,4
0.20375160199551973,-0.19436203167396993,0.802692656779354,4
0.24977870707702746,-0.28864923445098994,0.8017014852693565,4
0.29462758557051494,-0.38052282270619264,0.7780926879757373,4
0.33618495591227204,-0.46565370802592193,0.7329787126951393,4
0.3724926325795045,-0.5400305185210321,0.6684853323661205,4
0.40183979589735364,-0.6001486148857781,0.5876514785341033,4
0.4228436059538737,-0.6431752291901562,0.4942860467337137,4
0.4345143620909634,-0.6670829450569322,0.39278842112659224,4
0.43630213765253806,-0.6707452296302393,0.2879411752833807,4
0.4281226925581044,-0.6539895158642607,0.18468471706017292,4
0.4103614426998783,-0.617605333891697,0.08788449631495815,4
0.38385529912524036,-0.5633071083215039,0.0021017446489594027,4
0.34985323274322844,-0.4936533744592256,-0.06862145007142523,4
0.30995742274821364,-0.41192621998596407,-0.12095260711201306,2
0.26604776185019974,-0.32197663281054567,-0.15242587954203712,2
0.2201932756293471,-0.22804304231239703,-0.16155824507398053,2
0.17455462993949616,-0.134551604321516,-0.14791938615342481,4
0.13128232021707278,-0.04590764041800784,-0.11215196654532988,4
0.09241534002060783,0.033711941057405416,-0.05594134898290787,4
0.059785103544732376,0.10055546114876722,0.018063819214897636,4
0.03492914928495175,0.15147324959881378,0.1063764105473532,4
0.0190186911411461,0.18406605748068525,0.20483513096708522,4
0.0128034307556959,0.1967981099362364,0.3088006002791187,2
0.08727157048220803,0.0442490287288222,0.7332322066599128,4
0.12410725535877168,-0.031209414361103183,0.7961504799736354,0
0.16603109048138054,-0.11709100818273853,0.839466727755839,4
0.21106762248708155,-0.20934900742200296,0.8611398860842558,4
0.2570947275685894,-0.3036362101990232,0.8601487145742586,4
0.3019436060620768,-0.3955097984542257,0.8365399172806394,4
0.3435009764038339,-0.48064068377395514,0.7914259420000411,4
0.37980865307106637,-0.5550174942690653,0.7269325616710225,4
0.4091558163889155,-0.6151355906338112,0.6460987078390054,4
0.4301596264454356,-0.6581622049381894,0.5527332760386157,4
0.44183038258252527,-0.6820699208049654,0.45123565043149444,4
0.4436181581441,-0.6857322053782726,0.3463884045882827,4
0.43543871304966636,-0.668976491612294,0.2431319463650751,4
0.4176774631914402,-0.6325923096397302,0.14633172561986013,4
0.39117131961680235,-0.5782940840695372,0.06054897395386155,4
0.3571692532347904,-0.5086403502072587,-0.010174220766523245,2
0.31727344323977563,-0.4269131957339975,-0.06250537780711096,2
0.2733637823417618,-0.33696360855857915,-0.09397865023713503,2
0.22750929612090903,-0.24303001806043026,-0.10311101576907855,4
0.1818706504310581,-0.14953858006954923,-0.08947215684852283,4
0.1385983407086349,-0.06089461616604141,-0.05370473724042807,4
0.09973136051216976,0.018724965309372187,0.002505880321994114,0
0.0671011240362943,0.08556848540073399,0.07651104851979962,4
0.04224516977651367,0.13648627385078055,0.16482363985225518,4
0.026334711632708077,0.1690790817326519,0.26328236027198676,2
0.05887063030994255,0.10242877304118582,0.7143456206398598,4
0.08888246549041612,0.040949086574684275,0.7939012070668483,4
0.12571815036697986,-0.03450935651524125,0.856819480380571,4
0.16764198548958864,-0.12039095033687645,0.9001357281627745,4
0.21267851749528977,-0.2126489495761411,0.9218088864911915,4
0.25870562257679747,-0.30693615235316113,0.920817714981194,4
0.3035545010702849,-0.3988097406083637,0.8972089176875748,4
0.345111871412042,-0.4839406259280931,0.8520949424069767,4
0.38141954807927453,-0.5583174364232033,0.787601562077958,4
0.4107667113971237,-0.6184355327879493,0.7067677082459407,4
0.4317705214536437,-0.6614621470923274,0.6134022764455512,4
0.4434412775907334,-0.6853698629591034,0.5119046508384297,4
0.4452290531523081,-0.6890321475324105,0.40705740499521825,4
0.43704960805787446,-0.6722764337664318,0.3038009467720104,4
0.4192883581996483,-0.6358922517938681,0.20700072602679565,4
0.3927822146250104,-0.581594026223675,0.1212179743607969,4
0.3587801482429984,-0.5119402923613967,0.05049477964041227,2
0.31888433824798373,-0.43021313788813537,-0.0018363774001754485,2
0.2749746773499698,-0.3402635507127168,-0.03330964983019963,2
0.22912019112911702,-0.246329960214568,-0.042442015362142926,4
0.18348154543926626,-0.15283852222368735,-0.028803156441587263,4
0.1402092357168429,-0.06419455832017916,0.0069642631665075005,4
0.10134225552037776,0.015425023155234429,0.06317488072892974,0
0.06871201904450233,0.08226854324659617,0.13718004892673524,4
0.04385606478472176,0.13318633169664262,0.2254926402591907,2
0.0329266681769118,0.15557536164684632,0.6819334295563491,4
0.054700494375479344,0.11097135793250541,0.7743776655907656,4
0.084712329555953,0.04949167146600376,0.8539332520177543,4
0.12154801443251662,-0.02596677162392157,0.9168515253314767,0
0.1634718495551255,-0.11184836544555694,0.9601677731136803,4
0.20850838156082652,-0.2041063646848214,0.9818409314420973,4
0.2545354866423343,-0.29839356746184154,0.9808497599320998,4
0.2993843651358218,-0.3902671557170441,0.9572409626384807,4
0.3409417354775789,-0.4753980410367735,0.9121269873578824,4
0.37724941214481134,-0.5497748515318837,0.8476336070288638,4
0.4065965754626604,-0.6098929478966295,0.7667997531968467,4
0.42760038551918056,-0.6529195622010078,0.673434321396457,4
0.43927114165627024,-0.6768272780677838,0.5719366957893356,4
0.4410589172178449,-0.680489562641091,0.4670894499461239,4
0.43287947212341127,-0.6637338488751122,0.3638329917229163,4
0.41511822226518513,-0.6273496669025486,0.2670327709777013,4
0.38861207869054726,-0.5730514413323555,0.18125001931170284,4
0.3546100123085353,-0.5033977074700772,0.11052682459131802,2
0.3147142023135205,-0.42167055299681566,0.058195667550730246,2
0.2708045414155065,-0.33172096582139704,0.026722395120706177,2
0.22495005519465394,-0.2377873753232486,0.017590029588762768,4
0.179311409504803,-0.14429593733236756,0.031228888509318486,4
0.13603909978237963,-0.05565197342885941,0.06699630811741342,4
0.0971721195859145,0.02396760804655419,0.12320692567983571,4
0.06454188311003921,0.09081112813791566,0.1972120938776409,2
0.01066216497242696,0.2011845244358893,0.6375228975942847,2
0.023171998329011748,0.1755579465246721,0.7384998058684642,4
0.04494582452757932,0.13095394281033118,0.8309440419028808,4
0.07495765970805289,0.06947425634382966,0.9104996283298694,4
0.11179334458461664,-0.005984186746095872,0.973417901643592,0
0.1537171797072254,-0.09186578056773108,1.0167341494257955,4
0.19875371171292647,-0.18412377980699562,1.0384073077542126,4
0.24478081679443425,-0.27841098258401575,1.0374161362442151,4
0.2896296952879217,-0.37028457083921834,1.013807338950596,4
0.3311870656296788,-0.45541545615894774,0.9686933636699977,4
0.36749474229691126,-0.5297922666540579,0.9041999833409791,4
0.39684190561476046,-0.5899103630188038,0.8233661295089618,4
0.4178457156712805,-0.632936977323182,0.7300006977085723,4
0.42951647180837016,-0.656844693189958,0.6285030721014508,4
0.4313042473699448,-0.6605069777632651,0.5236558262582393,4
0.42312480227551125,-0.6437512639972864,0.4203993680350315,4
0.4053635524172851,-0.6073670820247228,0.3235991472898167,4
0.37885740884264724,-0.5530688564545296,0.23781639562381812,4
0.3448553424606352,-0.4834151225922514,0.16709320090343333,2
0.3049595324656204,-0.4016879681189899,0.11476204386284555,2
0.2610498715676066,-0.3117383809435717,0.08328877143282154,4
0.21519538534675386,-0.2178047904454228,0.07415640590087808,4
0.16955673965690293,-0.12431335245454177,0.0877952648214338,4
0.12628442993447958,-0.035669388551033625,0.12356268442952872,4
0.08741744973801462,0.043950192924379634,0.17977330199195068,2
-0.006873774716559283,0.2371071552077588,0.58320665140527,2
-0.0042173982216962,0.2316655288273959,0.6879581945772699,4
0.008292435134888587,0.20603895091617871,0.7889351028514496,4
0.030066261333456135,0.1614349472018378,0.8813793388858662,4
0.060078096513929785,0.09995526073533616,0.9609349253128548,4
0.0969137813904934,0.024496817645410823,1.0238531986265773,4
0.13883761651310225,-0.061384776176224475,1.0671694464087809,4
0.1838741485188033,-0.153642775415489,1.0888426047371977,4
0.2299012536003111,-0.24792997819250912,1.0878514332272005,4
0.27475013209379856,-0.33980356644771176,1.0642426359335813,4
0.3163075024355556,-0.42493445176744105,1.019128660652983,4
0.35261517910278817,-0.49931126226255135,0.9546352803239644,4
0.3819623424206372,-0.5594293586272971,0.8738014264919473,4
0.40296615247715734,-0.6024559729316754,0.7804359946915576,4
0.414636908614247,-0.6263636887984514,0.6789383690844362,4
0.4164246841758217,-0.6300259733717585,0.5740911232412245,4
0.4082452390813881,-0.6132702596057799,0.47083466501801685,4
0.39048398922316196,-0.5768860776332162,0.3740344442728021,4
0.3639778456485241,-0.522587852063023,0.2882516926068034,2
0.32997577926651206,-0.45293411820074475,0.21752849788641862,2
0.29007996927149743,-0.3712069637274836,0.16519734084583093,2
0.24617030837348347,-0.2812573765520651,0.13372406841580686,4
0.20031582215263072,-0.1873237860539162,0.12459170288386334,4
0.1546771764627798,-0.09383234806303516,0.13823056180441906,4
0.11140486674035657,-0.005188384159527344,0.17399798141251377,0
-0.018854856469943504,0.2616505776708686,0.5215440754273762,2
-0.026177105439929682,0.2766503125487046,0.6251343551561106,4
-0.02352072894506657,0.27120868616834165,0.7298858983281107,4
-0.011010895588481784,0.24558210825712448,0.8308628066022903,4
0.010762930610085777,0.20097810454278356,0.9233070426367069,4
0.040774765790559345,0.13949841807628202,1.0028626290636955,4
0.07761045066712302,0.0640399749863566,1.065780902377418,4
0.11953428578973185,-0.021841618835278704,1.1090971501596216,0
0.16457081779543292,-0.11409961807454323,1.1307703084880387,4
0.2105979228769407,-0.20838682085156335,1.129779136978041,4
0.25544680137042813,-0.3002604091067658,1.106170339684422,4
0.2970041717121853,-0.3853912944264954,1.0610563644038238,4
0.3333118483794177,-0.4597681049216055,0.9965629840748051,4
0.3626590116972669,-0.5198862012863515,0.9157291302427879,4
0.3836628217537869,-0.5629128155907296,0.8223636984423983,4
0.39533357789087664,-0.5868205314575056,0.7208660728352769,4
0.3971213534524513,-0.5904828160308128,0.6160188269920653,4
0.3889419083580177,-0.5737271022648341,0.5127623687688577,4
0.37118065849979154,-0.5373429202922704,0.41596214802364273,4
0.3446745149251536,-0.4830446947220773,0.33017939635764404,2
0.31067244854314174,-0.41339096085979915,0.25945620163725946,2
0.27077663854812695,-0.33166380638653764,0.20712504459667166,4
0.226866977650113,-0.24171421921111907,0.1756517721666475,4
0.18101249142926024,-0.14778062871297024,0.16651940663470421,4
0.1353738457394095,-0.05428919072208959,0.18015826555525985,2
-0.02471653107193189,0.27365830444038547,0.45544071355294125,2
-0.04167238074198054,0.30839261226325265,0.5529885502931493,2
-0.04899462971196672,0.3233923471410886,0.656578830021884,4
-0.04633825321710364,0.3179507207607258,0.7613303731938839,4
-0.03382841986051882,0.29232414284950853,0.8623072814680637,4
-0.012054593661951274,0.24772013913516766,0.9547515175024801,4
0.01795724151852235,0.186240452668666,1.0343071039294687,4
0.05479292639508605,0.11078200957874061,1.0972253772431912,4
0.09671676151769487,0.024900415757105315,1.1405416250253948,4
0.14175329352339594,-0.06735758348215923,1.1622147833538117,4
0.18778039860490364,-0.16164478625917927,1.1612236118438144,4
0.23262927709839115,-0.2535183745143819,1.137614814550195,4
0.2741866474401482,-0.33864925983411126,1.092500839269597,4
0.31049432410738076,-0.41302607032922156,1.028007458940578,4
0.33984148742522985,-0.47314416669396747,0.9471736051085611,4
0.36084529748174987,-0.5161707809983456,0.8538081733081713,4
0.3725160536188396,-0.5400784968651215,0.75231054770105,4
0.37430382918041427,-0.5437407814384286,0.6474633018578385,4
0.36612438408598064,-0.5269850676724499,0.5442068436346307,4
0.34836313422775445,-0.4906008856998863,0.4474066228894157,4
0.3218569906531166,-0.43630266012969326,0.3616238712234173,2
0.2878549242711046,-0.3666489262674149,0.29090067650303253,2
0.24795911427608983,-0.2849217717941534,0.23856951946244476,4
0.20404945337807584,-0.1949721846187348,0.20709624703242063,4
0.15819496715722328,-0.10103859412058631,0.19796388150047728,2
-0.02418259610041376,0.27256453078592424,0.38801135974428846,4
-0.04997308592327385,0.3253967291034254,0.4749202941889039,2
-0.06692893559332252,0.3601310369262926,0.5724681309291122,4
-0.0742511845633087,0.3751307718041286,0.6760584106578466,4
-0.07159480806844562,0.36968914542376574,0.7808099538298466,4
-0.05908497471186083,0.34406256751254854,0.8817868621040262,4
-0.037311148513293285,0.2994585637982076,0.9742310981384429,4
-0.00729931333281969,0.23797887733170608,1.0537866845654313,4
0.029536371543743986,0.16252043424178064,1.116704957879154,4
0.07146020666635282,0.07663884042014536,1.1600212056613577,4
0.11649673867205385,-0.015619158819119069,1.1816943639897746,0
0.16252384375356166,-0.10990636159613928,1.180703192479777,4
0.20737272224704908,-0.2017799498513418,1.1570943951861579,4
0.24893009258880622,-0.2869108351710713,1.1119804199055596,4
0.28523776925603866,-0.3612876456661815,1.047487039576541,4
0.31458493257388787,-0.4214057420309275,0.9666531857445237,4
0.3355887426304079,-0.4644323563353056,0.8732877539441343,4
0.34725949876749757,-0.48834007220208153,0.771790128337013,4
0.34904727432907223,-0.4920023567753887,0.6669428824938013,4
0.34086782923463865,-0.47524664300941005,0.5636864242705935,4
0.3231065793764125,-0.4388624610368465,0.46688620352537885,2
0.29660043580177464,-0.3845642354666533,0.3811034518593801,2
0.26259836941976267,-0.31491050160437495,0.3103802571389953,4
0.22270255942474784,-0.23318334713111344,0.25804910009840754,4
0.17879289852673405,-0.14323375995569526,0.22657582766838352,2
-0.017278210599927846,0.25842079538083607,0.3224332887749087,2
-0.05068809130978735,0.3268614281703225,0.3946081672645114,1
-0.07647858113264747,0.3796936264878237,0.481517101709127,1
-0.09343443080269612,0.41442793431069086,0.5790649384493352,4
-0.1007566797726823,0.4294276691885268,0.6826552181780697,2
-0.09810030327781921,0.423986042808164,0.7874067613500696,2
-0.08559046992123442,0.3983594648969468,0.8883836696242493,3
-0.06381664372266685,0.35375546118260587,0.9808279056586658,4
-0.033804808542193227,0.2922757747161042,1.0603834920856545,3
0.0030308763343704637,0.2168173316261788,1.1233017653993769,3
0.04495471145697923,0.1309357378045436,1.1666180131815804,4
0.08999124346268035,0.03867773856527897,1.1882911715099975,3
0.1360183485441881,-0.055609464211741046,1.1873,2
0.18086722703767558,-0.14748305246694374,1.1636912027063808,2
0.22242459737943265,-0.23261393778667305,1.1185772274257828,2
0.25873227404666516,-0.30699074828178335,1.054083847096764,4
0.28807943736451425,-0.36710884464652926,0.9732499932647467,3
0.3090832474210343,-0.41013545895090736,0.8798845614643572,4
0.320754003558124,-0.43404317481768334,0.7783869358572357,4
0.32254177911969867,-0.4377054593909904,0.673539690014024,3
0.31436233402526503,-0.42094974562501186,0.5702832317908166,4
0.2966010841670389,-0.38456556365244815,0.47348301104560164,2
0.27009494059240097,-0.330267338082255,0.3877002593796029,1
0.23609287421038896,-0.26061360421997654,0.3169770646592181,3
0.1961970642153743,-0.17888644974671533,0.26464590761863055,2
-0.004328709586132129,0.23189355179715193,0.2617965428714626,4
-0.04378370580930141,0.3127176927652343,0.3158364812546855,2
-0.077193586519161,0.38115832555472084,0.3880113597442884,2
-0.10298407634202109,0.433990523872222,0.4749202941889038,2
-0.11993992601206976,0.4687248316950892,0.5724681309291121,4
-0.12726217498205594,0.48372456657292523,0.6760584106578464,4
-0.12460579848719286,0.47828294019256234,0.7808099538298465,4
-0.11209596513060807,0.45265636228134515,0.8817868621040261,4
-0.09032213893204052,0.4080523585670042,0.9742310981384428,4
-0.06031030375156693,0.3465726721005027,1.0537866845654313,4
-0.023474618875003267,0.2711142290105773,1.116704957879154,4
0.018449216247605593,0.18523263518894195,1.1600212056613575,4
0.06348574825330662,0.09297463594967752,1.1816943639897743,4
0.10951285333481445,-0.0013125668273426998,1.180703192479777,0
0.15436173182830187,-0.09318615508254519,1.1570943951861579,4
0.195919102170059,-0.1783170404022747,1.1119804199055596,4
0.23222677883729143,-0.2526938508973849,1.047487039576541,4
0.2615739421551405,-0.31281194726213074,0.966653185744524,4
0.28257775221166065,-0.355838561566509,0.8732877539441343,4
0.2942485083487504,-0.379746277433285,0.7717901283370128,4
0.29603628391032505,-0.3834085620065921,0.6669428824938014,4
0.2878568388158914,-0.3666528482406135,0.5636864242705937,4
0.2700955889576653,-0.3302686662680498,0.46688620352537863,2
0.24358944538302732,-0.27597044069785664,0.3811034518593799,4
0.20958737900101548,-0.20631670683557846,0.3103802571389953,2
0.014055725757609439,0.1942327651774693,0.20895832875807696,4
-0.029585264437474085,0.28363197646019184,0.24231696223549987,4
-0.06904026066064342,0.3644561174282743,0.29635690061872294,2
-0.10245014137050293,0.4328967502177607,0.3685317791083257,2
-0.12824063119336304,0.4857289485352619,0.45544071355294125,4
-0.1451964808634117,0.5204632563581291,0.5529885502931493,4
-0.15251872983339787,0.5354629912359652,0.6565788300218839,4
-0.14986235333853481,0.5300213648556023,0.7613303731938839,4
-0.13735251998194997,0.504394786944385,0.8623072814680635,4
-0.11557869378338242,0.4597907832300441,0.9547515175024801,4
-0.08556685860290886,0.39831109676354254,1.0343071039294687,4
-0.04873117372634511,0.322852653673617,1.0972253772431912,4
-0.006807338603736363,0.2369710598519818,1.1405416250253948,4
0.03822919340196476,0.14471306061271716,1.1622147833538117,4
0.08425629848347249,0.05042585783569716,1.1612236118438144,4
0.12910517697696,-0.04144773041950552,1.137614814550195,4
0.17066254731871705,-0.12657861573923485,1.092500839269597,4
0.2069702239859495,-0.20095542623434504,1.0280074589405783,4
0.2363173873037987,-0.26107352259909106,0.9471736051085611,4
0.2573211973603188,-0.3041001369034692,0.8538081733081713,4
0.2689919534974084,-0.3280078527702451,0.7523105477010502,4
0.27077972905898307,-0.3316701373435523,0.6474633018578385,4
0.2626002839645495,-0.3149144235775736,0.5442068436346307,2
0.2448390341063233,-0.2785302416050099,0.4474066228894157,2
0.21833289053168548,-0.22423201603481685,0.3616238712234173,2
0.037008819850363736,0.14721301381028962,0.16640838592202534,4
-0.008761798514427543,0.2409747997698533,0.1775138538923037,4
-0.05240278870951115,0.33037401105257597,0.21087248736972666,2
-0.09185778493268043,0.41119815202065835,0.2649124257529496,2
-0.12526766564254,0.4796387848101449,0.3370873042425525,2
-0.15105815546540008,0.5324709831276461,0.4239962386871679,4
-0.16801400513544873,0.5672052909505133,0.521544075427376,4
-0.17533625410543496,0.5822050258283493,0.6251343551561106,4
-0.17267987761057185,0.5767633994479864,0.7298858983281106,4
-0.16017004425398707,0.5511368215367692,0.8308628066022903,4
-0.13839621805541952,0.5065328178224284,0.9233070426367068,4
-0.10838438287494595,0.4450531313559267,1.0028626290636953,4
-0.07154869799838229,0.36959468826600134,1.0657809023774178,4
-0.029624862875773428,0.283713094444366,1.1090971501596216,4
0.0154116691299276,0.19145509520510157,1.1307703084880385,4
0.061438774211435426,0.09716789242808135,1.129779136978041,4
0.10628765270492284,0.005294304172878859,1.106170339684422,0
0.1478450230466799,-0.07983658114685048,1.0610563644038238,4
0.1841526997139124,-0.15421339164196085,0.9965629840748051,4
0.2134998630317616,-0.21433148800670687,0.9157291302427878,4
0.23450367308828163,-0.2573581023110849,0.8223636984423985,4
0.2461744292253713,-0.2812658181778609,0.720866072835277,4
0.24796220478694603,-0.2849281027511681,0.6160188269920652,4
0.2397827596925124,-0.2681723889851894,0.5127623687688575,2
0.2220215098342863,-0.23178820701262587,0.41596214802364284,2
0.06344902166553447,0.09304987090574195,0.1361516699553501,4
0.01770548912699335,0.18675617115123538,0.12448068217118458,4
-0.028065129237798025,0.28051795711079924,0.13558615014146302,4
-0.07170611943288152,0.36991716839352173,0.16894478361888587,2
-0.11116111565605089,0.4507413093616042,0.22298472200210898,2
-0.14457099636591042,0.5191819421510907,0.29515960049171175,2
-0.1703614861887705,0.5720141404685919,0.3820685349363273,4
-0.18731733585881916,0.606748448291459,0.47961637167653537,4
-0.19463958482880533,0.621748183169295,0.58320665140527,4
-0.19198320833394222,0.6163065567889322,0.6879581945772699,4
-0.1794733749773575,0.590679978877715,0.7889351028514495,4
-0.1576995487787899,0.546075975163374,0.8813793388858662,4
-0.12768771359831632,0.4845962886968725,0.9609349253128546,4
-0.09085202872175258,0.40913784560694694,1.0238531986265773,4
-0.0489281935991438,0.32325625178531175,1.0671694464087809,4
-0.0038916615934426885,0.2309982525460471,1.0888426047371977,4
0.04213544348806504,0.1367110497690271,1.0878514332272005,4
0.08698432198155245,0.044837461513824596,1.064242635933581,4
0.12854169232330961,-0.040293423805904914,1.019128660652983,4
0.16484936899054212,-0.11467023430101521,0.9546352803239643,4
0.19419653230839115,-0.17478833066576097,0.8738014264919473,4
0.21520034236491126,-0.21781494497013923,0.7804359946915576,4
0.22687109850200096,-0.2417226608369152,0.678938369084436,4
0.22865887406357563,-0.2453849454102223,0.5740911232412244,2
0.22047942896914202,-0.22862923164424373,0.47083466501801696,2
0.09213046747333221,0.03429550666690912,0.11961387893966718,4
0.048569458471411336,0.1235308752972485,0.0857163729723649,4
0.0028259259328701214,0.21723717554274213,0.07404538518819931,4
-0.04294469243192117,0.31099896150230577,0.08515085315847776,4
-0.08658568262700478,0.4003981727850285,0.11850948663590077,2
-0.126040678850174,0.48122231375311075,0.17254942501912374,2
-0.1594505595600335,0.5496629465425973,0.24472430350872648,4
-0.18524104938289365,0.6024951448600984,0.3316332379533421,4
-0.2021968990529423,0.6372294526829656,0.42918107469355027,4
-0.20951914802292848,0.6522291875608015,0.5327713544222847,4
-0.20686277152806537,0.6467875611804388,0.6375228975942847,4
-0.19435293817148058,0.6211609832692215,0.7384998058684644,4
-0.17257911197291304,0.5765569795548806,0.8309440419028808,4
-0.14256727679243936,0.5150772930883789,0.9104996283298696,4
-0.10573159191587572,0.4396188499984535,0.973417901643592,4
-0.06380775679326686,0.3537372561768181,1.0167341494257958,4
-0.01877122478756582,0.26147925693755364,1.0384073077542126,4
0.02725588029394191,0.16719205416053362,1.0374161362442151,4
0.0721047587874294,0.07531846590533096,1.013807338950596,4
0.11366212912918654,-0.009812419414398522,0.9686933636699976,0
0.14996980579641891,-0.08418922990950854,0.9041999833409791,4
0.1793169691142681,-0.14430732627425458,0.8233661295089618,4
0.20032077917078817,-0.18733394057863273,0.7300006977085721,4
0.21199153530787784,-0.21124165644540865,0.6285030721014506,2
0.2137793108694525,-0.2149039410187158,0.5236558262582393,1
0.12170168600664451,-0.02628157010723269,0.11757427447597735,0
0.08237579762543225,0.054278091544734765,0.06304750262755199,4
0.03881478862351129,0.14351346017507427,0.029149996660249533,4
-0.006928743915029817,0.2372197604205677,0.017479008876084,4
-0.052699362279821194,0.33098154638013155,0.02858447684636245,2
-0.09634035247490472,0.42038075766285404,0.0619431103237853,2
-0.13579534869807397,0.5012048986309365,0.11598304870700826,2
-0.1692052294079336,0.569645531420423,0.18815792719661115,4
-0.19499571923079367,0.6224777297379243,0.27506686164122673,4
-0.21195156890084232,0.6572120375607914,0.3726146983814348,4
-0.2192738178708285,0.6722117724386274,0.47620497811016926,4
-0.21661744137596545,0.6667701460582645,0.5809565212821693,4
-0.20410760801938066,0.6411435681470473,0.681933429556349,4
-0.18233378182081306,0.5965395644327064,0.7743776655907656,4
-0.1523219466403395,0.5350598779662048,0.853933252017754,4
-0.11548626176377574,0.4596014348762793,0.9168515253314767,4
-0.073562426641167,0.37371984105464406,0.9601677731136803,4
-0.028525894635465954,0.28146184181537964,0.9818409314420972,4
0.01750121044604186,0.1871746390383594,0.9808497599320998,4
0.062350088939529355,0.09530105078315675,0.9572409626384806,4
0.10390745928128634,0.010170165463427593,0.9121269873578824,0
0.14021513594851887,-0.06420664503168276,0.8476336070288638,4
0.16956229926636807,-0.12432474139642878,0.7667997531968465,4
0.1905661093228881,-0.16735135570080695,0.6734343213964568,4
0.20223686545997777,-0.19125907156758282,0.5719366957893357,1
0.1507692798597376,-0.08582696430513502,0.13012896283616904,4
0.11753155007218138,-0.017738985215913206,0.05754222952507165,0
0.07820566169096907,0.06282067643605437,0.003015457676646127,4
0.034644652689048205,0.15205604506639364,-0.030882048290656217,4
-0.01109887984949301,0.2457623453118873,-0.04255303607482186,4
-0.0568694982142843,0.339524131271451,-0.031447568104543466,2
-0.1005104884093678,0.42892334255417347,0.0019110653728793836,2
-0.13996548463253716,0.5097474835222561,0.0559510037561024,2
-0.17337536534239673,0.5781881163117426,0.1281258822457053,4
-0.19916585516525687,0.6310203146292437,0.2150348166903207,4
-0.21612170483530546,0.6657546224521109,0.3125826534305287,4
-0.2234439538052917,0.680754357329947,0.4161729331592634,4
-0.22078757731042864,0.6753127309495841,0.5209244763312633,4
-0.2082777439538438,0.6496861530383669,0.6219013846054431,4
-0.1865039177552763,0.605082149324026,0.7143456206398596,4
-0.15649208257480268,0.5436024628575244,0.7939012070668483,4
-0.11965639769823905,0.468144019767599,0.8568194803805708,4
-0.07773256257563024,0.3822624259459638,0.9001357281627744,4
-0.032696030569929146,0.29000442670669924,0.9218088864911913,4
0.01333107451157868,0.195717223929679,0.9208177149811939,4
0.05817995300506601,0.1038436356744767,0.8972089176875748,4
0.09973732334682316,0.018712750354747187,0.8520949424069766,0
0.13604500001405567,-0.055664060140363174,0.787601562077958,4
0.16539216333190487,-0.11578215650510919,0.7067677082459407,4
0.18639597338842487,-0.15880877080948724,0.6134022764455513,1
0.1779635824488624,-0.1415348937536593,0.15668636643032358,4
0.1523801748679457,-0.08912690645927294,0.06945996242923363,4
0.11914244508038933,-0.02103892737005091,-0.0031267708818639717,0
0.07981655669917707,0.05952073428191657,-0.05765354273028939,4
0.03625554769725611,0.1487561029122561,-0.09155104869759179,4
-0.009487984841285019,0.24246240315774958,-0.10322203648175732,4
-0.055258603206076284,0.3362241891173132,-0.09211656851147887,2
-0.09889959340115989,0.42562340040003593,-0.0587579350340558,2
-0.13835458962432923,0.5064475413681184,-0.004717996650832779,4
-0.17176447033418873,0.5748881741576048,0.06745688183876997,4
-0.19755496015704876,0.6277203724751059,0.15436581628338547,4
-0.21451080982709747,0.662454680297973,0.2519136530235938,4
-0.2218330587970836,0.6774544151758091,0.35550393275232817,4
-0.21917668230222048,0.6720127887954461,0.4602554759243283,4
-0.2066668489456357,0.6463862108842289,0.5612323841985078,4
-0.1848930227470681,0.601782207169888,0.6536766202329245,4
-0.15488118756659452,0.5403025207033864,0.7332322066599131,4
-0.11804550269003083,0.46484407761346097,0.7961504799736354,4
-0.076121667567422,0.37896248379182557,0.8394667277558391,4
-0.031085135561720878,0.2867044845525609,0.8611398860842561,4
0.014941969519786769,0.19241728177554107,0.8601487145742586,4
0.059790848013274264,0.10054369352033841,0.8365399172806394,4
0.1013482183550314,0.015412808200608929,0.791425942000041,0
0.1376558950222639,-0.058964002294501376,0.7269325616710223,4
0.16700305834011298,-0.11908209865924711,0.6460987078390052,1
0.20200319677525358,-0.1907803978247912,0.1959950989745305,4
0.1852796029404243,-0.15652186950169253,0.0982391371254216,4
0.1596961953595076,-0.10411388220730618,0.011012733124331653,4
0.12645846557195134,-0.036025903118084256,-0.06157400018676584,4
0.087132577190739,0.04453375853388334,-0.11610077203519142,4
0.04357156818881812,0.1337691271642227,-0.14999827800249366,4
-0.002171964349722999,0.22747542740971616,-0.1616692657866593,2
-0.047942582714514376,0.32123721336928,-0.15056379781638085,2
-0.09158357290959798,0.41063642465200273,-0.11720516433895778,2
-0.13103856913276724,0.49146056562008494,-0.06316522595573482,4
-0.16444844984262674,0.5599011984095714,0.009009652533867929,4
-0.19023893966548688,0.6127333967270726,0.09591858697848349,4
-0.20719478933553548,0.6474677045499398,0.1934664237186916,4
-0.2145170383055217,0.6624674394277758,0.29705670344742624,4
-0.2118606618106586,0.6570258130474129,0.4018082466194261,4
-0.19935082845407381,0.6313992351361957,0.5027851548936059,4
-0.1775770022555062,0.5867952314218549,0.5952293909280224,4
-0.14756516707503264,0.5253155449553533,0.6747849773550109,4
-0.11072948219846893,0.4498571018654277,0.7377032506687335,4
-0.06880564707586007,0.36397550804379236,0.7810194984509371,4
-0.023769115070159136,0.27171750880452805,0.802692656779354,4
0.02225799001134869,0.17743030602750787,0.8017014852693565,4
0.06710686850483619,0.08555671777230518,0.7780926879757373,4
0.10866423884659332,0.0004258324525756958,0.732978712695139,0
0.14497191551382568,-0.07395097804253432,0.6684853323661206,2
0.22175537492054256,-0.23124302572143318,0.2462029308798035,4
0.21467961147162057,-0.21674822006443395,0.14252367735605387,4
0.19795601763679124,-0.18248969174133517,0.04476771550694458,4
0.17237261005587454,-0.13008170444694883,-0.04245868849414541,4
0.13913488026831827,-0.061993725357726896,-0.11504542180524291,4
0.09980899188710601,0.018565936294240564,-0.16957219365366827,0
0.05624798288518515,0.10780130492457987,-0.2034696996209706,4
0.010504450346643934,0.2015076051700735,-0.21514068740513625,2
-0.03526616801814744,0.29526939112963735,-0.2040352194348578,2
-0.07890715821323097,0.38466860241235984,-0.17067658595743496,2
-0.11836215443640022,0.4654927433804422,-0.116636647574212,4
-0.1517720351462598,0.5339333761699288,-0.04446176908460914,4
-0.1775625249691199,0.5867655744874299,0.042447165360006256,4
-0.19451837463916855,0.6214998823102972,0.13999500210021454,4
-0.20184062360915478,0.6364996171881332,0.24358528182894895,4
-0.19918424711429167,0.6310579908077703,0.3483368250009491,4
-0.18667441375770688,0.6054314128965531,0.44931373327512864,4
-0.16490058755913933,0.5608274091822123,0.5417579693095451,4
-0.1348887523786657,0.49934772271571054,0.6213135557365338,4
-0.09805306750210199,0.4238892796257851,0.6842318290502565,4
-0.0561292323794933,0.33800768580415,0.7275480768324599,4
-0.011092700373792203,0.24574968656488544,0.7492212351608769,4
0.034934404707715624,0.1514624837878652,0.7482300636508794,4
0.07978328320120312,0.059588895532662535,0.7246212663572602,4
0.1213406535429601,-0.02554198978706661,0.6795072910766622,0
0.2362893931895177,-0.26101617624360984,0.3049440664098083,4
0.23919487048029694,-0.26696808927386895,0.20022689320667836,4
0.23211910703137495,-0.2524732836168697,0.09654763968292873,4
0.21539551319654573,-0.21821475529377116,-0.0012083221661802201,4
0.18981210561562892,-0.1658067679993846,-0.08843472616727055,4
0.1565743758280727,-0.09771878891016277,-0.16102145947836788,4
0.1172484874468605,-0.017159127258195423,-0.21554823132679335,0
0.07368747844493953,0.0720762413721441,-0.2494457372940958,4
0.027943945906398315,0.16578254161763772,-0.26111672507826145,2
-0.017826672458392978,0.2595443275772014,-0.2500112571079831,2
-0.061467662653476474,0.34894353885992396,-0.21665262363056015,2
-0.10092265887664584,0.42976767982800645,-0.16261268524733719,4
-0.13433253958650532,0.4982083126174928,-0.0904378067577345,4
-0.1601230294093655,0.5510405109349942,-0.003528872313118825,4
-0.1770788790794141,0.5857748187578613,0.09401896442708918,4
-0.18440112804940034,0.6007745536356974,0.19760924415582382,4
-0.1817447515545373,0.5953329272553346,0.3023607873278237,4
-0.16923491819795256,0.5697063493441175,0.4033376956020033,4
-0.14746109199938495,0.5251023456297765,0.49578193163642004,4
-0.11744925681891136,0.46362265916327483,0.5753375180634086,4
-0.0806135719423478,0.3881642160733496,0.6382557913771311,4
-0.03868973681973892,0.30228262225171426,0.6815720391593347,4
0.0063467951859621785,0.21002462301244967,0.7032451974877517,4
0.052373900267470005,0.11573742023542946,0.7022540259777543,4
0.09722277876095733,0.023863831980227134,0.6786452286841352,2
0.2449204078606373,-0.2786969369394252,0.3694506201030392,4
0.257670219645106,-0.30481511419524454,0.26862980604683573,4
0.2605756969358852,-0.3107670272255036,0.16391263284370622,4
0.25349993348696315,-0.29627222156850425,0.06023337931995615,4
0.2367763396521339,-0.2620136932454056,-0.03752258252915275,4
0.2111929320712172,-0.20960570595101924,-0.12474898653024269,4
0.1779552022836609,-0.1415177268617973,-0.19733571984134013,4
0.1386293139024486,-0.06095806520982971,-0.2518624916897657,4
0.09506830490052763,0.028277303420509835,-0.28575999765706805,2
0.049324772361986485,0.12198360366600332,-0.2974309854412336,2
0.0035541539971952057,0.21574538962556694,-0.28632551747095514,2
-0.04008683619788839,0.30514460090828965,-0.2529668839935322,2
-0.07954183242105767,0.3859687418763719,-0.1989269456103091,4
-0.11295171313091723,0.45440937466585846,-0.1267520671207063,4
-0.13874220295377726,0.5072415729833596,-0.03984313267609085,4
-0.15569805262382597,0.5419758808062267,0.057704704064117485,4
-0.1630203015938121,0.5569756156840627,0.1612949837928519,4
-0.16036392509894903,0.5515339893036999,0.26604652696485176,4
-0.1478540917423642,0.5259074113924826,0.3670234352390315,4
-0.1260802655437966,0.48130340767814156,0.45946767127344823,4
-0.09606843036332308,0.4198237212116402,0.5390232577004366,4
-0.05923274548675933,0.34436527812171464,0.6019415310141591,4
-0.017308910364150498,0.2584836843000793,0.6452577787963627,4
0.027727621641550626,0.16622568506081464,0.6669309371247797,4
0.07375472672305827,0.07193848228379482,0.6659397656147822,2
0.2369037651221348,-0.16127062250000573,0.6659397656147822,4
0.3009870942398533,-0.24092930093619525,0.6423309683211631,4
0.3603672778773206,-0.31474174200288507,0.5972169930405649,4
0.41224631859188016,-0.3792298995121123,0.5327236127115462,4
0.45417967319833397,-0.43135508801800454,0.4518897588795289,4
0.4841914397751387,-0.4686611658382133,0.3585243270791394,4
0.500867462269087,-0.4893902685819222,0.257026701472018,4
0.5034219656044968,-0.49256563981436524,0.15217945562880641,4
0.4917345814469864,-0.4780376558725022,0.04892299740559869,4
0.46635601996585546,-0.44649087614005684,-0.04787722333961619,4
0.4284821203413269,-0.3994117865725851,-0.13365997500561477,4
0.37989750275813805,-0.3390187563994007,-0.20438316972599957,4
0.3228914770065744,-0.26815750844632913,-0.25671432676658723,2
0.26015017008217817,-0.19016702852329292,-0.2881875991966114,2
0.19462995573743158,-0.10872223223359304,-0.2973199647285548,2
0.12941814999173468,-0.02766080275327857,-0.2836811058079991,0
0.06758753663473444,0.049197641006251826,-0.24791368619990428,4
0.012051577489098214,0.1182315250465304,-0.1917030686374822,4
-0.03457287006706883,0.1761879690433637,-0.11769790043967676,4
-0.07008885956044675,0.2203360622424393,-0.029385309107221147,4
-0.09282287565833497,0.24859554412076335,0.06907341131251044,4
-0.10170369030102361,0.2596348263742463,0.17303888062454437,4
-0.09631283902550825,0.2529337374301192,0.2776122403303007,4
-0.07690433903346544,0.22880803295938418,0.3778659881031942,4
-0.04439271988706511,0.18839451745263602,0.46907616196294777,2
0.2016873753758196,-0.11749494628112464,0.7032451974877518,4
0.26745424006347035,-0.19924634087996487,0.7022540259777544,4
0.33153756918118904,-0.2789050193161545,0.6786452286841352,4
0.39091775281865615,-0.35271746038284424,0.6335312534035371,4
0.4427967935332158,-0.41720561789207156,0.5690378730745184,4
0.4847301481396695,-0.46933080639796365,0.4882040192425011,4
0.5147419147164742,-0.5066368842181725,0.3948385874421116,4
0.5314179372104225,-0.5273659869618813,0.29334096183499014,4
0.5339724405458324,-0.5305413581943244,0.1884937159917785,4
0.5222850563883219,-0.5160133742524613,0.08523725776857083,4
0.496906494907191,-0.48446659452001595,-0.011562962976643942,4
0.4590325952826624,-0.4373875049525441,-0.09734571464264274,4
0.4104479776994736,-0.3769944747793599,-0.16806890936302732,4
0.35344195194790984,-0.3061332268262881,-0.2204000664036151,2
0.2907006450235137,-0.22814274690325204,-0.25187333883363927,2
0.225180430678767,-0.146697950613552,-0.26100570436558257,2
0.15996862493307024,-0.0656365211332377,-0.24736684544502685,4
0.09813801157607,0.011221922626292687,-0.21159942583693214,0
0.04260205243043372,0.0802558066665714,-0.15538880827450985,4
-0.004022395125733297,0.13821225066340462,-0.0813836400767044,4
-0.03953838461911119,0.18236034386248015,0.0069289512557511035,4
-0.06227240071699941,0.2106198257408042,0.10538767167548269,4
-0.0711532153596881,0.2216591079942871,0.20935314098751703,4
-0.06576236408417269,0.21495801905016007,0.3139265006932729,4
-0.04635386409212999,0.1908323145794252,0.414180248466166,2
0.1622547289274566,-0.0684782589996645,0.72754807683246,4
0.22660619098823254,-0.14847023965631012,0.7492212351608769,4
0.2923730556758834,-0.23022163425515052,0.7482300636508795,4
0.356456384793602,-0.30988031269134003,0.7246212663572604,4
0.41583656843106925,-0.38369275375802986,0.6795072910766622,4
0.46771560914562876,-0.44818091126725706,0.6150139107476436,4
0.5096489637520825,-0.5003060997731492,0.5341800569156264,4
0.5396607303288873,-0.5376121775933581,0.4408146251152368,4
0.5563367528228356,-0.558341280337067,0.33931699950811534,4
0.5588912561582454,-0.56151665156951,0.23446975366490375,4
0.5472038720007351,-0.546988667627647,0.13121329544169613,4
0.521825310519604,-0.5154418878952016,0.03441307469648114,4
0.4839514108950755,-0.46836279832772987,-0.05136967696951744,4
0.43536679331188666,-0.40796976815454555,-0.12209287168990224,4
0.378360767560323,-0.33710852020147386,-0.1744240287304899,2
0.3156194606359268,-0.2591180402784377,-0.20589730116051408,2
0.2500992462911802,-0.17767324398873782,-0.2150296666924575,2
0.18488744054548345,-0.09661181450842352,-0.20139080777190177,4
0.12305682718848306,-0.01975337074889296,-0.16562338816380695,0
0.06752086804284677,0.049280513291385754,-0.10941277060138477,4
0.02089642048667993,0.1072369572882188,-0.03540760240357954,4
-0.014619569006698141,0.1513850504872945,0.052904988928876184,4
-0.03735358510458636,0.17964453236561856,0.15136370934860782,4
-0.04623439974727506,0.19068381461910144,0.2553291786606422,4
-0.04084354847175964,0.18398272567497442,0.359902538366398,2
0.12046389419585214,-0.016530229593302463,0.7377032506687335,0
0.1803677092807541,-0.09099356988237281,0.7810194984509371,4
0.24471917134153015,-0.1709855505390186,0.802692656779354,4
0.3104860360291809,-0.2527369451378588,0.8017014852693565,4
0.3745693651468996,-0.3323956235740485,0.7780926879757373,4
0.4339495487843667,-0.40620806464073816,0.7329787126951393,4
0.4858285894989263,-0.4706962221499655,0.6684853323661205,4
0.52776194410538,-0.5228214106558576,0.5876514785341033,4
0.5577737106821847,-0.5601274884760665,0.4942860467337137,4
0.5744497331761331,-0.5808565912197752,0.39278842112659224,4
0.5770042365115429,-0.5840319624522183,0.2879411752833807,4
0.5653168523540325,-0.5695039785103553,0.18468471706017292,4
0.5399382908729016,-0.5379571987779099,0.08788449631495815,4
0.5020643912483729,-0.49087810921043806,0.0021017446489594027,4
0.45347977366518416,-0.43048507903725386,-0.06862145007142523,4
0.3964737479136204,-0.35962383108418206,-0.12095260711201306,2
0.3337324409892243,-0.281633351161146,-0.15242587954203712,2
0.2682122266444777,-0.20018855487144613,-0.16155824507398053,2
0.2030004208987808,-0.11912712539113166,-0.14791938615342481,4
0.14116980754178043,-0.04226868163160113,-0.11215196654532988,4
0.08563384839614432,0.02676520240867731,-0.05594134898290787,4
0.03900940083997732,0.08472164640551061,0.018063819214897636,4
0.003493411346599376,0.1288697396045862,0.1063764105473532,4
-0.01924060475128897,0.1571292214829103,0.20483513096708522,4
-0.028121419393977498,0.1681685037363932,0.3088006002791187,2
0.07828405755839052,0.03590134800190007,0.7332322066599128,4
0.130917554682832,-0.02952463532531035,0.7961504799736354,0
0.19082136976773412,-0.10398797561438083,0.839466727755839,4
0.25517283182851,-0.18397995627102645,0.8611398860842558,4
0.3209396965161609,-0.2657313508698669,0.8601487145742586,4
0.3850230256338794,-0.34539002930605633,0.8365399172806394,4
0.44440320927134663,-0.41920247037274605,0.7914259420000411,4
0.49628224998590625,-0.48369062788197337,0.7269325616710225,4
0.5382156045923601,-0.5358158163878656,0.6460987078390054,4
0.5682273711691648,-0.5731218942080745,0.5527332760386157,4
0.5849033936631131,-0.5938509969517832,0.45123565043149444,4
0.5874578969985229,-0.5970263681842264,0.3463884045882827,4
0.5757705128410124,-0.5824983842423633,0.2431319463650751,4
0.5503919513598816,-0.550951604509918,0.14633172561986013,4
0.5125180517353529,-0.5038725149424462,0.06054897395386155,4
0.46393343415216415,-0.44347948476926186,-0.010174220766523245,2
0.4069274084006005,-0.3726182368161902,-0.06250537780711096,2
0.34418610147620443,-0.29462775689315424,-0.09397865023713503,2
0.2786658871314577,-0.21318296060345415,-0.10311101576907855,4
0.21345408138576077,-0.13212153112313968,-0.08947215684852283,4
0.15162346802876064,-0.05526308736360943,-0.05370473724042807,4
0.09608750888312431,0.013770796676669285,0.002505880321994114,0
0.04946306132695731,0.07172724067350258,0.07651104851979962,4
0.013947071833579364,0.11587533387257817,0.16482363985225518,4
-0.008786944264308871,0.14413481575090223,0.26328236027198676,2
0.03770273518315624,0.08634589503324835,0.7143456206398598,4
0.08058582113537893,0.03304014451669041,0.7939012070668483,4
0.13321931825982053,-0.032385838810520144,0.856819480380571,4
0.19312313334472253,-0.10684917909959049,0.9001357281627745,4
0.25747459540549855,-0.18684115975623627,0.9218088864911915,4
0.3232414600931493,-0.2685925543550765,0.920817714981194,4
0.38732478921086794,-0.34825123279126613,0.8972089176875748,4
0.44670497284833516,-0.42206367385795585,0.8520949424069767,4
0.4985840135628947,-0.48655183136718316,0.787601562077958,4
0.5405173681693485,-0.5386770198730753,0.7067677082459407,4
0.5705291347461532,-0.575983097693284,0.6134022764455512,4
0.5872051572401015,-0.5967122004369929,0.5119046508384297,4
0.5897596605755113,-0.5998875716694361,0.40705740499521825,4
0.5780722764180009,-0.585359587727573,0.3038009467720104,4
0.55269371493687,-0.5538128079951277,0.20700072602679565,4
0.5148198153123413,-0.5067337184276557,0.1212179743607969,4
0.46623519772915256,-0.4463406882544715,0.05049477964041227,2
0.4092291719775889,-0.3754794403013999,-0.0018363774001754485,2
0.3464878650531927,-0.2974889603783637,-0.03330964983019963,2
0.280967650708446,-0.21604416408866364,-0.042442015362142926,4
0.21575584496274935,-0.13498273460834953,-0.028803156441587263,4
0.15392523160574895,-0.05812429084881895,0.0069642631665075005,4
0.09838927246011267,0.010909593191459767,0.06317488072892974,0
0.05176482490394567,0.06886603718829298,0.13718004892673524,4
0.016248835410567777,0.11301413038736852,0.2254926402591907,2
0.0006321211603315252,0.1324264617349526,0.6819334295563491,4
0.0317441426267641,0.09375271385675232,0.7743776655907656,4
0.07462722857898685,0.040446963340194216,0.8539332520177543,4
0.12726072570342833,-0.024979019987016175,0.9168515253314767,0
0.18716454078833045,-0.09944236027608666,0.9601677731136803,4
0.25151600284910636,-0.17943434093273228,0.9818409314420973,4
0.31728286753675716,-0.2611857355315726,0.9808497599320998,4
0.3813661966544758,-0.3408444139677622,0.9572409626384807,4
0.44074638029194296,-0.41465685503445193,0.9121269873578824,4
0.4926254210065026,-0.47914501254367925,0.8476336070288638,4
0.5345587756129563,-0.5312702010495713,0.7667997531968467,4
0.5645705421897611,-0.5685762788697802,0.673434321396457,4
0.5812465646837094,-0.589305381613489,0.5719366957893356,4
0.5838010680191192,-0.5924807528459322,0.4670894499461239,4
0.5721136838616088,-0.5779527689040691,0.3638329917229163,4
0.5467351223804778,-0.5464059891716235,0.2670327709777013,4
0.5088612227559492,-0.49932689960415194,0.18125001931170284,4
0.4602766051727604,-0.43893386943096757,0.11052682459131802,2
0.40327057942119665,-0.3680726214778958,0.058195667550730246,2
0.34052927249680043,-0.2900821415548596,0.026722395120706177,2
0.27500905815205395,-0.2086373452651599,0.017590029588762768,4
0.20979725240635705,-0.12757591578484542,0.031228888509318486,4
0.1479666390493567,-0.050717472025314896,0.06699630811741342,4
0.09243067990372039,0.01831641201496382,0.12320692567983571,2
0.045806232347553585,0.07627285601179684,0.1972120938776409,2
-0.03118101518604749,0.17197172932877014,0.6375228975942847,2
-0.01330605832811299,0.1497522931663428,0.7384998058684642,4
0.017805963138319655,0.11107854528814243,0.8309440419028808,4
0.06068904909054235,0.057772794771584486,0.9104996283298694,4
0.11332254621498396,-0.007653188555626071,0.973417901643592,0
0.17322636129988592,-0.08211652884469642,1.0167341494257955,4
0.2375778233606619,-0.16210850950134212,1.0384073077542126,4
0.3033446880483127,-0.24385990410018243,1.0374161362442151,4
0.36742801716603135,-0.32351858253637206,1.013807338950596,4
0.4268082008034985,-0.3973310236030618,0.9686933636699977,4
0.4786872415180581,-0.461819181112289,0.9041999833409791,4
0.5206205961245118,-0.5139443696181812,0.8233661295089618,4
0.5506323627013165,-0.55125044743839,0.7300006977085723,4
0.5673083851952649,-0.5719795501820988,0.6285030721014508,4
0.5698628885306747,-0.5751549214145419,0.5236558262582393,4
0.5581755043731643,-0.5606269374726789,0.4203993680350315,4
0.5327969428920334,-0.5290801577402335,0.3235991472898167,4
0.49492304326750486,-0.4820010681727618,0.23781639562381812,4
0.446338425684316,-0.42160803799957747,0.16709320090343333,2
0.3893323999327522,-0.35074679004650566,0.11476204386284555,2
0.32659109300835626,-0.2727563101234698,0.08328877143282154,4
0.2610708786636095,-0.19131151383376974,0.07415640590087808,4
0.1958590729179126,-0.11025008435345526,0.0877952648214338,4
0.13402845956091225,-0.033391640593924736,0.12356268442952872,4
0.07849250041527614,0.0356422434463537,0.17977330199195068,2
-0.056237637162468906,0.2031183226814716,0.58320665140527,2
-0.05244201384034716,0.1984001792603272,0.6879581945772699,4
-0.03456705698241261,0.1761807430978998,0.7889351028514496,4
-0.003455035515980018,0.13750699521969953,0.8813793388858662,4
0.03942805043624274,0.08420124470314141,0.9609349253128548,4
0.09206154756068421,0.01877526137593103,1.0238531986265773,2
0.15196536264558624,-0.05568807891313938,1.0671694464087809,4
0.21631682470636227,-0.13568005956978507,1.0888426047371977,4
0.28208368939401307,-0.2174314541686254,1.0878514332272005,4
0.3461670185117317,-0.297090132604815,1.0642426359335813,4
0.40554720214919876,-0.3709025736715046,1.019128660652983,4
0.4574262428637585,-0.435390731180732,0.9546352803239644,4
0.49935959747021214,-0.4875159196866241,0.8738014264919473,4
0.529371364047017,-0.524821997506833,0.7804359946915576,4
0.5460473865409652,-0.5455511002505419,0.6789383690844362,4
0.5486018898763751,-0.5487264714829849,0.5740911232412245,4
0.5369145057188647,-0.5341984875411219,0.47083466501801685,4
0.5115359442377339,-0.5026517078086765,0.3740344442728021,4
0.47366204461320516,-0.45557261824120476,0.2882516926068034,2
0.42507742703001633,-0.3951795880680204,0.21752849788641862,2
0.3680714012784528,-0.324318340114949,0.16519734084583093,2
0.30533009435405656,-0.24632786019191277,0.13372406841580686,4
0.23980988000930986,-0.1648830639022127,0.12459170288386334,4
0.17459807426361293,-0.08382163442189822,0.13823056180441906,4
0.11276746090661281,-0.006963190662367967,0.17399798141251377,0
-0.07335707539546515,0.22439861264121091,0.5215440754273762,2
-0.08381963558398003,0.23740408113279315,0.6251343551561106,4
-0.08002401226185829,0.23268593771164875,0.7298858983281107,4
-0.06214905540392379,0.21046650154922142,0.8308628066022903,4
-0.031037033937491132,0.17179275367102104,0.9233070426367069,4
0.011846052014731573,0.11848700315446309,1.0028626290636955,4
0.06447954913917311,0.053061019827252594,1.065780902377418,4
0.12438336422407514,-0.021402320461817816,1.1090971501596216,0
0.1887348262848511,-0.10139430111846351,1.1307703084880387,4
0.2545016909725019,-0.18314569571730382,1.129779136978041,4
0.3185850200902205,-0.26280437415349334,1.106170339684422,4
0.37796520372768777,-0.33661681522018316,1.0610563644038238,4
0.4298442444422473,-0.40110497272941037,0.9965629840748051,4
0.4717775990487011,-0.45323016123530263,0.9157291302427879,4
0.5017893656255058,-0.4905362390555114,0.8223636984423983,4
0.5184653881194541,-0.5112653417992202,0.7208660728352769,4
0.5210198914548639,-0.5144407130316633,0.6160188269920653,4
0.5093325072973536,-0.4999127290898003,0.5127623687688577,4
0.4839539458162226,-0.4683659493573549,0.41596214802364273,4
0.446080046191694,-0.42128685978988306,0.33017939635764404,2
0.3974954286085053,-0.3608938296166989,0.25945620163725946,2
0.3404894028569415,-0.2900325816636272,0.20712504459667166,4
0.27774809593254535,-0.21204210174059102,0.1756517721666475,4
0.2122278815877986,-0.13059730545089096,0.16651940663470421,4
0.14701607584210197,-0.04953587597057683,0.18015826555525985,2
-0.08173266103591192,0.23480987080199586,0.45544071355294125,2
-0.10596040833697479,0.2649261328323811,0.5529885502931493,2
-0.11642296852548967,0.27793160132396333,0.656578830021884,4
-0.11262734520336792,0.2732134579028189,0.7613303731938839,4
-0.09475238834543331,0.2509940217403914,0.8623072814680637,4
-0.06364036687900076,0.21232027386219118,0.9547515175024801,4
-0.020757280926778032,0.15901452334563312,1.0343071039294687,4
0.03187621619766354,0.09358854001842268,1.0972253772431912,4
0.0917800312825656,0.019125199729352248,1.1405416250253948,2
0.15613149334334156,-0.060866780927293446,1.1622147833538117,4
0.2218983580309923,-0.14261817552613368,1.1612236118438144,4
0.285981687148711,-0.22227685396232336,1.137614814550195,4
0.34536187078617814,-0.29608929502901304,1.092500839269597,4
0.39724091150073776,-0.36057745253824036,1.028007458940578,4
0.43917426610719146,-0.41270264104413246,0.9471736051085611,4
0.46918603268399617,-0.45000871886434135,0.8538081733081713,4
0.48586205517794445,-0.4707378216080501,0.75231054770105,4
0.4884165585133543,-0.47391319284049316,0.6474633018578385,4
0.4767291743558439,-0.4593852088986301,0.5442068436346307,4
0.4513506128747129,-0.42783842916618464,0.4474066228894157,4
0.4134767132501844,-0.380759339598713,0.3616238712234173,2
0.36489209566699554,-0.3203663094255287,0.29090067650303253,2
0.30788606991543177,-0.2495050614724569,0.23856951946244476,4
0.24514476299103555,-0.1715145815494207,0.20709624703242063,4
0.1796245486462891,-0.09006978525972098,0.19796388150047728,2
-0.08096973603852933,0.2338615181200403,0.38801135974428846,4
-0.11782105769789955,0.2796694938046353,0.4749202941889039,2
-0.14204880499896239,0.3097857558350206,0.5724681309291122,4
-0.15251136518747727,0.32279122432660284,0.6760584106578466,4
-0.14871574186535552,0.31807308090545844,0.7808099538298466,4
-0.13084078500742102,0.2958536447430311,0.8817868621040262,4
-0.09972876354098842,0.2571798968648308,0.9742310981384429,4
-0.056845677588765714,0.20387414634827278,1.0537866845654313,4
-0.004212180464324158,0.13844816302106228,1.116704957879154,4
0.05569163462057787,0.06398482273199188,1.1600212056613577,4
0.1200430966813538,-0.016007157924653723,1.1816943639897746,0
0.18580996136900468,-0.09775855252349414,1.180703192479777,4
0.2498932904867232,-0.17741723095968365,1.1570943951861579,4
0.3092734741241905,-0.2512296720263735,1.1119804199055596,4
0.36115251483875,-0.3157178295356007,1.047487039576541,4
0.40308586944520386,-0.36784301804149294,0.9666531857445237,4
0.43309763602200857,-0.4051490958617017,0.8732877539441343,4
0.44977365851595685,-0.42587819860541054,0.771790128337013,4
0.4523281618513667,-0.42905356983785364,0.6669428824938013,4
0.4406407776938563,-0.4145255858959906,0.5636864242705935,4
0.4152622162127254,-0.38297880616354524,0.46688620352537885,2
0.37738831658819677,-0.3358997165960735,0.3811034518593801,2
0.32880369900500794,-0.2755066864228891,0.3103802571389953,4
0.27179767325344417,-0.20464543846981736,0.25804910009840754,4
0.20905636632904823,-0.1266549585467815,0.22657582766838352,2
-0.0711042494701753,0.22159824102465955,0.3224332887749087,2
-0.11884270923176204,0.28093945608859067,0.3946081672645114,1
-0.15569403089113226,0.32674743177318577,0.481517101709127,1
-0.17992177819219513,0.35686369380357097,0.5790649384493352,4
-0.19038433838071,0.3698691622951532,0.6826552181780697,3
-0.18658871505858826,0.3651510188740088,0.7874067613500696,2
-0.1687137582006537,0.3429315827115814,0.8883836696242493,2
-0.1376017367342211,0.3042578348333811,0.9808279056586658,4
-0.09471865078199837,0.25095208431682303,1.0603834920856545,3
-0.04208515365755683,0.18552610098961259,1.1233017653993769,3
0.01781866142734516,0.11106276070054225,1.1666180131815804,4
0.08217012348812121,0.031070780043896462,1.1882911715099975,3
0.14793698817577194,-0.05068061455494377,1.1873,2
0.21202031729349063,-0.13033929299113345,1.1636912027063808,2
0.2714005009309578,-0.2041517340578231,1.1185772274257828,2
0.3232795416455174,-0.2686398915670505,1.054083847096764,3
0.3652128962519711,-0.3207650800729426,0.9732499932647467,3
0.39522466282877583,-0.35807115789315136,0.8798845614643572,4
0.4119006853227241,-0.3788002606368602,0.7783869358572357,4
0.41445518865813397,-0.3819756318693033,0.673539690014024,3
0.40276780450062355,-0.3674476479274402,0.5702832317908166,4
0.3773892430194926,-0.3359008681949949,0.47348301104560164,2
0.33951534339496403,-0.288821778627523,0.3877002593796029,2
0.2909307258117751,-0.22842874845433858,0.3169770646592181,3
0.23392470006021157,-0.15756750050126714,0.26464590761863055,2
-0.052601063587883856,0.19859788579132068,0.2617965428714626,4
-0.10897722266340798,0.26867617899320984,0.3158364812546855,2
-0.15671568242499484,0.3280173940571411,0.3880113597442884,2
-0.19356700408436506,0.3738253697417361,0.4749202941889038,2
-0.21779475138542792,0.4039416317721214,0.5724681309291121,4
-0.2282573115739428,0.41694710026370363,0.6760584106578464,4
-0.22446168825182106,0.4122289568425592,0.7808099538298465,4
-0.20658673139388656,0.3900095206801319,0.8817868621040261,4
-0.1754747099274539,0.35133577280193157,0.9742310981384428,4
-0.13259162397523122,0.29803002228537356,1.0537866845654313,4
-0.07995812685078973,0.23260403895816317,1.116704957879154,4
-0.02005431176588765,0.15814069866909267,1.1600212056613575,4
0.0442971502948883,0.07814871801244708,1.1816943639897743,4
0.11006401498253916,-0.003602676586393329,1.180703192479777,0
0.17414734410025773,-0.08326135502258283,1.1570943951861579,4
0.233527527737725,-0.15707379608927266,1.1119804199055596,4
0.2854065684522845,-0.22156195359849987,1.047487039576541,4
0.32733992305873827,-0.273687142104392,0.966653185744524,4
0.35735168963554304,-0.31099321992460094,0.8732877539441343,4
0.3740277121294913,-0.33172232266830975,0.7717901283370128,4
0.37658221546490117,-0.3348976939007529,0.6669428824938014,4
0.36489483130739075,-0.3203697099588898,0.5636864242705937,4
0.3395162698262598,-0.28882293022644445,0.46688620352537863,2
0.30164237020173124,-0.24174384065897256,0.3811034518593799,4
0.2530577526185425,-0.18135081048578844,0.3103802571389953,2
-0.02633204950434359,0.165944230394103,0.20895832875807696,4
-0.0886894602498714,0.24345750879396014,0.24231696223549987,4
-0.14506561932539563,0.31353580199584946,0.29635690061872294,2
-0.19280407908698238,0.3728770170597806,0.3685317791083257,2
-0.2296554007463526,0.41868499274437565,0.45544071355294125,4
-0.25388314804741546,0.44880125477476085,0.5529885502931493,4
-0.26434570823593034,0.4618067232663431,0.6565788300218839,4
-0.2605500849138086,0.4570885798451987,0.7613303731938839,4
-0.24267512805587405,0.4348691436827713,0.8623072814680635,4
-0.2115631065894415,0.39619539580457097,0.9547515175024801,4
-0.16868002063721876,0.342889645288013,1.0343071039294687,4
-0.11604652351277717,0.2774636619608025,1.0972253772431912,4
-0.05614270842787522,0.20300032167173215,1.1405416250253948,4
0.00820875363290087,0.12300834101508637,1.1622147833538117,4
0.0739756183205516,0.04125694641624614,1.1612236118438144,4
0.13805894743827027,-0.038401732019943534,1.137614814550195,4
0.19743913107573743,-0.1122141730866332,1.092500839269597,4
0.24931817179029697,-0.1767023305958604,1.0280074589405783,4
0.2912515263967508,-0.22882751910175267,0.9471736051085611,4
0.3212632929735555,-0.2661335969219616,0.8538081733081713,4
0.3379393154675038,-0.28686269966567024,0.7523105477010502,4
0.34049381880291363,-0.2900380708981134,0.6474633018578385,4
0.3288064346454032,-0.27551008695625034,0.5442068436346307,2
0.3034278731642722,-0.2439633072238048,0.4474066228894157,2
0.2655539735397437,-0.1968842176563332,0.3616238712234173,2
0.006464995425766104,0.12517591682934298,0.16640838592202534,4
-0.05893538244585311,0.20647175058527303,0.1775138538923037,4
-0.12129279319138109,0.28398502898513034,0.21087248736972666,2
-0.1776689522669052,0.3540633221870195,0.2649124257529496,2
-0.22540741202849207,0.4134045372509508,0.3370873042425525,2
-0.2622587336878623,0.45921251293554577,0.4239962386871679,4
-0.28648648098892515,0.4893287749659311,0.521544075427376,4
-0.29694904117744003,0.5023342434575133,0.6251343551561106,4
-0.2931534178553183,0.4976161000363689,0.7298858983281106,4
-0.2752784609973838,0.4753966638739416,0.8308628066022903,4
-0.24416643953095124,0.4367229159957413,0.9233070426367068,4
-0.20128335357872845,0.38341716547918325,1.0028626290636953,4
-0.14864985645428697,0.31799118215197286,1.0657809023774178,4
-0.08874604136938491,0.24352784186290233,1.1090971501596216,4
-0.02439457930860897,0.16353586120625674,1.1307703084880385,4
0.04137228537904192,0.08178446660741634,1.129779136978041,4
0.10545561449676047,0.0021257881712268348,1.106170339684422,0
0.1648357981342276,-0.07168665289546286,1.0610563644038238,4
0.21671483884878728,-0.1361748104046902,0.9965629840748051,4
0.2586481934552411,-0.18829999891058247,0.9157291302427878,4
0.2886599600320457,-0.22560607673079125,0.8223636984423985,4
0.3053359825259941,-0.24633517947450007,0.720866072835277,4
0.30789048586140394,-0.24951055070694317,0.6160188269920652,4
0.2962031017038935,-0.23498256676508011,0.5127623687688575,2
0.27082454022276264,-0.20343578703263476,0.41596214802364284,2
0.044244672683616135,0.07821395022211813,0.1361516699553501,4
-0.021117002995744982,0.15946167528066452,0.12448068217118458,4
-0.08651738086736435,0.24075750903659474,0.13558615014146302,4
-0.1488747916128922,0.3182707874364519,0.16894478361888587,2
-0.20525095068841642,0.38834908063834117,0.22298472200210898,2
-0.25298941045000317,0.4476902957022723,0.29515960049171175,2
-0.2898407321093734,0.4934982713868674,0.3820685349363273,4
-0.31406847941043625,0.5236145334172526,0.47961637167653537,4
-0.32453103959895113,0.5366200019088349,0.58320665140527,4
-0.3207354162768294,0.5319018584876904,0.6879581945772699,4
-0.3028604594188949,0.5096824223252632,0.7889351028514495,4
-0.27174843795246223,0.47100867444706274,0.8813793388858662,4
-0.22886535200023955,0.4177029239305048,0.9609349253128546,4
-0.17623185487579796,0.35227694060329423,1.0238531986265773,4
-0.11632803979089598,0.27781360031422386,1.0671694464087809,4
-0.05197657773011993,0.1978216196575781,1.0888426047371977,4
0.013790286957530831,0.11607022505873787,1.0878514332272005,4
0.07787361607524937,0.03641154662254837,1.064242635933581,4
0.13725379971271665,-0.03740089444414146,1.019128660652983,4
0.1891328404272763,-0.10188905195336884,0.9546352803239643,4
0.23106619503372994,-0.15401424045926077,0.8738014264919473,4
0.2610779616105347,-0.19132031827946971,0.7804359946915576,4
0.277753984104483,-0.21204942102317853,0.678938369084436,4
0.28030848743989284,-0.21522479225562163,0.5740911232412244,2
0.2686211032823824,-0.20069680831375858,0.47083466501801696,2
0.08522680184744821,0.027271180961564064,0.11961387893966718,4
0.02298367402931649,0.10464240015367515,0.0857163729723649,4
-0.042378001650044766,0.1858901252122217,0.07404538518819931,4
-0.107778379521664,0.2671859589681518,0.08515085315847776,4
-0.17013579026719194,0.34469923736800906,0.11850948663590077,2
-0.22651194934271607,0.4147775305698982,0.17254942501912374,2
-0.2742504091043028,0.47411874563382933,0.24472430350872648,4
-0.31110173076367303,0.5199267213184244,0.3316332379533421,4
-0.33532947806473595,0.5500429833488096,0.42918107469355027,4
-0.3457920382532508,0.5630484518403919,0.5327713544222847,4
-0.34199641493112903,0.5583303084192475,0.6375228975942847,4
-0.3241214580731944,0.53611087225682,0.7384998058684644,4
-0.2930094366067619,0.49743712437861975,0.8309440419028808,4
-0.2501263506545391,0.44413137386206164,0.9104996283298696,4
-0.1974928535300976,0.37870539053485125,0.973417901643592,4
-0.1375890384451955,0.30424205024578077,1.0167341494257958,4
-0.07323757638441958,0.22425006958913513,1.0384073077542126,4
-0.007470711696768828,0.1424986749902949,1.0374161362442151,4
0.05661261742094986,0.06283999655410522,1.013807338950596,4
0.11599280105841712,-0.010972444512584549,0.9686933636699976,0
0.16787184177297654,-0.07546060202181165,0.9041999833409791,4
0.20980519637943035,-0.1275857905277039,0.8233661295089618,4
0.23981696295623506,-0.1648918683479128,0.7300006977085721,4
0.2564929854501834,-0.18562097109162157,0.6285030721014506,2
0.2590474887855932,-0.18879634232406461,0.5236558262582393,1
0.12748030278967157,-0.025251964928326452,0.11757427447597735,0
0.07128862235900388,0.044597012392954084,0.06304750262755199,4
0.009045494540872043,0.12196823158506531,0.029149996660249533,4
-0.056316181138489074,0.2032159566436117,0.017479008876084,4
-0.12171655901010844,0.2845117903995419,0.02858447684636245,2
-0.18407396975563628,0.36202506879939905,0.0619431103237853,2
-0.2404501288311604,0.43210336200128824,0.11598304870700826,2
-0.28818858859274726,0.4914445770652195,0.18815792719661115,4
-0.3250399102521175,0.5372525527498146,0.27506686164122673,4
-0.34926765755318034,0.5673688147801998,0.3726146983814348,4
-0.3597302177416952,0.580374283271782,0.47620497811016926,4
-0.3559345944195735,0.5756561398506377,0.5809565212821693,4
-0.338059637561639,0.5534367036882103,0.681933429556349,4
-0.3069476160952063,0.51476295581001,0.7743776655907656,4
-0.26406453014298364,0.46145720529345197,0.853933252017754,4
-0.21143103301854205,0.3960312219662414,0.9168515253314767,4
-0.15152721793364005,0.32156788167717104,0.9601677731136803,4
-0.08717575587286414,0.24157590102052545,0.9818409314420972,4
-0.021408891185213275,0.15982450642168505,0.9808497599320998,4
0.042674437932505416,0.08016582798549537,0.9572409626384806,4
0.10205462156997241,0.00635338691880586,0.9121269873578824,0
0.1539336622845321,-0.058134770590421485,0.8476336070288638,4
0.1958670168909859,-0.11025995909631375,0.7667997531968465,4
0.2258787834677906,-0.14756603691652265,0.6734343213964568,4
0.2425548059617389,-0.16829513966023135,0.5719366957893357,1
0.16901418827620454,-0.07688059399189462,0.13012896283616904,4
0.1215217102332795,-0.01784514610482265,0.05754222952507165,0
0.06533002980261174,0.052003831216458,0.003015457676646127,4
0.003086901984480056,0.12937505040856903,-0.030882048290656217,4
-0.062274773694881214,0.2106227754671156,-0.04255303607482186,4
-0.12767515156650044,0.2919186092230457,-0.031447568104543466,2
-0.1900325623120283,0.3694318876229028,0.0019110653728793836,2
-0.24640872138755254,0.43951018082479215,0.0559510037561024,2
-0.2941471811491394,0.4988513958887234,0.1281258822457053,4
-0.3309985028085096,0.5446593715733183,0.2150348166903207,4
-0.35522625010957243,0.5747756336037037,0.3125826534305287,4
-0.36568881029808736,0.5877811020952859,0.4161729331592634,4
-0.3618931869759656,0.5830629586741416,0.5209244763312633,4
-0.3440182301180311,0.5608435225117142,0.6219013846054431,4
-0.3129062086515985,0.5221697746335139,0.7143456206398596,4
-0.2700231226993758,0.4688640241169559,0.7939012070668483,4
-0.2173896255749343,0.40343804078974543,0.8568194803805708,4
-0.15748581049003235,0.3289747005006751,0.9001357281627744,4
-0.09313434842925628,0.24898271984402937,0.9218088864911913,4
-0.027367483741605414,0.16723132524518897,0.9208177149811939,4
0.03671584537611301,0.0875726468089996,0.8972089176875748,4
0.09609602901358028,0.013760205742309774,0.8520949424069766,0
0.14797506972813995,-0.05072795176691757,0.787601562077958,4
0.18990842433459376,-0.10285314027280984,0.7067677082459407,4
0.21992019091139836,-0.14015921809301862,0.6134022764455513,1
0.20787137939189254,-0.12518196245438792,0.15668636643032358,4
0.17131595185319295,-0.07974179747710428,0.06945996242923363,4
0.12382347381026775,-0.020706349590032057,-0.0031267708818639717,0
0.06763179337960004,0.04914262773124848,-0.05765354273028939,4
0.00538866556146822,0.1265138469233597,-0.09155104869759179,4
-0.05997301011789294,0.2077615719819061,-0.10322203648175732,4
-0.12537338798951217,0.28905740573783617,-0.09211656851147887,2
-0.18773079873504012,0.36657068413769345,-0.0587579350340558,2
-0.24410695781056435,0.43664897733958274,-0.004717996650832779,4
-0.2918454175721511,0.49599019240351383,0.06745688183876997,4
-0.3286967392315212,0.5417981680881089,0.15436581628338547,4
-0.3529244865325841,0.5719144301184941,0.2519136530235938,4
-0.36338704672109895,0.5849198986100763,0.35550393275232817,4
-0.3595914233989772,0.5802017551889318,0.4602554759243283,4
-0.3417164665410426,0.5579823190265044,0.5612323841985078,4
-0.31060444507460994,0.5193085711483041,0.6536766202329245,4
-0.2677213591223873,0.46600282063174603,0.7332322066599131,4
-0.21508786199794577,0.40057683730453564,0.7961504799736354,4
-0.15518404691304366,0.32611349701546516,0.8394667277558391,4
-0.09083258485226761,0.2461215163588194,0.8611398860842561,4
-0.025065720164617,0.1643701217599793,0.8601487145742586,4
0.03901760895310169,0.08471144332378963,0.8365399172806394,4
0.09839779259056894,0.010899002257099867,0.791425942000041,0
0.15027683330512853,-0.053589155252127506,0.7269325616710223,4
0.19221018791158218,-0.1057143437580195,0.6460987078390052,1
0.24222092320411637,-0.16788010723930352,0.1959950989745305,4
0.21832503987887253,-0.13817636818639595,0.0982391371254216,4
0.18176961234017294,-0.0927362032091123,0.011012733124331653,4
0.13427713429724783,-0.03370075532204022,-0.06157400018676584,4
0.07808545386658003,0.036148221999240455,-0.11610077203519142,4
0.015842326048448305,0.11351944119135154,-0.14999827800249366,4
-0.04951934963091281,0.19476716624989793,-0.1616692657866593,2
-0.11491972750253218,0.2760630000058282,-0.15056379781638085,2
-0.17727713824806013,0.35357627840568545,-0.11720516433895778,2
-0.23365329732358425,0.4236545716075746,-0.06316522595573482,4
-0.281391757085171,0.4829957866715057,0.009009652533867929,4
-0.3182430787445412,0.5288037623561008,0.09591858697848349,4
-0.3424708260456041,0.558920024386486,0.1934664237186916,4
-0.35293338623411896,0.5719254928780683,0.29705670344742624,4
-0.3491377629119972,0.5672073494569239,0.4018082466194261,4
-0.3312628060540626,0.5449879132944964,0.5027851548936059,4
-0.30015078458763006,0.5063141654162961,0.5952293909280224,4
-0.2572676986354074,0.4530084148997382,0.6747849773550109,4
-0.20463420151096579,0.38758243157252764,0.7377032506687335,4
-0.14473038642606367,0.31311909128345716,0.7810194984509371,4
-0.08037892436528787,0.23312711062681168,0.802692656779354,4
-0.014612059677637013,0.15137571602797129,0.8017014852693565,4
0.04947126944008168,0.07171703759178161,0.7780926879757373,4
0.10885145307754893,-0.002095403474908157,0.732978712695139,0
0.16073049379210835,-0.06658356098413526,0.6684853323661206,2
0.270444267363328,-0.20296308947080757,0.2462029308798035,4
0.260333903557414,-0.1903954181220119,0.14252367735605387,4
0.2364380202321701,-0.16069167906910428,0.04476771550694458,4
0.19988259269347053,-0.11525151409182063,-0.04245868849414541,4
0.1523901146505454,-0.056216066204748553,-0.11504542180524291,4
0.0961984342198777,0.013632911116531983,-0.16957219365366827,0
0.033955306401746016,0.09100413030864302,-0.2034696996209706,4
-0.031406369277615254,0.17225185536718957,-0.21514068740513625,2
-0.09680674714923462,0.2535476891231198,-0.2040352194348578,2
-0.15916415789476246,0.331060967522977,-0.17067658595743496,2
-0.21554031697028658,0.40113926072486616,-0.116636647574212,4
-0.26327877673187344,0.46048047578879736,-0.04446176908460914,4
-0.30013009839124366,0.5062884514733924,0.042447165360006256,4
-0.3243578456923065,0.5364047135037777,0.13999500210021454,4
-0.3348204058808214,0.54941018199536,0.24358528182894895,4
-0.33102478255869966,0.5446920385742156,0.3483368250009491,4
-0.31314982570076516,0.5224726024117882,0.44931373327512864,4
-0.2820378042343326,0.48379885453358795,0.5417579693095451,4
-0.23915471828210982,0.4304931040170299,0.6213135557365338,4
-0.18652122115766823,0.3650671206898193,0.6842318290502565,4
-0.12661740607276636,0.2906037804007491,0.7275480768324599,4
-0.062265944011990315,0.21061179974410335,0.7492212351608769,4
0.00350092067566056,0.12886040514526295,0.7482300636508794,4
0.06758424979337924,0.04920172670907328,0.7246212663572602,4
0.12696443343084624,-0.02461071435761624,0.6795072910766622,0
0.29121152637670367,-0.22877779714163854,0.3049440664098083,4
0.2953630829757411,-0.23393838284599328,0.20022689320667836,4
0.2852527191698271,-0.22137071149719761,0.09654763968292873,4
0.26135683584458325,-0.19166697244429015,-0.0012083221661802201,4
0.22480140830588358,-0.14622680746700634,-0.08843472616727055,4
0.17730893026295852,-0.08719135957993437,-0.16102145947836788,4
0.12111724983229093,-0.017342382258653914,-0.21554823132679335,0
0.058874122014159085,0.06002883693345732,-0.2494457372940958,4
-0.006487553665202178,0.1412765619920039,-0.26111672507826145,2
-0.07188793153682141,0.22257239574793394,-0.2500112571079831,2
-0.13424534228234924,0.3000856741477911,-0.21665262363056015,2
-0.19062150135787354,0.37016396734968043,-0.16261268524733719,4
-0.23835996111946028,0.4295051824136115,-0.0904378067577345,4
-0.2752112827788306,0.4753131580982067,-0.003528872313118825,4
-0.2994390300798934,0.5054294201285919,0.09401896442708918,4
-0.3099015902684083,0.5184348886201742,0.19760924415582382,4
-0.3061059669462866,0.5137167451990299,0.3023607873278237,4
-0.2882310100883521,0.49149730903660255,0.4033376956020033,4
-0.2571189886219195,0.4528235611584022,0.49578193163642004,4
-0.21423590266969678,0.39951781064184416,0.5753375180634086,4
-0.16160240554525535,0.3340918273146339,0.6382557913771311,4
-0.10169859046035329,0.2596284870255634,0.6815720391593347,4
-0.03734712839957727,0.17963650636891765,0.7032451974877517,4
0.028419736288073635,0.09788511177007725,0.7022540259777543,4
0.09250306540579203,0.018226433333887883,0.6786452286841352,1
0.3035441458840015,-0.24410783983968698,0.3694506201030392,4
0.32176200131803917,-0.26675351552159765,0.26862980604683573,4
0.32591355791707655,-0.27191410122595233,0.16391263284370622,4
0.3158031941111625,-0.2593464298771566,0.06023337931995615,4
0.29190731078591864,-0.22964269082424904,-0.03752258252915275,4
0.2553518832472191,-0.1842025258469654,-0.12474898653024269,4
0.20785940520429397,-0.12516707795989332,-0.19733571984134013,4
0.15166772477362617,-0.05531810063861264,-0.2518624916897657,4
0.08942459695549432,0.022053118553498598,-0.28575999765706805,1
0.024062921276133173,0.103300843612045,-0.2974309854412336,2
-0.041337456595486044,0.18459667736797505,-0.28632551747095514,2
-0.10369486734101402,0.26210995576783236,-0.2529668839935322,2
-0.16007102641653814,0.33218824896972154,-0.1989269456103091,4
-0.207809486178125,0.3915294640336527,-0.1267520671207063,4
-0.2446608078374951,0.43733743971824773,-0.03984313267609085,4
-0.268888555138558,0.46745370174863293,0.057704704064117485,4
-0.27935111532707285,0.48045917024021517,0.1612949837928519,4
-0.2755554920049511,0.47574102681907077,0.26604652696485176,4
-0.2576805351470165,0.4535215906566433,0.3670234352390315,4
-0.22656851368058384,0.41484784277844294,0.45946767127344823,4
-0.18368542772836127,0.3615420922618851,0.5390232577004366,4
-0.13105193060391968,0.29611610893467455,0.6019415310141591,4
-0.07114811551901754,0.22165276864560404,0.6452577787963627,4
-0.006796653458241486,0.14166078798895826,0.6669309371247797,4
0.05897021122940912,0.0599093933901182,0.6659397656147822,2
0.2697188556299791,-0.13137339247397123,0.6659397656147822,4
0.3498535647575017,-0.19486045032088548,0.6423309683211631,4
0.4241071001034306,-0.25368812368702987,0.5972169930405649,4
0.48898063109367157,-0.30508444944341123,0.5327236127115462,4
0.5414173134632261,-0.34662762995959034,0.4518897588795289,4
0.5789463279221579,-0.3763601483381162,0.3585243270791394,4
0.5997993052932584,-0.3928810067158845,0.257026701472018,4
0.6029936521626653,-0.3954117413587022,0.15217945562880641,4
0.5883788507343051,-0.38383310391425923,0.04892299740559869,4
0.5566435512365286,-0.3586906804008944,-0.04787722333961619,4
0.5092831226863611,-0.32116918316510484,-0.13365997500561477,4
0.4485291910210931,-0.273036627172141,-0.20438316972599957,4
0.377244484764243,-0.21656102104587402,-0.25671432676658723,2
0.2987879431037541,-0.15440349838061032,-0.2881875991966114,2
0.21685644249703098,-0.08949292498318323,-0.2973199647285548,2
0.13531059965368458,-0.02488789055880771,-0.2836811058079991,0
0.05799285906880028,0.03636741220012322,-0.24791368619990428,4
-0.011453563168071945,0.09138663013722649,-0.1917030686374822,4
-0.06975634791075525,0.1375772547479002,-0.11769790043967676,4
-0.11416826481038878,0.17276278131931935,-0.029385309107221147,4
-0.14259662195703682,0.19528526594941711,0.06907341131251044,4
-0.1537018736348953,0.20408344795260844,0.17303888062454437,4
-0.14696073978837487,0.19874275652030074,0.2776122403303007,4
-0.12269086300642967,0.1795148453196642,0.3778659881031942,4
-0.08203584118670276,0.14730573455931725,0.46907616196294777,2
0.22568158122966775,-0.09648467798667076,0.7032451974877518,4
0.30792151234018883,-0.16163960673834535,0.7022540259777544,4
0.38805622146771157,-0.22512666458525973,0.6786452286841352,4
0.46230975681364034,-0.283954337951404,0.6335312534035371,4
0.5271832878038815,-0.33535066370778543,0.5690378730745184,4
0.5796199701734359,-0.3768938442239645,0.4882040192425011,4
0.6171489846323677,-0.4066263626024904,0.3948385874421116,4
0.6380019620034683,-0.4231472209802586,0.29334096183499014,4
0.641196308872875,-0.42567795562307637,0.1884937159917785,4
0.6265815074445147,-0.4140993181786334,0.08523725776857083,4
0.5948462079467385,-0.38895689466526856,-0.011562962976643942,4
0.5474857793965707,-0.3514353974294789,-0.09734571464264274,4
0.48673184773130285,-0.3033028414365151,-0.16806890936302732,4
0.4154471414744526,-0.24682723531024806,-0.2204000664036151,2
0.33699059981396384,-0.18466971264498447,-0.25187333883363927,2
0.25505909920724057,-0.11975913924755721,-0.26100570436558257,2
0.1735132563638943,-0.05515410482318183,-0.24736684544502685,4
0.09619551577901,0.006101197935749101,-0.21159942583693214,0
0.02674909354213767,0.06112041587285245,-0.15538880827450985,4
-0.031553691200545575,0.10731104048352617,-0.0813836400767044,4
-0.07596560810017905,0.1424965670549452,0.0069289512557511035,4
-0.10439396524682709,0.16501905168504297,0.10538767167548269,4
-0.11549921692468557,0.1738172336882343,0.20935314098751703,4
-0.10875808307816515,0.1684765422559266,0.3139265006932729,4
-0.08448820629622,0.14924863105529015,0.414180248466166,2
0.17637197611437566,-0.057418937479878786,0.72754807683246,4
0.2568419792363774,-0.12117163339368053,0.7492212351608769,4
0.3390819103468987,-0.18632656214535523,0.7482300636508795,4
0.41921661947442124,-0.2498136199922695,0.7246212663572604,4
0.49347015482035017,-0.3086412933584139,0.6795072910766622,4
0.5583436858105911,-0.36003761911479526,0.6150139107476436,4
0.6107803681801456,-0.4015807996309743,0.5341800569156264,4
0.6483093826390776,-0.43131331800950024,0.4408146251152368,4
0.669162360010178,-0.4478341763872685,0.33931699950811534,4
0.6723567068795848,-0.45036491103008625,0.23446975366490375,4
0.6577419054512246,-0.4387862735856433,0.13121329544169613,4
0.6260066059534483,-0.41364385007227844,0.03441307469648114,4
0.5786461774032807,-0.3761223528364888,-0.05136967696951744,4
0.5178922457380126,-0.32798979684352497,-0.12209287168990224,4
0.4466075394811626,-0.2715141907172581,-0.1744240287304899,2
0.36815099782067373,-0.20935666805199435,-0.20589730116051408,2
0.28621949721395057,-0.14444609465456723,-0.2150296666924575,2
0.2046736543706043,-0.07984106023019186,-0.20139080777190177,4
0.12735591378571984,-0.018585757471260796,-0.16562338816380695,0
0.0579094915488475,0.03643346046584255,-0.10941277060138477,4
-0.0003932931938355755,0.08262408507651611,-0.03540760240357954,4
-0.04480521009346922,0.11780961164793533,0.052904988928876184,4
-0.07323356724011726,0.14033209627803309,0.15136370934860782,4
-0.08433881891797573,0.1491302782812244,0.2553291786606422,4
-0.07759768507145531,0.1437895868489167,0.359902538366398,2
0.1241135115258444,-0.016016950744726123,0.7377032506687335,0
0.19902183578970117,-0.07536338336466461,0.7810194984509371,4
0.2794918389117031,-0.1391160792784665,0.802692656779354,4
0.36173177002222423,-0.20427100803014106,0.8017014852693565,4
0.44186647914974686,-0.2677580658770555,0.7780926879757373,4
0.5161200144956757,-0.3265857392431997,0.7329787126951393,4
0.5809935454859168,-0.37798206499958115,0.6684853323661205,4
0.6334302278554712,-0.4195252455157602,0.5876514785341033,4
0.6709592423144031,-0.4492577638942861,0.4942860467337137,4
0.6918122196855035,-0.4657786222720543,0.39278842112659224,4
0.6950065665549103,-0.4683093569148721,0.2879411752833807,4
0.6803917651265501,-0.4567307194704291,0.18468471706017292,4
0.6486564656287738,-0.43158829595706427,0.08788449631495815,4
0.601296037078606,-0.39406679872127465,0.0021017446489594027,4
0.5405421054133381,-0.3459342427283108,-0.06862145007142523,4
0.46925739915648795,-0.2894586366020438,-0.12095260711201306,2
0.39080085749599924,-0.22730111393678018,-0.15242587954203712,2
0.3088693568892761,-0.16239054053935306,-0.16155824507398053,2
0.22732351404592965,-0.09778550611497755,-0.14791938615342481,4
0.1500057734610452,-0.03653020335604649,-0.11215196654532988,4
0.08055935122417313,0.01848901458105664,-0.05594134898290787,2
0.022256566481489826,0.06467963919173036,0.018063819214897636,4
-0.022155350418143704,0.0998651657631495,0.1063764105473532,4
-0.05058370756479186,0.12238765039324737,0.20483513096708522,4
-0.06168895924265022,0.13118583239643858,0.3088006002791187,2
0.07136860912259449,0.025770418379883024,0.7332322066599128,2
0.13718557026522704,-0.02637334385329502,0.7961504799736354,0
0.21209389452908398,-0.08571977647323362,0.839466727755839,4
0.2925638976510857,-0.14947247238703537,0.8611398860842558,4
0.374803828761607,-0.21462740113871007,0.8601487145742586,4
0.4549385378891295,-0.27811445898562437,0.8365399172806394,4
0.5291920732350583,-0.3369421323517687,0.7914259420000411,4
0.5940656042252994,-0.3883384581081501,0.7269325616710225,4
0.646502286594854,-0.42988163862432915,0.6460987078390054,4
0.6840313010537858,-0.4596141570028551,0.5527332760386157,4
0.7048842784248863,-0.4761350153806233,0.45123565043149444,4
0.7080786252942932,-0.4786657500234411,0.3463884045882827,4
0.6934638238659329,-0.46708711257899815,0.2431319463650751,4
0.6617285243681565,-0.4419446890656333,0.14633172561986013,4
0.614368095817989,-0.4044231918298437,0.06054897395386155,4
0.553614164152721,-0.35629063583687987,-0.010174220766523245,2
0.4823294578958709,-0.2998150297106129,-0.06250537780711096,2
0.4038729162353822,-0.23765750704534935,-0.09397865023713503,2
0.32194141562865886,-0.17274693364792207,-0.10311101576907855,4
0.24039557278531243,-0.10814189922354656,-0.08947215684852283,4
0.1630778322004283,-0.04688659646461572,-0.05370473724042807,4
0.09363140996355593,0.008132621472487634,0.002505880321994114,0
0.03532862522087263,0.05432324608316135,0.07651104851979962,4
-0.009083291678760902,0.08950877265458049,0.16482363985225518,4
-0.037511648825408944,0.11203125728467825,0.26328236027198676,2
0.020622611539106467,0.06597414681615152,0.7143456206398598,4
0.07424691081605775,0.02349007184710935,0.7939012070668483,2
0.14006387195869047,-0.028653690386068804,0.856819480380571,4
0.21497219622254723,-0.08800012300600729,0.9001357281627745,4
0.2954421993445492,-0.15175281891980916,0.9218088864911915,4
0.37768213045507026,-0.21690774767148374,0.920817714981194,4
0.4578168395825929,-0.28039480551839807,0.8972089176875748,4
0.5320703749285217,-0.33922247888454243,0.8520949424069767,4
0.5969439059187628,-0.39061880464092386,0.787601562077958,4
0.6493805882883172,-0.43216198515710286,0.7067677082459407,4
0.6869096027472491,-0.4618945035356287,0.6134022764455512,4
0.7077625801183496,-0.478415361913397,0.5119046508384297,4
0.7109569269877565,-0.48094609655621473,0.40705740499521825,4
0.6963421255593961,-0.46936745911177175,0.3038009467720104,4
0.6646068260616198,-0.4442250355984069,0.20700072602679565,4
0.6172463975114522,-0.4067035383626173,0.1212179743607969,4
0.5564924658461843,-0.3585709823696535,0.05049477964041227,2
0.48520775958933415,-0.3020953762433866,-0.0018363774001754485,2
0.4067512179288453,-0.23993785357812286,-0.03330964983019963,2
0.32481971732212195,-0.17502728018069563,-0.042442015362142926,4
0.24327387447877585,-0.11042224575632037,-0.028803156441587263,4
0.1659561338938914,-0.04916694299738931,0.0069642631665075005,4
0.09650971165701908,0.005852274939714042,0.06317488072892974,0
0.03820692691433583,0.05204289955038776,0.13718004892673524,4
-0.006204989985297643,0.08722842612180681,0.2254926402591907,2
-0.025733327092620467,0.10269983272058397,0.6819334295563491,4
0.013171530456243558,0.07187729691028835,0.7743776655907656,4
0.06679582973319512,0.02939322194124607,0.8539332520177543,2
0.13261279087582759,-0.02275054029193197,0.9168515253314767,0
0.20752111513968452,-0.0820969729118706,0.9601677731136803,4
0.2879911182616863,-0.14584966882567232,0.9818409314420973,4
0.37023104937220747,-0.21100459757734696,0.9808497599320998,4
0.4503657584997301,-0.2744916554242613,0.9572409626384807,4
0.524619293845659,-0.33331932879040566,0.9121269873578824,4
0.5894928248359,-0.3847156545467871,0.8476336070288638,4
0.6419295072054544,-0.4262588350629661,0.7667997531968467,4
0.6794585216643863,-0.45599135344149205,0.673434321396457,4
0.7003114990354868,-0.47251221181926023,0.5719366957893356,4
0.7035058459048936,-0.47504294646207795,0.4670894499461239,4
0.6888910444765334,-0.46346430901763497,0.3638329917229163,4
0.657155744978757,-0.43832188550427015,0.2670327709777013,4
0.6097953164285894,-0.4008003882684806,0.18125001931170284,4
0.5490413847633214,-0.35266783227551673,0.11052682459131802,2
0.4777566785064712,-0.2961922261492497,0.058195667550730246,2
0.3993001368459823,-0.23403470348398597,0.026722395120706177,2
0.3173686362392593,-0.169124130086559,0.017590029588762768,4
0.2358227933959129,-0.10451909566218345,0.031228888509318486,4
0.15850505281102847,-0.04326379290325239,0.06699630811741342,4
0.08905863057415611,0.011755425033850958,0.12320692567983571,2
0.03075584583147309,0.057946049644524454,0.1972120938776409,2
-0.06551491245420907,0.1342169598006111,0.6375228975942847,2
-0.04316269561094352,0.1165083226921027,0.7384998058684642,4
-0.004257838062079383,0.08568578688180697,0.8309440419028808,4
0.0493664612148719,0.043201711912764805,0.9104996283298694,4
0.11518342235750462,-0.008942050320413347,0.973417901643592,0
0.19009174662136138,-0.06828848294035184,1.0167341494257955,4
0.2705617497433632,-0.13204117885415365,1.0384073077542126,4
0.3528016808538844,-0.19719610760582829,1.0374161362442151,4
0.43293638998140704,-0.26068316545274267,1.013807338950596,4
0.5071899253273359,-0.3195108388188869,0.9686933636699977,4
0.5720634563175768,-0.37090716457526834,0.9041999833409791,4
0.6245001386871314,-0.41245034509144746,0.8233661295089618,4
0.6620291531460633,-0.4421828634699733,0.7300006977085723,4
0.6828821305171637,-0.4587037218477415,0.6285030721014508,4
0.6860764773865706,-0.46123445649055933,0.5236558262582393,4
0.6714616759582103,-0.44965581904611635,0.4203993680350315,4
0.639726376460434,-0.4245133955327515,0.3235991472898167,4
0.5923659479102664,-0.3869918982969619,0.23781639562381812,4
0.5316120162449984,-0.33885934230399806,0.16709320090343333,2
0.4603273099881482,-0.28238373617773105,0.11476204386284555,2
0.3818707683276596,-0.22022621351246754,0.08328877143282154,4
0.29993926772093626,-0.15531564011504032,0.07415640590087808,4
0.21839342487758984,-0.09071060569066478,0.0877952648214338,4
0.14107568429270542,-0.029455302931733714,0.12356268442952872,4
0.07162926205583334,0.025563915005369413,0.17977330199195068,1
-0.09684763410651856,0.15904043933525178,0.58320665140527,2
-0.09210129562717503,0.15528013286031847,0.6879581945772699,4
-0.06974907878390949,0.13757149575181002,0.7889351028514496,4
-0.03084422123504546,0.1067489599415144,0.8813793388858662,4
0.0227800780419061,0.06426488497247212,0.9609349253128548,4
0.08859703918453857,0.012121122739294077,1.0238531986265773,2
0.16350536344839542,-0.047225309880644474,1.0671694464087809,4
0.24397536657039726,-0.11097800579444628,1.0888426047371977,4
0.32621529768091845,-0.17613293454612092,1.0878514332272005,4
0.4063500068084411,-0.23961999239303525,1.0642426359335813,4
0.48060354215436984,-0.2984476657591795,1.019128660652983,4
0.545477073144611,-0.349843991515561,0.9546352803239644,4
0.5979137555141654,-0.39138717203174,0.8738014264919473,4
0.6354427699730972,-0.421119690410266,0.7804359946915576,4
0.6562957473441978,-0.4376405487880342,0.6789383690844362,4
0.6594900942136046,-0.44017128343085193,0.5740911232412245,4
0.6448752927852444,-0.42859264598640895,0.47083466501801685,4
0.613139993287468,-0.40345022247304413,0.3740344442728021,4
0.5657795647373004,-0.36592872523725456,0.2882516926068034,2
0.5050256330720324,-0.3177961692442907,0.21752849788641862,2
0.4337409268151825,-0.26132056311802393,0.16519734084583093,2
0.3552843851546936,-0.1991630404527602,0.13372406841580686,4
0.2733528845479703,-0.13425246705533292,0.12459170288386334,4
0.19180704170462387,-0.0696474326309574,0.13823056180441906,4
0.11448930111973973,-0.008392129872026565,0.17399798141251377,0
-0.1182550925222274,0.17600058763541862,0.5215440754273762,2
-0.13133828013090637,0.18636579763714758,0.6251343551561106,4
-0.12659194165156287,0.18260549116221428,0.7298858983281107,4
-0.10423972480829732,0.16489685405370588,0.8308628066022903,4
-0.06533486725943319,0.13407431824341018,0.9233070426367069,4
-0.011710567982481906,0.091590243274368,1.0028626290636955,4
0.05410639316015073,0.0394464810411899,1.065780902377418,4
0.12901471742400758,-0.019899951578748652,1.1090971501596216,0
0.20948472054600942,-0.08365264749255046,1.1307703084880387,4
0.2917246516565306,-0.1488075762442251,1.129779136978041,4
0.37185936078405313,-0.21229463409113936,1.106170339684422,4
0.44611289612998206,-0.2711223074572838,1.0610563644038238,4
0.510986427120223,-0.32251863321366514,0.9965629840748051,4
0.5634231094897776,-0.36406181372984425,0.9157291302427879,4
0.6009521239487094,-0.3937943321083701,0.8223636984423983,4
0.6218051013198099,-0.41031519048613835,0.7208660728352769,4
0.6249994481892168,-0.4128459251289561,0.6160188269920653,4
0.6103846467608565,-0.4012672876845132,0.5127623687688577,4
0.5786493472630801,-0.3761248641711483,0.41596214802364273,4
0.5312889187129125,-0.33860336693535864,0.33017939635764404,2
0.4705349870476447,-0.290470810942395,0.25945620163725946,2
0.3992502807907945,-0.23399520481612793,0.20712504459667166,4
0.3207937391303056,-0.17183768215086423,0.1756517721666475,4
0.2388622385235823,-0.10692710875343697,0.16651940663470421,4
0.1573163956802362,-0.04232207432906173,0.18015826555525985,2
-0.1287285671108671,0.18429824160217864,0.45544071355294125,2
-0.15902480030467264,0.20830055882851192,0.5529885502931493,2
-0.17210798791335163,0.21866576883024083,0.656578830021884,4
-0.1673616494340081,0.21490546235530758,0.7613303731938839,4
-0.1450094325907425,0.19719682524679907,0.8623072814680637,4
-0.10610457504187842,0.16637428943650348,0.9547515175024801,4
-0.052480275764926976,0.12389021446746126,1.0343071039294687,4
0.01333668537770559,0.07174645223428315,1.0972253772431912,4
0.08824500964156244,0.012400019614344568,1.1405416250253948,2
0.1687150127635643,-0.05135267629945723,1.1622147833538117,4
0.2509549438740854,-0.11650760505113181,1.1612236118438144,4
0.3310896530016081,-0.1799946628980462,1.137614814550195,4
0.40534318834753685,-0.23882233626419044,1.092500839269597,4
0.470216719337778,-0.2902186620205719,1.028007458940578,4
0.5226534017073323,-0.33176184253675095,0.9471736051085611,4
0.5601824161662642,-0.3614943609152768,0.8538081733081713,4
0.5810353935373647,-0.37801521929304505,0.75231054770105,4
0.5842297404067716,-0.3805459539358628,0.6474633018578385,4
0.5696149389784113,-0.36896731649141984,0.5442068436346307,4
0.5378796394806348,-0.3438248929780549,0.4474066228894157,4
0.49051921093046735,-0.3063033957422654,0.3616238712234173,2
0.42976527926519936,-0.25817083974930155,0.29090067650303253,2
0.3584805730083491,-0.20169523362303451,0.23856951946244476,4
0.28002403134786025,-0.13953771095777082,0.20709624703242063,4
0.19809253074113725,-0.07462713756034381,0.19796388150047728,2
-0.1277745471872288,0.18354241533490234,0.38801135974428846,4
-0.17385626583068015,0.22005084930882965,0.4749202941889039,2
-0.2041524990244858,0.24405316653516293,0.5724681309291122,4
-0.21723568663316478,0.25441837653689187,0.6760584106578466,4
-0.21248934815382126,0.25065807006195856,0.7808099538298466,4
-0.1901371313105557,0.2329494329534502,0.8817868621040262,4
-0.15123227376169168,0.20212689714315452,0.9742310981384429,4
-0.09760797448474029,0.1596428221741123,1.0537866845654313,4
-0.031791013342107655,0.1074990599409342,1.116704957879154,4
0.04311731092174918,0.04815262732099564,1.1600212056613577,4
0.12358731404375095,-0.01560006859280611,1.1816943639897746,0
0.2058272451542722,-0.0807549973444808,1.180703192479777,4
0.2859619542817947,-0.14424205519139507,1.1570943951861579,4
0.3602154896277237,-0.20306972855753944,1.1119804199055596,4
0.42508902061796466,-0.25446605431392083,1.047487039576541,4
0.47752570298751923,-0.29600923483009994,0.9666531857445237,4
0.515054717446451,-0.3257417532086258,0.8732877539441343,4
0.5359076948175515,-0.34226261158639404,0.771790128337013,4
0.5391020416869584,-0.3447933462292118,0.6669428824938013,4
0.524487240258598,-0.33321470878476883,0.5636864242705935,4
0.49275194076082185,-0.308072285271404,0.46688620352537885,2
0.4453915122106542,-0.27055078803561444,0.3811034518593801,2
0.38463758054538616,-0.22241823204265054,0.3103802571389953,4
0.313352874288536,-0.16594262591638353,0.25804910009840754,4
0.23489633262804738,-0.10378510325112007,0.22657582766838352,2
-0.11543798622136062,0.17376872340790359,0.3224332887749087,3
-0.17513381725665822,0.22106299475949076,0.3946081672645114,0
-0.22121553590010967,0.25757142873341804,0.481517101709127,1
-0.2515117690939152,0.2815737459597513,0.5790649384493352,4
-0.2645949567025942,0.29193895596148023,0.6826552181780697,2
-0.25984861822325067,0.288178649486547,0.7874067613500696,2
-0.23749640137998512,0.2704700123780385,0.8883836696242493,3
-0.198591543831121,0.23964747656774288,0.9808279056586658,4
-0.14496724455416954,0.19716340159870066,1.0603834920856545,3
-0.07915028341153699,0.14501963936552256,1.1233017653993769,3
-0.004241959147680219,0.08567320674558407,1.1666180131815804,4
0.07622804397432172,0.021920510831782182,1.1882911715099975,2
0.1584679750848428,-0.043234417919892396,1.1873,2
0.2386026842123655,-0.10672147576680677,1.1636912027063808,2
0.3128562195582943,-0.16554914913295102,1.1185772274257828,2
0.3777297505485354,-0.21694547488933244,1.054083847096764,4
0.4301664329180898,-0.2584886554055115,0.9732499932647467,3
0.4676954473770216,-0.2882211737840374,0.8798845614643572,4
0.48854842474812216,-0.3047420321618056,0.7783869358572357,4
0.491742771617529,-0.3072727668046234,0.673539690014024,2
0.4771279701891687,-0.29569412936018047,0.5702832317908166,3
0.4453926706913924,-0.2705517058468156,0.47348301104560164,2
0.3980322421412247,-0.2330302086110259,0.3877002593796029,1
0.3372783104759566,-0.18489765261806204,0.3169770646592181,3
0.26599360421910667,-0.1284220464917952,0.26464590761863055,2
-0.09230018362864328,0.15543770270978505,0.2617965428714626,4
-0.16279725629078995,0.211289302832492,0.3158364812546855,2
-0.2224930873260877,0.25858357418407923,0.3880113597442884,2
-0.26857480596953903,0.2950920081580065,0.4749202941889038,2
-0.2988710391633447,0.3190943253843398,0.5724681309291121,4
-0.31195422677202367,0.32945953538606876,0.6760584106578464,4
-0.30720788829268014,0.32569922891113545,0.7808099538298465,4
-0.2848556714494146,0.30799059180262706,0.8817868621040261,4
-0.24595081390055057,0.2771680559923314,0.9742310981384428,4
-0.19232651462359918,0.23468398102328922,1.0537866845654313,4
-0.12650955348096665,0.18254021879011115,1.116704957879154,4
-0.05160122921710969,0.12319378617017254,1.1600212056613575,4
0.028868773904892064,0.059441090256370795,1.1816943639897743,4
0.11110870501541333,-0.005713838495303906,1.180703192479777,0
0.19124341414293586,-0.06920089634221815,1.1570943951861579,4
0.2654969494888648,-0.12802856970836254,1.1119804199055596,4
0.3303704804791058,-0.1794248954647439,1.047487039576541,4
0.38280716284866023,-0.22096807598092297,0.966653185744524,4
0.42033617730759215,-0.2507005943594489,0.8732877539441343,4
0.4411891546786927,-0.26722145273721715,0.7717901283370128,4
0.4443835015480995,-0.2697521873800349,0.6669428824938014,4
0.4297687001197392,-0.258173549935592,0.5636864242705937,4
0.3980334006219629,-0.2330311264222271,0.46688620352537863,2
0.3506729720717952,-0.1955096291864374,0.3811034518593799,4
0.2899190404065274,-0.1473770731934738,0.3103802571389953,2
-0.059451393910113226,0.12941311192050894,0.20895832875807696,4
-0.13742788234845638,0.19119031041643594,0.24231696223549987,4
-0.2079249550106032,0.247041910539143,0.29635690061872294,2
-0.2676207860459008,0.29433618189073013,0.3685317791083257,2
-0.31370250468935224,0.33084461586465747,0.45544071355294125,4
-0.34399873788315777,0.35484693309099075,0.5529885502931493,4
-0.35708192549183676,0.3652121430927197,0.6565788300218839,4
-0.35233558701249323,0.3614518366177864,0.7613303731938839,4
-0.3299833701692277,0.34374319950927795,0.8623072814680635,4
-0.29107851262036355,0.31292066369898225,0.9547515175024801,4
-0.23745421334341227,0.2704365887299401,1.0343071039294687,4
-0.17163725220077958,0.218292826496762,1.0972253772431912,4
-0.09672892793692278,0.1589463938768235,1.1405416250253948,4
-0.01625892481492086,0.0951936979630216,1.1622147833538117,4
0.06598100629560023,0.030038769211347016,1.1612236118438144,2
0.1461157154231229,-0.03344828863556736,1.137614814550195,4
0.22036925076905173,-0.0922759620017116,1.092500839269597,4
0.2852427817592927,-0.14367228775809296,1.0280074589405783,4
0.33767946412884725,-0.18521546827427207,0.9471736051085611,4
0.37520847858777906,-0.21494798665279793,0.8538081733081713,4
0.39606145595887954,-0.23146884503056617,0.7523105477010502,4
0.39925580282828643,-0.23399957967338395,0.6474633018578385,4
0.38464100139992613,-0.22242094222894096,0.5442068436346307,2
0.35290570190214965,-0.19727851871557603,0.4474066228894157,2
0.3055452733519822,-0.15975702147978657,0.3616238712234173,2
-0.018439453801808947,0.09692123115599963,0.16640838592202534,4
-0.10022110169255832,0.1617130831136022,0.1775138538923037,4
-0.17819759013090164,0.2234902816095293,0.21087248736972666,2
-0.2486946627930483,0.27934188173223623,0.2649124257529496,2
-0.30839049382834605,0.3266361530838235,0.3370873042425525,2
-0.3544722124717974,0.3631445870577508,0.4239962386871679,4
-0.3847684456656031,0.38714690428408405,0.521544075427376,4
-0.3978516332742821,0.39751211428581307,0.6251343551561106,4
-0.3931052947949385,0.39375180781087976,0.7298858983281106,4
-0.370753077951673,0.37604317070237137,0.8308628066022903,4
-0.3318482204028089,0.34522063489207566,0.9233070426367068,4
-0.2782239211258576,0.30273655992303344,1.0028626290636953,4
-0.212406959983225,0.25059279768985543,1.0657809023774178,4
-0.13749863571936805,0.19124636506991685,1.1090971501596216,4
-0.05702863259736632,0.12749366915611507,1.1307703084880385,4
0.025211298513154956,0.06233874040444037,1.129779136978041,4
0.10534600764067749,-0.0011483174424738781,1.106170339684422,0
0.1795995429866063,-0.059975990808618145,1.0610563644038238,4
0.2444730739768474,-0.11137231656499962,0.9965629840748051,4
0.29690975634640193,-0.15291549708117871,0.9157291302427878,4
0.3344387708053337,-0.18264801545970452,0.8223636984423985,4
0.3552917481764343,-0.1991688738374728,0.720866072835277,4
0.35848609504584117,-0.2016996084802906,0.6160188269920652,4
0.3438712936174808,-0.1901209710358476,0.5127623687688575,2
0.3121359941197046,-0.16497854752248278,0.41596214802364284,2
0.028803151875373634,0.059493079583210894,0.1361516699553501,4
-0.052930099826196786,0.12424658945789546,0.12448068217118458,4
-0.13471174771694633,0.1890384414154981,0.13558615014146302,4
-0.21268823615528953,0.25081563991142514,0.16894478361888587,2
-0.2831853088174363,0.30666724003413215,0.22298472200210898,2
-0.34288113985273394,0.35396151138571935,0.29515960049171175,2
-0.3889628584961854,0.39046994535964663,0.3820685349363273,4
-0.41925909168999087,0.4144722625859799,0.47961637167653537,4
-0.43234227929866986,0.4248374725877089,0.58320665140527,4
-0.4275959408193264,0.42107716611277557,0.6879581945772699,4
-0.4052437239760608,0.4033685290042672,0.7889351028514495,4
-0.3663388664271967,0.37254599319397147,0.8813793388858662,4
-0.31271456715024537,0.3300619182249293,0.9609349253128546,4
-0.24689760600761268,0.2779181559917511,1.0238531986265773,4
-0.17198928174375594,0.21857172337181266,1.0671694464087809,4
-0.09151927862175396,0.15481902745801077,1.0888426047371977,4
-0.009279347511232883,0.08966409870633621,1.0878514332272005,4
0.07085536161628965,0.026177040859421942,1.064242635933581,2
0.1451088969622186,-0.032650632506722434,1.019128660652983,4
0.20998242795245972,-0.08404695826310385,0.9546352803239643,4
0.26241911032201404,-0.12559013877928285,0.8738014264919473,4
0.2999481247809459,-0.15532265715780877,0.7804359946915576,4
0.3208011021520465,-0.171843515535577,0.678938369084436,4
0.3239954490214533,-0.17437425017839478,0.5740911232412244,2
0.30938064759309303,-0.16279561273395185,0.47083466501801696,2
0.08005034900424776,0.018892273714738443,0.11961387893966718,2
0.002216768702407723,0.08055625264291821,0.0857163729723649,4
-0.07951648299916286,0.14530976251760291,0.07404538518819931,4
-0.16129813088991224,0.21010161447520545,0.08515085315847776,4
-0.23927461932825556,0.27187881297113253,0.11850948663590077,2
-0.3097716919904022,0.3277304130938395,0.17254942501912374,2
-0.36946752302569985,0.37502468444542664,0.24472430350872648,4
-0.4155492416691513,0.41153311841935397,0.3316332379533421,4
-0.4458454748629569,0.43553543564568725,0.42918107469355027,4
-0.4589286624716358,0.4459006456474161,0.5327713544222847,4
-0.4541823239922923,0.4421403391724829,0.6375228975942847,4
-0.4318301071490267,0.42443170206397435,0.7384998058684644,4
-0.3929252496001626,0.39360916625367875,0.8309440419028808,4
-0.33930095032321106,0.3511250912846365,0.9104996283298696,4
-0.2734839891805786,0.2989813290514584,0.973417901643592,4
-0.19857566491672168,0.23963489643151986,1.0167341494257958,4
-0.11810566179471987,0.1758822005177181,1.0384073077542126,4
-0.03586573068419879,0.11072727176604352,1.0374161362442151,4
0.04426897844332389,0.04724021391912913,1.013807338950596,4
0.1185225137892528,-0.01158745944701523,0.9686933636699976,0
0.18339604477949364,-0.06298378520339648,0.9041999833409791,4
0.2358327271490482,-0.10452696571957559,0.8233661295089618,4
0.27336174160798,-0.13425948409810146,0.7300006977085721,4
0.2942147189790806,-0.15078034247586974,0.6285030721014506,2
0.29740906584848736,-0.15331107711868747,0.5236558262582393,1
0.1328873669033127,-0.022968074295987385,0.11757427447597735,0
0.06262098048592488,0.03270076368625698,0.06304750262755199,4
-0.015212599815915329,0.09436474261443689,0.029149996660249533,4
-0.09694585151748575,0.15911825248912145,0.017479008876084,4
-0.1787274994082353,0.22391010444672413,0.02858447684636245,2
-0.25670398784657844,0.2856873029426511,0.0619431103237853,2
-0.3272010605087251,0.34153890306535806,0.11598304870700826,2
-0.38689689154402285,0.3888331744169453,0.18815792719661115,4
-0.4329786101874743,0.4253416083908726,0.27506686164122673,4
-0.4632748433812799,0.4493439256172059,0.3726146983814348,4
-0.4763580309899589,0.45970913561893484,0.47620497811016926,4
-0.4716116925106153,0.45594882914400153,0.5809565212821693,4
-0.4492594756673498,0.4382401920354932,0.681933429556349,4
-0.4103546181184856,0.40741765622519743,0.7743776655907656,4
-0.3567303188415344,0.36493358125615527,0.853933252017754,4
-0.29091335769890164,0.31278981902297714,0.9168515253314767,4
-0.21600503343504485,0.2534433864030386,0.9601677731136803,4
-0.1355350303130431,0.1896906904892369,0.9818409314420972,4
-0.053295099202521845,0.1245357617375622,0.9808497599320998,4
0.02683960992500084,0.06104870389064781,0.9572409626384806,4
0.1010931452709295,0.0022210305245036702,0.9121269873578824,0
0.1659666762611706,-0.04917529523187781,0.8476336070288638,4
0.21840335863072516,-0.09071847574805691,0.7667997531968465,4
0.255932373089657,-0.12045099412658278,0.6734343213964568,4
0.2767853504607575,-0.136971852504351,0.5719366957893357,1
0.1848245224509776,-0.06411550260213572,0.13012896283616904,4
0.12543628582045005,-0.01706492420185069,0.05754222952507165,0
0.05516989940306208,0.03860391378039376,0.003015457676646127,4
-0.022663680898777933,0.10026789270857353,-0.030882048290656217,4
-0.10439693260034855,0.16502140258325823,-0.04255303607482186,4
-0.18617858049109792,0.22981325454086077,-0.031447568104543466,2
-0.26415506892944113,0.29159045303678777,0.0019110653728793836,2
-0.33465214159158796,0.34744205315949483,0.0559510037561024,2
-0.3943479726268857,0.3947363245110821,0.1281258822457053,4
-0.44042969127033704,0.43124475848500937,0.2150348166903207,4
-0.47072592446414263,0.45524707571134254,0.3125826534305287,4
-0.4838091120728216,0.4656122857130716,0.4161729331592634,4
-0.47906277359347815,0.4618519792381383,0.5209244763312633,4
-0.45671055675021255,0.44414334212962997,0.6219013846054431,4
-0.4178056992013486,0.41332080631933427,0.7143456206398596,4
-0.36418139992439713,0.37083673135029205,0.7939012070668483,4
-0.2983644387817646,0.31869296911711403,0.8568194803805708,4
-0.2234561145179078,0.2593465364971755,0.9001357281627744,4
-0.1429861113959059,0.19559384058337367,0.9218088864911913,4
-0.06074618028538464,0.13043891183169898,0.9208177149811939,4
0.019388528842137737,0.06695185398478484,0.8972089176875748,4
0.0936420641880667,0.008124180618640448,0.8520949424069766,0
0.1585155951783078,-0.04327214513774103,0.787601562077958,4
0.21095227754786236,-0.08481532565392014,0.7067677082459407,4
0.24848129200679406,-0.11454784403244594,0.6134022764455513,1
0.23341453408798643,-0.10261114217165054,0.15668636643032358,4
0.18770282414444087,-0.0663958491349094,0.06945996242923363,4
0.12831458751391306,-0.0193452707346242,-0.0031267708818639717,0
0.05804820109652517,0.036323567247620224,-0.05765354273028939,4
-0.019785379205315007,0.09798754617580012,-0.09155104869759179,4
-0.10151863090688545,0.1627410560504847,-0.10322203648175732,4
-0.18330027879763483,0.2275329080080872,-0.09211656851147887,2
-0.26127676723597815,0.28931010650401434,-0.0587579350340558,2
-0.3317738398981249,0.34516170662672135,-0.004717996650832779,4
-0.39146967093342255,0.3924559779783085,0.06745688183876997,4
-0.4375513895768739,0.4289644119522357,0.15436581628338547,4
-0.4678476227706795,0.452966729178569,0.2519136530235938,4
-0.48093081037935836,0.4633319391802979,0.35550393275232817,4
-0.4761844719000149,0.45957163270536466,0.4602554759243283,4
-0.4538322550567493,0.44186299559685616,0.5612323841985078,4
-0.4149273975078851,0.41104045978656045,0.6536766202329245,4
-0.36130309823093365,0.3685563848175183,0.7332322066599131,4
-0.2954861370883012,0.3164126225843402,0.7961504799736354,4
-0.22057781282444427,0.2570661899644016,0.8394667277558391,4
-0.1401078097024423,0.19331349405059975,0.8611398860842561,4
-0.057867878591921385,0.1281585652989253,0.8601487145742586,4
0.0222668305356013,0.06467150745201092,0.8365399172806394,4
0.0965203658815302,0.005843834085866551,0.791425942000041,0
0.16139389687177133,-0.04555249167051487,0.7269325616710223,4
0.21383057924132562,-0.08709567218669381,0.6460987078390052,1
0.2763678378559484,-0.13664107640018938,0.1959950989745305,4
0.24648659282736923,-0.11296753528021955,0.0982391371254216,4
0.20077488288382367,-0.0767522422434784,0.011012733124331653,4
0.14138664625329597,-0.02970166384319329,-0.06157400018676584,4
0.07112025983590797,0.025967174139051218,-0.11610077203519142,2
-0.0067133204659320656,0.08763115306723099,-0.14999827800249366,4
-0.08844657216750246,0.15238466294191555,-0.1616692657866593,2
-0.170228220058252,0.2171765148995182,-0.15056379781638085,2
-0.24820470849659537,0.27895371339544534,-0.11720516433895778,2
-0.31870178115874204,0.33480531351815224,-0.06316522595573482,4
-0.3783976121940396,0.38209958486973944,0.009009652533867929,4
-0.424479330837491,0.4186080188436667,0.09591858697848349,4
-0.4547755640312966,0.44261033607,0.1934664237186916,4
-0.4678587516399756,0.4529755460717289,0.29705670344742624,4
-0.4631124131606321,0.44921523959679566,0.4018082466194261,4
-0.4407601963173664,0.43150660248828715,0.5027851548936059,4
-0.40185533876850243,0.40068406667799156,0.5952293909280224,4
-0.3482310394915511,0.3581999917089494,0.6747849773550109,4
-0.2824140783489184,0.3060562294757712,0.7377032506687335,4
-0.20750575408506144,0.24670979685583264,0.7810194984509371,4
-0.12703575096305986,0.182957100942031,0.802692656779354,4
-0.04479581985253858,0.1178021721903563,0.8017014852693565,4
0.0353388892749841,0.054315114343441905,0.7780926879757373,4
0.10959242462091301,-0.0045125590227024556,0.732978712695139,0
0.17446595561115386,-0.05590888477908371,0.6684853323661206,2
0.31166047177404266,-0.16460181295895554,0.2462029308798035,4
0.29901769753127405,-0.15458552228497524,0.14252367735605387,4
0.2691364525026948,-0.1309119811650054,0.04476771550694458,4
0.2234247425591492,-0.09469668812826426,-0.04245868849414541,4
0.1640365059286215,-0.04764610972797915,-0.11504542180524291,4
0.09377011951123368,0.008022728254265222,-0.16957219365366827,0
0.01593653920939367,0.06968670718244499,-0.2034696996209706,4
-0.06579671249217695,0.1344402170571297,-0.21514068740513625,2
-0.1475783603829265,0.19923206901473237,-0.2040352194348578,2
-0.22555484882126964,0.26100926751065934,-0.17067658595743496,2
-0.2960519214834163,0.3168608676333663,-0.116636647574212,4
-0.35574775251871404,0.36415513898495355,-0.04446176908460914,4
-0.4018294711621654,0.40066357295888083,0.042447165360006256,4
-0.4321257043559711,0.4246658901852141,0.13999500210021454,4
-0.4452088919646501,0.4350311001869431,0.24358528182894895,4
-0.4404625534853065,0.43127079371200977,0.3483368250009491,4
-0.418110336642041,0.41356215660350143,0.44931373327512864,4
-0.3792054790931769,0.3827396207932057,0.5417579693095451,4
-0.3255811798162256,0.3402555458241635,0.6213135557365338,4
-0.25976421867359284,0.2881117835909854,0.6842318290502565,4
-0.1848558944097362,0.228765350971047,0.7275480768324599,4
-0.10438589128773432,0.16501265505724513,0.7492212351608769,4
-0.022145960177213042,0.09985772630557044,0.7482300636508794,4
0.05798874895030964,0.036370668458656046,0.7246212663572602,4
0.1322422842962383,-0.022457004907488094,0.6795072910766622,0
0.33762944503627357,-0.18517584043936453,0.3049440664098083,4
0.34282086978075255,-0.18928876836596548,0.20022689320667836,4
0.33017809553798394,-0.17927247769198518,0.09654763968292873,4
0.3002968505094048,-0.15559893657201546,-0.0012083221661802201,4
0.2545851405658591,-0.1193836435352742,-0.08843472616727055,4
0.19519690393533154,-0.07233306513498916,-0.16102145947836788,4
0.12493051751794373,-0.016664227152744855,-0.21554823132679335,0
0.04709693721610356,0.04499975177543505,-0.2494457372940958,4
-0.03463631448546706,0.10975326165011975,-0.26111672507826145,2
-0.11641796237621643,0.1745451136077223,-0.2500112571079831,2
-0.19439445081455964,0.23632231210364932,-0.21665262363056015,2
-0.2648915234767064,0.29217391222635636,-0.16261268524733719,4
-0.32458735451200404,0.33946818357794356,-0.0904378067577345,4
-0.3706690731554555,0.3759766175518709,-0.003528872313118825,4
-0.4009653063492611,0.39997893477820406,0.09401896442708918,4
-0.4140484939579402,0.41034414477993314,0.19760924415582382,4
-0.4093021554785966,0.40658383830499983,0.3023607873278237,4
-0.3869499386353311,0.3888752011964915,0.4033376956020033,4
-0.34804508108646703,0.3580526653861958,0.49578193163642004,4
-0.2944207818095157,0.31556859041715357,0.5753375180634086,4
-0.22860382066688323,0.26342482818397567,0.6382557913771311,4
-0.15369549640302632,0.20407839556403706,0.6815720391593347,4
-0.07322549328102443,0.1403256996502352,0.7032451974877517,4
0.009014437829496846,0.0751707708985605,0.7022540259777543,4
0.08914914695701923,0.011683713051646361,0.6786452286841352,1
0.3530510982275787,-0.19739370956138738,0.3694506201030392,4
0.3758321017464833,-0.2154420547037386,0.26862980604683573,4
0.38102352649096216,-0.21955498263033954,0.16391263284370622,4
0.36838075224819344,-0.20953869195635924,0.06023337931995615,4
0.3384995072196143,-0.1858651508363894,-0.03752258252915275,4
0.29278779727606874,-0.14964985779964826,-0.12474898653024269,4
0.23339956064554104,-0.10259927939936313,-0.19733571984134013,4
0.16313317422815304,-0.04693044141711863,-0.2518624916897657,4
0.08529959392631287,0.014733537511061262,-0.28575999765706805,1
0.003566342224742433,0.07948704738574583,-0.2974309854412336,2
-0.07821530566600696,0.14427889934334837,-0.28632551747095514,2
-0.1561917941043503,0.2060560978392755,-0.2529668839935322,2
-0.2266888667664969,0.2619076979619824,-0.1989269456103091,4
-0.28638469780179465,0.30920196931356964,-0.1267520671207063,4
-0.332466416445246,0.34571040328749686,-0.03984313267609085,4
-0.3627626496390516,0.36971272051383014,0.057704704064117485,4
-0.3758458372477305,0.38007793051555905,0.1612949837928519,4
-0.371099498768387,0.3763176240406258,0.26604652696485176,4
-0.3487472819251214,0.3586089869321173,0.3670234352390315,4
-0.3098424243762572,0.3277864511218216,0.45946767127344823,4
-0.256218125099306,0.28530237615277954,0.5390232577004366,4
-0.19040116395667328,0.23315861391960138,0.6019415310141591,4
-0.1154928396928164,0.17381218129966278,0.6452577787963627,4
-0.035022836570814425,0.11005948538586088,0.6669309371247797,4
0.04721709453970649,0.04490455663418644,0.6659397656147822,2
0.2950972898912976,-0.09495074014452705,0.6659397656147822,4
0.38730302343019807,-0.13911272406241007,0.6423309683211631,4
0.47274167752866997,-0.18003361177131208,0.5972169930405649,4
0.5473873782161806,-0.215785208844288,0.5327236127115462,4
0.6077228160666752,-0.24468289810683092,0.4518897588795289,4
0.6509049820076672,-0.26536501888862485,0.3585243270791394,4
0.6748991300604495,-0.27685702854747357,0.257026701472018,4
0.678574654679908,-0.2786174229709486,0.15217945562880641,4
0.6617583649485398,-0.27056325227925476,0.04892299740559869,4
0.6252426453417886,-0.25307402942802154,-0.04787722333961619,4
0.570748118528999,-0.22697384753744787,-0.13365997500561477,4
0.5008425695408103,-0.19349254858021184,-0.20438316972599957,4
0.4188199516005845,-0.15420777316165588,-0.25671432676658723,2
0.32854517487158164,-0.11097062200971845,-0.2881875991966114,2
0.2342719916824616,-0.06581843200920057,-0.2973199647285548,2
0.14044255948906226,-0.020878776778315983,-0.2836811058079991,0
0.0514781261764673,0.021730784714482775,-0.24791368619990428,2
-0.028429299378831346,0.06000248764284506,-0.1917030686374822,2
-0.09551447499237051,0.09213296730898844,-0.11769790043967676,2
-0.14661634358570086,0.11660823378512712,-0.029385309107221147,4
-0.17932698236572286,0.13227501120019505,0.06907341131251044,4
-0.19210506427604146,0.13839508016083957,0.17303888062454437,4
-0.1843484854106564,0.13468006268889016,0.2776122403303007,4
-0.15642273618235603,0.12130501060718048,0.3778659881031942,4
-0.10964367939483419,0.09890015708825349,0.46907616196294777,2
0.24442649775461078,-0.0706819379609547,0.7032451974877518,4
0.33905457161667507,-0.11600410303340845,0.7022540259777544,4
0.4312603051555758,-0.1601660869512916,0.6786452286841352,4
0.5166989592540474,-0.20108697466019348,0.6335312534035371,4
0.591344659941558,-0.23683857173316947,0.5690378730745184,4
0.6516800977920527,-0.26573626099571235,0.4882040192425011,4
0.6948622637330447,-0.28641838177750634,0.3948385874421116,4
0.718856411785827,-0.297910391436355,0.29334096183499014,4
0.7225319364052855,-0.29967078585983004,0.1884937159917785,4
0.7057156466739173,-0.2916166151681362,0.08523725776857083,4
0.6691999270671661,-0.2741273923169029,-0.011562962976643942,4
0.6147054002543764,-0.24802721042632922,-0.09734571464264274,4
0.5447998512661878,-0.21454591146909324,-0.16806890936302732,4
0.46277723332596177,-0.17526113605053723,-0.2204000664036151,2
0.37250245659695913,-0.13202398489859987,-0.25187333883363927,2
0.2782292734078389,-0.08687179489808189,-0.26100570436558257,2
0.18439984121443975,-0.041932139667197395,-0.24736684544502685,4
0.0954354079018448,0.0006774218256013643,-0.21159942583693214,0
0.015527982346546038,0.03894912475396374,-0.15538880827450985,2
-0.05155719326699307,0.07107960442010709,-0.0813836400767044,2
-0.10265906186032334,0.09555487089624572,0.0069289512557511035,4
-0.13536970064034537,0.11122164831131363,0.10538767167548269,4
-0.14814778255066396,0.11734171727195815,0.20935314098751703,4
-0.1403912036852789,0.11362669980000874,0.3139265006932729,4
-0.11246545445697867,0.10025164771829916,0.414180248466166,2
0.18768918180661454,-0.0435075710504397,0.72754807683246,4
0.2802807160684321,-0.08785433442473022,0.7492212351608769,4
0.3749087899304966,-0.13317649949718405,0.7482300636508795,4
0.4671145234693971,-0.17733848341506708,0.7246212663572604,4
0.5525531775678689,-0.2182593711239691,0.6795072910766622,4
0.6271988782553795,-0.254010968196945,0.6150139107476436,4
0.6875343161058741,-0.2829086574594879,0.5341800569156264,4
0.7307164820468661,-0.3035907782412819,0.4408146251152368,4
0.7547106300996484,-0.31508278790013056,0.33931699950811534,4
0.7583861547191069,-0.31684318232360564,0.23446975366490375,4
0.7415698649877387,-0.30878901163191186,0.13121329544169613,4
0.7050541453809877,-0.2912997887806785,0.03441307469648114,4
0.6505596185681979,-0.2651996068901049,-0.05136967696951744,4
0.5806540695800092,-0.23171830793286885,-0.12209287168990224,4
0.4986314516397834,-0.1924335325143129,-0.1744240287304899,2
0.40835667491078054,-0.14919638136237545,-0.20589730116051408,2
0.31408349172166056,-0.1040441913618576,-0.2150296666924575,2
0.22025405952826138,-0.05910453613097309,-0.20139080777190177,4
0.13128962621566626,-0.016494974638174245,-0.16562338816380695,0
0.0513822006603675,0.021776728290188133,-0.10941277060138477,2
-0.015702974953171384,0.053907207956331374,-0.03540760240357954,2
-0.06680484354650187,0.07838247443247011,0.052904988928876184,2
-0.09951548232652394,0.09404925184753803,0.15136370934860782,4
-0.11229356423684253,0.10016932080818254,0.2553291786606422,4
-0.10453698537145747,0.09645430333623313,0.359902538366398,2
0.12755880742247336,-0.014708097041500624,0.7377032506687335,0
0.2137508840159917,-0.05598983684530598,0.7810194984509371,4
0.3063424182778094,-0.10033660021959659,0.802692656779354,4
0.40097049213987374,-0.14565876529205032,0.8017014852693565,4
0.4931762256787744,-0.18982074920993347,0.7780926879757373,4
0.5786148797772461,-0.23074163691883537,0.7329787126951393,4
0.6532605804647567,-0.26649323399181135,0.6684853323661205,4
0.7135960183152513,-0.29539092325435423,0.5876514785341033,4
0.7567781842562434,-0.3160730440361482,0.4942860467337137,4
0.7807723323090257,-0.3275650536949969,0.39278842112659224,4
0.7844478569284841,-0.3293254481184719,0.2879411752833807,4
0.7676315671971159,-0.3212712774267781,0.18468471706017292,4
0.7311158475903649,-0.3037820545755448,0.08788449631495815,4
0.676621320777575,-0.27768187268497113,0.0021017446489594027,4
0.6067157717893864,-0.24420057372773513,-0.06862145007142523,4
0.5246931538491604,-0.2049157983091791,-0.12095260711201306,2
0.43441837712015774,-0.16167864715724173,-0.15242587954203712,2
0.3401451939310377,-0.11652645715672387,-0.16155824507398053,2
0.24631576173763836,-0.07158680192583929,-0.14791938615342481,4
0.15735132842504324,-0.028977240433040438,-0.11215196654532988,4
0.07744390286974479,0.009294462495321775,-0.05594134898290787,2
0.010358727256205624,0.04142494216146515,0.018063819214897636,2
-0.0407431413371247,0.06590020863760383,0.1063764105473532,2
-0.07345378011714682,0.0815669860526718,0.20483513096708522,2
-0.08623186202746536,0.08768705501331626,0.3088006002791187,1
0.06686872107312364,0.014359451303572484,0.7332322066599128,2
0.1425999647193731,-0.021912067132707547,0.7961504799736354,0
0.22879204131289158,-0.06319380693651297,0.839466727755839,4
0.3213835755747091,-0.10754057031080348,0.8611398860842558,4
0.4160116494367736,-0.15286273538325731,0.8601487145742586,4
0.5082173829756741,-0.19702471930114035,0.8365399172806394,4
0.5936560370741459,-0.23794560701004233,0.7914259420000411,4
0.6683017377616566,-0.2736972040830183,0.7269325616710225,4
0.7286371756121511,-0.3025948933455611,0.6460987078390054,4
0.7718193415531432,-0.32327701412735516,0.5527332760386157,4
0.7958134896059255,-0.3347690237862039,0.45123565043149444,4
0.799489014225384,-0.3365294182096789,0.3463884045882827,4
0.7826727244940158,-0.32847524751798507,0.2431319463650751,4
0.7461570048872647,-0.3109860246667518,0.14633172561986013,4
0.691662478074475,-0.2848858427761781,0.06054897395386155,4
0.6217569290862862,-0.2514045438189421,-0.010174220766523245,2
0.5397343111460604,-0.21211976840038615,-0.06250537780711096,2
0.4494595344170578,-0.16888261724844883,-0.09397865023713503,2
0.3551863512279376,-0.12373042724793086,-0.10311101576907855,4
0.2613569190345382,-0.07879077201704628,-0.08947215684852283,4
0.17239248572194343,-0.03618121052424758,-0.05370473724042807,4
0.09248506016664465,0.0020904924041147844,0.002505880321994114,0
0.02539988455310549,0.03422097207025816,0.07651104851979962,2
-0.025701984040224835,0.05869623854639684,0.16482363985225518,2
-0.058412622820246896,0.07436301596146476,0.26328236027198676,1
0.008478642887368382,0.042325409545370576,0.7143456206398598,2
0.07018059331776733,0.012773228373689981,0.7939012070668483,2
0.1459118369640169,-0.02349829006259012,0.856819480380571,4
0.23210391355753526,-0.06478002986639547,0.9001357281627745,4
0.324695447819353,-0.10912679324068608,0.9218088864911915,4
0.4193235216814173,-0.15444895831313982,0.920817714981194,4
0.5115292552203179,-0.1986109422310229,0.8972089176875748,4
0.5969679093187896,-0.2395318299399249,0.8520949424069767,4
0.6716136100063003,-0.27528342701290087,0.787601562077958,4
0.7319490478567948,-0.3041811162754437,0.7067677082459407,4
0.7751312137977869,-0.32486323705723763,0.6134022764455512,4
0.7991253618505693,-0.33635524671608635,0.5119046508384297,4
0.8028008864700277,-0.3381156411395614,0.40705740499521825,4
0.7859845967386595,-0.3300614704478676,0.3038009467720104,4
0.7494688771319084,-0.31257224759663427,0.20700072602679565,4
0.6949743503191185,-0.2864720657060606,0.1212179743607969,4
0.6250688013309299,-0.25299076674882465,0.05049477964041227,2
0.5430461833907041,-0.21370599133026866,-0.0018363774001754485,2
0.4527714066617013,-0.17046884017833125,-0.03330964983019963,2
0.3584982234725811,-0.12531665017781327,-0.042442015362142926,4
0.26466879127918214,-0.08037699494692886,-0.028803156441587263,4
0.17570435796658698,-0.037767433454130014,0.0069642631665075005,4
0.09579693241128823,0.0005042694742323651,0.06317488072892974,0
0.02871175679774912,0.032634749140375716,0.13718004892673524,2
-0.022390111795581147,0.05711001561651434,0.2254926402591907,1
-0.044860083514205534,0.06787202022932437,0.6819334295563491,2
-9.482551831188624e-05,0.04643167668647408,0.7743776655907656,2
0.06160712491208717,0.016879495514793397,0.8539332520177543,2
0.13733836855833664,-0.019392022921486576,0.9168515253314767,0
0.22353044515185513,-0.06067376272529204,0.9601677731136803,4
0.3161219794136727,-0.10502052609958257,0.9818409314420973,4
0.4107500532757371,-0.15034269117203636,0.9808497599320998,4
0.5029557868146377,-0.19450467508991942,0.9572409626384807,4
0.5883944409131094,-0.2354255627988214,0.9121269873578824,4
0.66304014160062,-0.27117715987179736,0.8476336070288638,4
0.7233755794511146,-0.3000748491343402,0.7667997531968467,4
0.7665577453921067,-0.3207569699161342,0.673434321396457,4
0.790551893444889,-0.3322489795749829,0.5719366957893356,4
0.7942274180643474,-0.3340093739984579,0.4670894499461239,4
0.7774111283329792,-0.3259552033067641,0.3638329917229163,4
0.7408954087262282,-0.30846598045553075,0.2670327709777013,4
0.6864008819134384,-0.2823657985649572,0.18125001931170284,4
0.6164953329252497,-0.24888449960772113,0.11052682459131802,2
0.5344727149850238,-0.20959972418916512,0.058195667550730246,2
0.4441979382560209,-0.16636257303722768,0.026722395120706177,2
0.34992475506690107,-0.12121038303670989,0.017590029588762768,4
0.25609532287350173,-0.07627072780582529,0.031228888509318486,4
0.16713088956090658,-0.03366116631302646,0.06699630811741342,4
0.08722346400560785,0.004610536615335921,0.12320692567983571,2
0.020138288392068965,0.03674101628147913,0.1972120938776409,1
-0.09063413447841931,0.08979552568774725,0.6375228975942847,1
-0.06491491027840271,0.07747728991315327,0.7384998058684642,2
-0.020149652282509006,0.056036946370302945,0.8309440419028808,2
0.04155229814788994,0.026484765198622348,0.9104996283298694,2
0.11728354179413952,-0.009786753237657748,0.973417901643592,0
0.20347561838765788,-0.0510684930414631,1.0167341494257955,4
0.2960671526494755,-0.09541525641575367,1.0384073077542126,4
0.39069522651153993,-0.14073742148820745,1.0374161362442151,4
0.4829009600504405,-0.18489940540609054,1.013807338950596,4
0.5683396141489123,-0.22582029311499252,0.9686933636699977,4
0.6429853148364228,-0.26157189018796845,0.9041999833409791,4
0.7033207526869175,-0.29046957945051133,0.8233661295089618,4
0.7465029186279095,-0.3111517002323053,0.7300006977085723,4
0.7704970666806918,-0.322643709891154,0.6285030721014508,4
0.7741725913001503,-0.32440410431462907,0.5236558262582393,4
0.7573563015687821,-0.3163499336229352,0.4203993680350315,4
0.7208405819620309,-0.29886071077170195,0.3235991472898167,4
0.6663460551492413,-0.2727605288811283,0.23781639562381812,4
0.5964405061610526,-0.23927922992389225,0.16709320090343333,2
0.5144178882208266,-0.1999944545053362,0.11476204386284555,2
0.42414311149182415,-0.15675730335339896,0.08328877143282154,4
0.3298699283027039,-0.111605113352881,0.07415640590087808,4
0.23604049610930455,-0.0666654581219964,0.0877952648214338,4
0.1470760627967094,-0.024055896629197562,0.12356268442952872,4
0.06716863724141095,0.01421580629916465,0.17977330199195068,1
-0.1266866342650459,0.10706288916579795,0.58320665140527,2
-0.12122533508674171,0.10444719709084402,0.6879581945772699,4
-0.09550611088672512,0.09212896131625004,0.7889351028514496,2
-0.05074085289083147,0.07068861777339974,0.8813793388858662,2
0.010961097539567588,0.04113643660171906,0.9609349253128548,2
0.08669234118581706,0.004864918165439091,1.0238531986265773,2
0.17288441777933547,-0.036416821638366334,1.0671694464087809,4
0.2654759520411531,-0.0807635850126569,1.0888426047371977,4
0.3601040259032175,-0.1260857500851107,1.0878514332272005,4
0.4523097594421181,-0.17024773400299376,1.0642426359335813,4
0.5377484135405898,-0.2111686217118957,1.019128660652983,4
0.6123941142281004,-0.2469202187848717,0.9546352803239644,4
0.6727295520785951,-0.2758179080474145,0.8738014264919473,4
0.7159117180195872,-0.29650002882920856,0.7804359946915576,4
0.7399058660723694,-0.30799203848805723,0.6789383690844362,4
0.7435813906918278,-0.30975243291153226,0.5740911232412245,4
0.7267651009604597,-0.3016982622198384,0.47083466501801685,4
0.6902493813537086,-0.2842090393686052,0.3740344442728021,4
0.6357548545409188,-0.25810885747803153,0.2882516926068034,2
0.5658493055527302,-0.22462755852079547,0.21752849788641862,2
0.4838266876125046,-0.18534278310223962,0.16519734084583093,2
0.3935519108835017,-0.1421056319503022,0.13372406841580686,4
0.29927872769438146,-0.09695344194978422,0.12459170288386334,4
0.20544929550098212,-0.052013786718899634,0.13823056180441906,4
0.11648486218838733,-0.009404225226100944,0.17399798141251377,0
-0.15131878714754765,0.11886047156885908,0.5215440754273762,2
-0.1663727497015962,0.1260705747446213,0.6251343551561106,4
-0.16091145052329203,0.12345488266966735,0.7298858983281107,4
-0.13519222632327543,0.11113664689507337,0.8308628066022903,4
-0.09042696832738176,0.08969630335222305,0.9233070426367069,2
-0.028725017896982813,0.06014412218054245,1.0028626290636955,2
0.04700622574926672,0.02387260374426242,1.065780902377418,2
0.13319830234278512,-0.017409136059543,1.1090971501596216,0
0.22578983660460275,-0.06175589943383357,1.1307703084880387,4
0.3204179104666671,-0.10707806450628736,1.129779136978041,4
0.4126236440055676,-0.15124004842417038,1.106170339684422,4
0.4980622981040395,-0.1921609361330724,1.0610563644038238,4
0.5727079987915501,-0.22791253320604832,0.9965629840748051,4
0.6330434366420448,-0.25681022246859125,0.9157291302427879,4
0.6762256025830368,-0.2774923432503852,0.8223636984423983,4
0.7002197506358191,-0.28898435290923385,0.7208660728352769,4
0.7038952752552775,-0.29074474733270894,0.6160188269920653,4
0.6870789855239093,-0.28269057664101516,0.5127623687688577,4
0.6505632659171582,-0.2652013537897818,0.41596214802364273,4
0.5960687391043684,-0.23910117189920813,0.33017939635764404,2
0.5261631901161801,-0.2056198729419722,0.25945620163725946,2
0.44414057217595404,-0.1663350975234162,0.20712504459667166,4
0.3538657954469512,-0.12309794637147878,0.1756517721666475,4
0.2595926122578309,-0.0779457563709608,0.16651940663470421,4
0.16576318006443197,-0.03300610114007639,0.18015826555525985,2
-0.16336992475896345,0.12463237018038102,0.45544071355294125,2
-0.19822980552118108,0.14132852815792032,0.5529885502931493,2
-0.2132837680752297,0.1485386313336825,0.656578830021884,4
-0.20782246889692552,0.1459229392587286,0.7613303731938839,4
-0.18210324469690886,0.1336047034841346,0.8623072814680637,4
-0.1373379867010152,0.11216435994128428,0.9547515175024801,4
-0.07563603627061621,0.08261217876960363,1.0343071039294687,2
9.520737563331605e-05,0.046340660333323576,1.0972253772431912,2
0.08628728396915175,0.0050589205295181825,1.1405416250253948,2
0.17887881823096938,-0.03928784284477239,1.1622147833538117,4
0.2735068920930337,-0.08461000791722614,1.1612236118438144,4
0.36571262563193435,-0.12877199183510926,1.137614814550195,4
0.45115127973040603,-0.1696928795440112,1.092500839269597,4
0.5257969804179167,-0.20544447661698714,1.028007458940578,4
0.5861324182684113,-0.23434216587953,0.9471736051085611,4
0.6293145842094033,-0.255024286661324,0.8538081733081713,4
0.6533087322621857,-0.26651629632017265,0.75231054770105,4
0.6569842568816441,-0.26827669074364774,0.6474633018578385,4
0.6401679671502759,-0.2602225200519539,0.5442068436346307,4
0.6036522475435246,-0.2427332972007205,0.4474066228894157,4
0.549157720730735,-0.21663311531014695,0.3616238712234173,2
0.47925217174254636,-0.18315181635291092,0.29090067650303253,2
0.3972295538023204,-0.1438670409343549,0.23856951946244476,4
0.30695477707331753,-0.10062988978241748,0.20709624703242063,4
0.2126815938841977,-0.05547769978189967,0.19796388150047728,2
-0.16227219684770589,0.12410661282774614,0.38801135974428846,4
-0.21529539636404782,0.14950210174631215,0.4749202941889039,2
-0.25015527712626556,0.1661982597238515,0.5724681309291122,4
-0.2652092396803142,0.1734083628996137,0.6760584106578466,4
-0.25974794050201,0.17079267082465976,0.7808099538298466,4
-0.2340287163019934,0.15847443505006578,0.8817868621040262,4
-0.18926345830609975,0.1370340915072155,0.9742310981384429,4
-0.12756150787570075,0.10748191033553485,1.0537866845654313,4
-0.051830264229451195,0.07121039189925482,1.116704957879154,2
0.0343618123640672,0.0299286520954494,1.1600212056613577,2
0.12695334662588473,-0.014418111278841116,1.1816943639897746,0
0.22158142048794924,-0.05974027635129496,1.180703192479777,4
0.3137871540268497,-0.10390226026917801,1.1570943951861579,4
0.3992258081253216,-0.14482314797808,1.1119804199055596,4
0.47387150881283213,-0.18057474505105592,1.047487039576541,4
0.5342069466633268,-0.20947243431359883,0.9666531857445237,4
0.5773891126043188,-0.2301545550953928,0.8732877539441343,4
0.601383260657101,-0.24164656475424148,0.771790128337013,4
0.6050587852765595,-0.24340695917771654,0.6669428824938013,4
0.5882424955451914,-0.2353527884860227,0.5636864242705935,4
0.5517267759384403,-0.21786356563478945,0.46688620352537885,2
0.49723224912565056,-0.19176338374421578,0.3811034518593801,2
0.4273267001374619,-0.15828208478697975,0.3103802571389953,4
0.3453040821972359,-0.11899730936842373,0.25804910009840754,4
0.25502930546823344,-0.07576015821648648,0.22657582766838352,2
-0.14807732841191878,0.11730797322565216,0.3224332887749087,3
-0.21676539067298728,0.15020615628326106,0.3946081672645114,1
-0.2697885901893293,0.1756016452018271,0.481517101709127,1
-0.30464847095154696,0.1922978031793664,0.5790649384493352,4
-0.3197024335055956,0.19950790635512858,0.6826552181780697,4
-0.3142411343272914,0.19689221428017467,0.7874067613500696,2
-0.2885219101272748,0.1845739785055807,0.8883836696242493,2
-0.2437566521313811,0.16313363496273037,0.9808279056586658,4
-0.1820547017009821,0.13358145379104971,1.0603834920856545,4
-0.10632345805473256,0.09730993535476966,1.1233017653993769,2
-0.02013138146121421,0.056028195550964305,1.1666180131815804,2
0.07246015280060351,0.011681432176673693,1.1882911715099975,2
0.16708822666266782,-0.03364073289578006,1.1873,2
0.2592939602015685,-0.0778027168136632,1.1636912027063808,2
0.3447326143000402,-0.11872360452256511,1.1185772274257828,2
0.4193783149875508,-0.15447520159554107,1.054083847096764,3
0.4797137528380454,-0.18337289085808392,0.9732499932647467,3
0.5228959187790374,-0.20405501163987788,0.8798845614643572,4
0.5468900668318197,-0.21554702129872658,0.7783869358572357,4
0.5505655914512781,-0.21730741572220164,0.673539690014024,3
0.53374930171991,-0.20925324503050782,0.5702832317908166,4
0.4972335821131589,-0.19176402217927452,0.47348301104560164,1
0.44273905530036906,-0.16566384028870082,0.3877002593796029,2
0.3728335063121803,-0.13218254133146476,0.3169770646592181,2
0.2908108883719547,-0.0928977659129089,0.26464590761863055,2
-0.12145418241478634,0.10455680363734464,0.2617965428714626,4
-0.20257052223720018,0.14340751668116708,0.3158364812546855,2
-0.2712585844982688,0.17630569973877602,0.3880113597442884,2
-0.3242817840146107,0.20170118865734202,0.4749202941889038,2
-0.35914166477682846,0.21839734663488136,0.5724681309291121,4
-0.3741956273308771,0.22560744981064357,0.6760584106578464,4
-0.3687343281525729,0.22299175773568963,0.7808099538298465,4
-0.3430151039525563,0.21067352196109565,0.8817868621040261,4
-0.29824984595666265,0.18923317841824536,0.9742310981384428,4
-0.23654789552626365,0.15968099724656473,1.0537866845654313,4
-0.1608166518800142,0.12340947881028468,1.116704957879154,4
-0.07462457528649571,0.08212773900647925,1.1600212056613575,2
0.0179669589753218,0.03778097563218874,1.1816943639897743,2
0.11259503283738631,-0.007541189440265108,1.180703192479777,0
0.2048007663762868,-0.051703173358148155,1.1570943951861579,4
0.2902394204747587,-0.09262406106705016,1.1119804199055596,4
0.36488512116226923,-0.12837565814002608,1.047487039576541,4
0.4252205590127638,-0.1572733474025689,0.966653185744524,4
0.4684027249537559,-0.17795546818436292,0.8732877539441343,4
0.4923968730065382,-0.18944747784321161,0.7717901283370128,4
0.49607239762599664,-0.1912078722666867,0.6669428824938014,4
0.47925610789462847,-0.18315370157499286,0.5636864242705937,4
0.4427403882878774,-0.16566447872375956,0.46688620352537863,2
0.38824586147508755,-0.13956429683318586,0.3811034518593799,4
0.3183403124868992,-0.10608299787594998,0.3103802571389953,2
-0.0836572429257792,0.08645393985876494,0.20895832875807696,2
-0.1733796540198707,0.1294265352032758,0.24231696223549987,4
-0.25449599384228466,0.16827724824709825,0.29635690061872294,2
-0.32318405610335316,0.20117543130470714,0.3685317791083257,2
-0.3762072556196952,0.2265709202232732,0.45544071355294125,4
-0.41106713638191283,0.2432670782008125,0.5529885502931493,4
-0.4261210989359615,0.2504771813765747,0.6565788300218839,4
-0.4206597997576572,0.24786148930162077,0.7613303731938839,4
-0.3949405755576406,0.23554325352702676,0.8623072814680635,4
-0.35017531756174697,0.21410290998417644,0.9547515175024801,4
-0.288473367131348,0.18455072881249585,1.0343071039294687,4
-0.21274212348509847,0.14827921037621575,1.0972253772431912,4
-0.1265500468915801,0.1069974705724104,1.1405416250253948,4
-0.03395851262976238,0.06265070719811977,1.1622147833538117,2
0.06066956123230195,0.01732854212566602,1.1612236118438144,2
0.1528752947712026,-0.026833441792217118,1.137614814550195,4
0.2383139488696743,-0.06775432950111902,1.092500839269597,4
0.31295964955718486,-0.10350592657409495,1.0280074589405783,4
0.3732950874076795,-0.13240361583663784,0.9471736051085611,4
0.41647725334867164,-0.1530857366184318,0.8538081733081713,4
0.4404714014014538,-0.1645777462772805,0.7523105477010502,4
0.44414692602091227,-0.16633814070075556,0.6474633018578385,4
0.4273306362895441,-0.15828397000906172,0.5442068436346307,2
0.39081491668279295,-0.14079474715782836,0.4474066228894157,2
0.3363203898700033,-0.11469456526725481,0.3616238712234173,2
-0.036467503763914944,0.06385238980357089,0.16640838592202534,2
-0.1305682612994125,0.1089219964478261,0.1775138538923037,4
-0.2202906723935042,0.15189459179233705,0.21087248736972666,2
-0.30140701221591804,0.19074530483615945,0.2649124257529496,2
-0.37009507447698664,0.2236434878937684,0.3370873042425525,2
-0.4231182739933286,0.2490389768123344,0.4239962386871679,4
-0.4579781547555464,0.26573513478987376,0.521544075427376,4
-0.47303211730959493,0.27294523796563597,0.6251343551561106,4
-0.46757081813129076,0.27032954589068203,0.7298858983281106,4
-0.44185159393127416,0.258011310116088,0.8308628066022903,4
-0.39708633593538056,0.23657096657323776,0.9233070426367068,4
-0.3353843855049815,0.2070187854015571,1.0028626290636953,4
-0.25965314185873206,0.1707472669652771,1.0657809023774178,4
-0.1734610652652136,0.12946552716147164,1.1090971501596216,4
-0.08086953100339606,0.08511876378718113,1.1307703084880385,2
0.013758542858668427,0.03979659871472727,1.129779136978041,2
0.10596427639756892,-0.004365385203155768,1.106170339684422,0
0.19140293049604062,-0.04528627291205771,1.0610563644038238,4
0.2660486311835514,-0.08103786998503369,0.9965629840748051,4
0.32638406903404604,-0.1099355592475766,0.9157291302427878,4
0.36956623497503804,-0.1306176800293705,0.8223636984423985,4
0.39356038302782026,-0.14210968968821924,0.720866072835277,4
0.3972359076472788,-0.1438700841116943,0.6160188269920652,4
0.3804196179159106,-0.13581591342000046,0.5127623687688575,2
0.3439038983091596,-0.11832669056876723,0.41596214802364284,2
0.017891452026660815,0.03781713972442546,0.1361516699553501,2
-0.07615361920046526,0.08286007538239422,0.12448068217118458,2
-0.170254376735963,0.12792968202664953,0.13558615014146302,4
-0.2599767878300545,0.17090227737116037,0.16894478361888587,2
-0.34109312765246846,0.20975299041498285,0.22298472200210898,2
-0.40978118991353696,0.24265117347259174,0.29515960049171175,2
-0.462804389429879,0.26804666239115776,0.3820685349363273,4
-0.4976642701920967,0.2847428203686971,0.47961637167653537,4
-0.5127182327461453,0.2919529235444593,0.58320665140527,4
-0.5072569335678411,0.28933723146950535,0.6879581945772699,4
-0.4815377093678245,0.27701899569491134,0.7889351028514495,4
-0.43677245137193077,0.25557865215206105,0.8813793388858662,4
-0.3750705009415318,0.22602647098038042,0.9609349253128546,4
-0.29933925729528227,0.18975495254410035,1.0238531986265773,4
-0.21314718070176392,0.14847321274029499,1.0671694464087809,4
-0.1205556464399462,0.10412644936600436,1.0888426047371977,4
-0.02592757257788189,0.0588042842935506,1.0878514332272005,2
0.0662781609610186,0.014642300375667565,1.064242635933581,2
0.15171681505949047,-0.026278587333234446,1.019128660652983,4
0.2263625157470011,-0.062030184406210415,0.9546352803239643,4
0.2866979535974956,-0.09092787366875321,0.8738014264919473,4
0.3298801195384877,-0.11160999445054723,0.7804359946915576,4
0.35387426759127005,-0.12310200410939592,0.678938369084436,4
0.35754979221072847,-0.12486239853287098,0.5740911232412244,2
0.3407335024793603,-0.11680822784117717,0.47083466501801696,2
0.07685822752915727,0.009574972003564221,0.11961387893966718,2
-0.012699748581661563,0.0524688111275222,0.0857163729723649,2
-0.10674481980878783,0.09751174678549106,0.07404538518819931,4
-0.20084557734428543,0.1425813534297463,0.08515085315847776,4
-0.29056798843837717,0.1855539487742572,0.11850948663590077,2
-0.3716843282607909,0.22440466181807958,0.17254942501912374,2
-0.4403723905218594,0.25730284487568844,0.24472430350872648,4
-0.49339559003820144,0.2826983337942545,0.3316332379533421,4
-0.5282554708004191,0.29939449177179384,0.42918107469355027,4
-0.5433094333544677,0.306604594947556,0.5327713544222847,4
-0.5378481341761635,0.30398890287260205,0.6375228975942847,4
-0.5121289099761468,0.2916706670980081,0.7384998058684644,4
-0.4673636519802532,0.27023032355515775,0.8309440419028808,4
-0.40566170154985415,0.24067814238347712,0.9104996283298696,4
-0.32993045790360465,0.20440662394719708,0.973417901643592,4
-0.24373838131008613,0.16312488414339163,1.0167341494257958,4
-0.15114684704826858,0.11877812076910109,1.0384073077542126,4
-0.05651877318620427,0.07345595569664735,1.0374161362442151,2
0.03568696035269639,0.029293971778764208,1.013807338950596,2
0.12112561445116823,-0.011626915930137772,0.9686933636699976,0
0.19577131513867865,-0.04737851300311362,0.9041999833409791,4
0.2561067529891733,-0.07627620226565653,0.8233661295089618,4
0.2992889189301654,-0.09695832304745049,0.7300006977085721,4
0.3232830669829476,-0.10845033270629918,0.6285030721014506,2
0.32695859160240603,-0.11021072712977424,0.5236558262582393,1
0.13765430511444468,-0.019543340898953016,0.11757427447597735,0
0.05680340076496024,0.019180241687393018,0.06304750262755199,2
-0.03275457534585874,0.06207408081135109,0.029149996660249533,2
-0.12679964657298481,0.10711701646931986,0.017479008876084,4
-0.22090040410848255,0.15218662311357517,0.02858447684636245,2
-0.31062281520257407,0.195159218458086,0.0619431103237853,2
-0.3917391550249879,0.2340099315019084,0.11598304870700826,2
-0.4604272172860565,0.26690811455951735,0.18815792719661115,4
-0.5134504168023986,0.29230360347808343,0.27506686164122673,4
-0.5483102975646162,0.3089997614556227,0.3726146983814348,4
-0.5633642601186648,0.3162098646313849,0.47620497811016926,4
-0.5579029609403606,0.31359417255643096,0.5809565212821693,4
-0.532183736740344,0.301275936781837,0.681933429556349,4
-0.4874184787444503,0.27983559323898666,0.7743776655907656,4
-0.4257165283140514,0.2502834120673061,0.853933252017754,4
-0.3499852846678018,0.21401189363102596,0.9168515253314767,4
-0.26379320807428347,0.17273015382722062,0.9601677731136803,4
-0.17120167381246593,0.1283833904529301,0.9818409314420972,4
-0.07657359995040144,0.08306122538047624,0.9808497599320998,2
0.015632133588499214,0.038899241462593104,0.9572409626384806,2
0.10107078768697075,-0.0020216462463087375,0.9121269873578824,0
0.17571648837448148,-0.03777324331928472,0.8476336070288638,4
0.23605192622497614,-0.06667093258182763,0.7667997531968465,4
0.2792340921659683,-0.08735305336362159,0.6734343213964568,4
0.3032282402187504,-0.09884506302247029,0.5719366957893357,1
0.19741497034098943,-0.04816574251504381,0.13012896283616904,4
0.12908083670876452,-0.015437073757849596,0.05754222952507165,0
0.048229932359280026,0.02328650882849649,0.003015457676646127,2
-0.04132804375153876,0.06618034795245446,-0.030882048290656217,2
-0.135373114978665,0.11122328361042333,-0.04255303607482186,4
-0.22947387251416262,0.15629289025467857,-0.031447568104543466,2
-0.31919628360825414,0.19926548559918938,0.0019110653728793836,2
-0.4003126234306681,0.2381161986430119,0.0559510037561024,2
-0.4690006856917367,0.27101438170062087,0.1281258822457053,4
-0.5220238852080786,0.29640987061918683,0.2150348166903207,4
-0.5568837659702964,0.31310602859672615,0.3125826534305287,4
-0.5719377285243451,0.3203161317724884,0.4161729331592634,4
-0.5664764293460408,0.3177004396975345,0.5209244763312633,4
-0.5407572051460242,0.30538220392294047,0.6219013846054431,4
-0.49599194715013073,0.28394186038009017,0.7143456206398596,4
-0.4342899967197317,0.25438967920840955,0.7939012070668483,4
-0.3585587530734822,0.21811816077212953,0.8568194803805708,4
-0.2723666764799639,0.17683642096832417,0.9001357281627744,4
-0.17977514221814617,0.13248965759403358,0.9218088864911913,4
-0.08514706835608166,0.08716749252157972,0.9208177149811939,2
0.007058665182818669,0.04300550860369676,0.8972089176875748,2
0.09249731928129054,0.0020846208947947354,0.8520949424069766,0
0.16714301996880127,-0.03366697617818125,0.787601562077958,4
0.22747845781929593,-0.06256466544072416,0.7067677082459407,4
0.27066062376028793,-0.08324678622251806,0.6134022764455513,1
0.25332429745322,-0.07494354374308045,0.15668636643032358,4
0.20072684258563311,-0.04975196544492631,0.06945996242923363,4
0.132392708953408,-0.01702329668773199,-0.0031267708818639717,0
0.051541804603923574,0.021700285898614086,-0.05765354273028939,2
-0.0380161715068954,0.06459412502257214,-0.09155104869759179,2
-0.13206124273402153,0.10963706068054092,-0.10322203648175732,4
-0.2261620002695191,0.15470666732479615,-0.09211656851147887,2
-0.31588441136361084,0.19767926266930708,-0.0587579350340558,2
-0.39700075118602474,0.23652997571312953,-0.004717996650832779,4
-0.46568881344709323,0.2694281587707384,0.06745688183876997,4
-0.5187120129634352,0.29482364768930436,0.15436581628338547,4
-0.5535718937256527,0.3115198056668437,0.2519136530235938,4
-0.5686258562797014,0.3187299088426059,0.35550393275232817,4
-0.5631645571013971,0.31611421676765195,0.4602554759243283,4
-0.5374453329013805,0.30379598099305793,0.5612323841985078,4
-0.4926800749054868,0.2823556374502076,0.6536766202329245,4
-0.43097812447508776,0.25280345627852696,0.7332322066599131,4
-0.3552468808288384,0.21653193784224695,0.7961504799736354,4
-0.2690548042353198,0.1752501980384415,0.8394667277558391,4
-0.1764632699735021,0.1309034346641509,0.8611398860842561,4
-0.08183519611143797,0.08558126959169722,0.8601487145742586,2
0.01037053742746269,0.041419285673814074,0.8365399172806394,2
0.09580919152593453,0.000498397964912094,0.791425942000041,0
0.17045489221344517,-0.03525319910806386,0.7269325616710223,4
0.23079033006393962,-0.06415088837060666,0.6460987078390052,1
0.3027478359543898,-0.0986149731508049,0.1959950989745305,4
0.26836545475011986,-0.08214751383428744,0.0982391371254216,4
0.21576799988253298,-0.056955935536133304,0.011012733124331653,4
0.14743386625030802,-0.024227266778939036,-0.06157400018676584,4
0.06658296190082344,0.014496315807407097,-0.11610077203519142,2
-0.022975014209995398,0.05739015493136508,-0.14999827800249366,2
-0.11702008543712147,0.10243309058933384,-0.1616692657866593,2
-0.21112084297261924,0.14750269723358916,-0.15056379781638085,2
-0.300843254066711,0.19047529257810009,-0.11720516433895778,2
-0.3819595938891247,0.22932600562192246,-0.06316522595573482,4
-0.4506476561501932,0.26222418867953134,0.009009652533867929,4
-0.5036708556665352,0.28761967759809737,0.09591858697848349,4
-0.5385307364287529,0.3043158355756367,0.1934664237186916,4
-0.5535846989828015,0.3115259387513989,0.29705670344742624,4
-0.5481233998044973,0.30891024667644496,0.4018082466194261,4
-0.5224041756044807,0.29659201090185094,0.5027851548936059,4
-0.477638917608587,0.27515166735900065,0.5952293909280224,4
-0.41593696717818807,0.24559948618732008,0.6747849773550109,4
-0.34020572353193845,0.20932796775103996,0.7377032506687335,4
-0.25401364693842,0.1680462279472345,0.7810194984509371,4
-0.1614221126766026,0.12369946457294408,0.802692656779354,4
-0.0667940388145381,0.07837729950049023,0.8017014852693565,2
0.025411694724362555,0.034215315582607084,0.7780926879757373,2
0.1108503488228344,-0.006705572126294896,0.732978712695139,0
0.18549604951034482,-0.04245716919927074,0.6684853323661206,2
0.3433567460554947,-0.11806463171299349,0.2462029308798035,4
0.3288095381637671,-0.11109723894567126,0.14252367735605387,4
0.29442715695949706,-0.09462977962915374,0.04476771550694458,4
0.2418297020919102,-0.06943820133099961,-0.04245868849414541,4
0.17349556845968525,-0.03670953257380534,-0.11504542180524291,4
0.09264466411020081,0.0020140500125406958,-0.16957219365366827,0
0.00308668799938204,0.044907889136498666,-0.2034696996209706,2
-0.09095838322774424,0.08995082479446753,-0.21514068740513625,1
-0.18505914076324204,0.13502043143872286,-0.2040352194348578,2
-0.27478155185733355,0.1779930267832337,-0.17067658595743496,2
-0.3558978916797474,0.2168437398270561,-0.116636647574212,4
-0.424585953940816,0.249741922884665,-0.04446176908460914,4
-0.47760915345715793,0.27513741180323104,0.042447165360006256,4
-0.5124690342193756,0.29183356978077035,0.13999500210021454,4
-0.5275229967734243,0.29904367295653256,0.24358528182894895,4
-0.5220616975951201,0.2964279808815786,0.3483368250009491,4
-0.4963424733951035,0.28410974510698467,0.44931373327512864,4
-0.4515772153992099,0.26266940156413443,0.5417579693095451,4
-0.38987526496881086,0.23311722039245375,0.6213135557365338,4
-0.31414402132256125,0.19684570195617365,0.6842318290502565,4
-0.22795194472904312,0.15556396215236837,0.7275480768324599,4
-0.13536041046722536,0.11121719877807777,0.7492212351608769,4
-0.040732336605160874,0.06589503370562393,0.7482300636508794,2
0.051473396933739785,0.02173304978774078,0.7246212663572602,2
0.13691205103221132,-0.019187837921161063,0.6795072910766622,0
0.3732375337312274,-0.13237605047344037,0.3049440664098083,4
0.37921096436931623,-0.1352370281767691,0.20022689320667836,4
0.36466375647758864,-0.12826963540944689,0.09654763968292873,4
0.33028137527331874,-0.11180217609292949,-0.0012083221661802201,4
0.2776839204057317,-0.08661059779477524,-0.08843472616727055,4
0.2093497867735068,-0.05388192903758103,-0.16102145947836788,4
0.12849888242402252,-0.015158346451235023,-0.21554823132679335,0
0.03894090631320353,0.02773549267272303,-0.2494457372940958,2
-0.055104164913922754,0.0727784283306919,-0.26111672507826145,1
-0.1492049224494203,0.1178480349749471,-0.2500112571079831,2
-0.23892733354351187,0.16082063031945798,-0.21665262363056015,2
-0.3200436733659259,0.19967134336328046,-0.16261268524733719,4
-0.38873173562699426,0.23256952642088932,-0.0904378067577345,4
-0.4417549351433364,0.2579650153394554,-0.003528872313118825,4
-0.4766148159055541,0.2746611733169947,0.09401896442708918,4
-0.4916687784596028,0.28187127649275695,0.19760924415582382,4
-0.4862074792812986,0.279255584417803,0.3023607873278237,4
-0.4604882550812821,0.26693734864320906,0.4033376956020033,4
-0.4157229970853884,0.24549700510035877,0.49578193163642004,4
-0.35402104665498935,0.21594482392867811,0.5753375180634086,4
-0.27828980300874007,0.17967330549239818,0.6382557913771311,4
-0.1920977264152216,0.13839156568859273,0.6815720391593347,4
-0.0995061921534039,0.09404480231430214,0.7032451974877517,4
-0.004878118291339384,0.048722637241848284,0.7022540259777543,2
0.08732761524756094,0.004560653323965326,0.6786452286841352,1
0.3909822146612346,-0.1408748746114028,0.3694506201030392,4
0.41719481545660486,-0.15342941336232174,0.26862980604683573,4
0.4231682460946936,-0.15629039106565046,0.16391263284370622,4
0.4086210382029659,-0.14932299829832818,0.06023337931995615,4
0.37423865699869596,-0.1328555389818107,-0.03752258252915275,4
0.32164120213110914,-0.10766396068365659,-0.12474898653024269,4
0.2533070684988842,-0.07493529192646232,-0.19733571984134013,4
0.17245616414939957,-0.0362117093401162,-0.2518624916897657,4
0.0828981880385806,0.006682129783841856,-0.28575999765706805,1
-0.011146883188545537,0.05172506544181063,-0.2974309854412336,1
-0.1052476407240431,0.09679467208606585,-0.28632551747095514,2
-0.19497005181813487,0.1397672674305768,-0.2529668839935322,2
-0.2760863916405486,0.17861798047439917,-0.1989269456103091,4
-0.3447744539016172,0.2115161635320081,-0.1267520671207063,4
-0.39779765341795914,0.2369116524505741,-0.03984313267609085,4
-0.4326575341801767,0.2536078104281134,0.057704704064117485,4
-0.4477114967342254,0.2608179136038756,0.1612949837928519,4
-0.4422501975559212,0.25820222152892164,0.26604652696485176,4
-0.4165309733559045,0.24588398575432768,0.3670234352390315,4
-0.3717657153600108,0.2244436422114773,0.45946767127344823,4
-0.31006376492961196,0.19489146103979677,0.5390232577004366,4
-0.23433252128336235,0.15861994260351667,0.6019415310141591,4
-0.14814044468984383,0.1173382027997112,0.6452577787963627,4
-0.055548910428026066,0.07299143942542059,0.6669309371247797,2
0.03907916343403803,0.027669274352966927,0.6659397656147822,1
0.3117785006189417,-0.05381180801293702,0.6659397656147822,2
0.41147532545790766,-0.07645515666190279,0.6423309683211631,2
0.5038552914883143,-0.0974366852350028,0.5972169930405649,2
0.5845654497485373,-0.11576774297883126,0.5327236127115462,2
0.6498027332459385,-0.1305845694678302,0.4518897588795289,2
0.6964931576778419,-0.141188995041939,0.3585243270791394,2
0.7224366677369992,-0.14708133859847972,0.257026701472018,2
0.7264108038358446,-0.1479839525925557,0.15217945562880641,2
0.7082283044679261,-0.1438543058042815,0.04892299740559869,2
0.668745929980149,-0.134886987412148,-0.04787722333961619,2
0.609824091979208,-0.12150453794048009,-0.13365997500561477,2
0.5342391906367453,-0.10433753912723266,-0.20438316972599957,2
0.44555279056412744,-0.08419490087862648,-0.25671432676658723,1
0.3479437996966439,-0.062025745390915266,-0.2881875991966114,1
0.2460115589271235,-0.03887468446151573,-0.2973199647285548,2
0.14455912091600548,-0.015832597325000662,-0.2836811058079991,0
0.04836692999198097,0.0060147716350312935,-0.24791368619990428,2
-0.03803243264156217,0.025637973219632883,-0.1917030686374822,2
-0.11056782437631393,0.04211236111606018,-0.11769790043967676,2
-0.16582137365743022,0.05466166128169726,-0.029385309107221147,2
-0.2011895302747918,0.06269455001864264,0.06907341131251044,2
-0.21500574478875734,0.06583251717811779,0.17303888062454437,2
-0.2066189964292784,0.06392770157900958,0.2776122403303007,2
-0.17642446922955535,0.0570698582346668,0.3778659881031942,2
-0.1258449309331647,0.04558212909185002,0.46907616196294777,1
0.2569910498367009,-0.04136836910047268,0.7032451974877518,4
0.3593070137425118,-0.06460658202065761,0.7022540259777544,2
0.459003838581478,-0.08724993066962343,0.6786452286841352,2
0.5513838046118844,-0.10823145924272341,0.6335312534035371,2
0.6320939628721076,-0.1265625169865519,0.5690378730745184,2
0.6973312463695086,-0.14137934347555076,0.4882040192425011,2
0.744021670801412,-0.1519837690496596,0.3948385874421116,2
0.7699651808605693,-0.15787611260620033,0.29334096183499014,2
0.7739393169594146,-0.1587787266002763,0.1884937159917785,2
0.7557568175914962,-0.15464907981200204,0.08523725776857083,2
0.7162744431037191,-0.1456817614198686,-0.011562962976643942,2
0.6573526051027779,-0.13229931194820066,-0.09734571464264274,2
0.5817677037603154,-0.11513231313495327,-0.16806890936302732,2
0.49308130368769737,-0.09498967488634703,-0.2204000664036151,1
0.395472312820214,-0.07282051939863586,-0.25187333883363927,1
0.29354007205069343,-0.049669458469236275,-0.26100570436558257,1
0.19208763403957557,-0.026627371332721257,-0.24736684544502685,4
0.09589544311555107,-0.0047800023726893015,-0.21159942583693214,0
0.009496080482007757,0.014843199211912315,-0.15538880827450985,2
-0.0630393112527439,0.031317587108339616,-0.0813836400767044,2
-0.1182928605338601,0.04386688727397666,0.0069289512557511035,2
-0.1536610171512217,0.05189977601092204,0.10538767167548269,2
-0.16747723166518724,0.05503774317039721,0.20935314098751703,2
-0.1590904833057083,0.05313292757128897,0.3139265006932729,2
-0.1288959561059854,0.04627508422694624,0.414180248466166,1
0.1956442112747146,-0.027435148495758364,0.72754807683246,4
0.2957581805321367,-0.050173239846102335,0.7492212351608769,2
0.3980741444379478,-0.07341145276628733,0.7482300636508795,2
0.4977709692769138,-0.09605480141525309,0.7246212663572604,2
0.5901509353073204,-0.1170363299883531,0.6795072910766622,2
0.6708610935675434,-0.13536738773218154,0.6150139107476436,2
0.7360983770649445,-0.15018421422118045,0.5341800569156264,2
0.7827888014968479,-0.1607886397952893,0.4408146251152368,2
0.8087323115560053,-0.16668098335183001,0.33931699950811534,2
0.8127064476548507,-0.167583597345906,0.23446975366490375,2
0.7945239482869322,-0.1634539505576318,0.13121329544169613,2
0.755041573799155,-0.1544866321654983,0.03441307469648114,2
0.6961197357982141,-0.1411041826938304,-0.05136967696951744,2
0.6205348344557514,-0.12393718388058296,-0.12209287168990224,2
0.5318484343831336,-0.10379454563197678,-0.1744240287304899,1
0.43423944351565,-0.08162539014426556,-0.20589730116051408,1
0.33230720274612957,-0.058474329214866026,-0.2150296666924575,1
0.2308547647350118,-0.03543224207835101,-0.20139080777190177,4
0.13466257381098706,-0.013584873118319005,-0.16562338816380695,0
0.048263211177443754,0.006038328466282612,-0.10941277060138477,2
-0.024272180557307732,0.022512716362709843,-0.03540760240357954,2
-0.0795257298384241,0.03506201652834696,0.052904988928876184,2
-0.11489388645578569,0.04309490526529234,0.15136370934860782,2
-0.12871010096975127,0.0462328724247675,0.2553291786606422,2
-0.12032335261027233,0.044328056825659275,0.359902538366398,1
0.13062865126132314,-0.012668680302123474,0.7377032506687335,0
0.22382325026123695,-0.03383522999680171,0.7810194984509371,4
0.3239372195186593,-0.05657332134714573,0.802692656779354,2
0.42625318342447016,-0.07981153426733067,0.8017014852693565,2
0.5259500082634363,-0.1024548829162965,0.7780926879757373,2
0.6183299742938427,-0.12343641148939645,0.7329787126951393,2
0.6990401325540659,-0.14176746923322492,0.6684853323661205,2
0.764277416051467,-0.15658429572222382,0.5876514785341033,2
0.8109678404833703,-0.16718872129633267,0.4942860467337137,2
0.8369113505425277,-0.1730810648528734,0.39278842112659224,2
0.840885486641373,-0.17398367884694937,0.2879411752833807,2
0.8227029872734545,-0.1698540320586751,0.18468471706017292,2
0.7832206127856775,-0.16088671366654167,0.08788449631495815,2
0.7242987747847363,-0.14750426419487372,0.0021017446489594027,2
0.6487138734422737,-0.13033726538162632,-0.06862145007142523,2
0.5600274733696557,-0.11019462713302007,-0.12095260711201306,1
0.4624184825021724,-0.08802547164530891,-0.15242587954203712,1
0.360486241732652,-0.06487441071590938,-0.16155824507398053,1
0.25903380372153395,-0.04183232357939431,-0.14791938615342481,2
0.1628416127975092,-0.019984954619362304,-0.11215196654532988,4
0.07644225016396627,-0.0003617530347607631,-0.05594134898290787,2
0.00390685842921451,0.016112634861666537,0.018063819214897636,2
-0.051346690851901744,0.02866193502730361,0.1063764105473532,2
-0.08671484746926345,0.03669482376424902,0.20483513096708522,2
-0.10053106198322892,0.03983279092372415,0.3088006002791187,1
0.06500790647672511,0.0022352387059542123,0.7332322066599128,2
0.14689180070822494,-0.01636240037446527,0.7961504799736354,0
0.24008639970813894,-0.037528950069143543,0.839466727755839,4
0.34020036896556105,-0.060267041419487515,0.8611398860842558,2
0.44251633287137215,-0.0835052543396725,0.8601487145742586,2
0.5422131577103381,-0.10614860298863828,0.8365399172806394,2
0.6345931237407446,-0.12713013156173825,0.7914259420000411,2
0.7153032820009678,-0.14546118930556673,0.7269325616710225,2
0.7805405654983689,-0.16027801579456563,0.6460987078390054,2
0.8272309899302723,-0.17088244136867448,0.5527332760386157,2
0.8531744999894296,-0.1767747849252152,0.45123565043149444,2
0.8571486360882751,-0.17767739891929119,0.3463884045882827,2
0.8389661367203566,-0.17354775213101692,0.2431319463650751,2
0.7994837622325794,-0.16458043373888348,0.14633172561986013,2
0.7405619242316385,-0.15119798426721553,0.06054897395386155,2
0.6649770228891757,-0.13403098545396813,-0.010174220766523245,1
0.5762906228165579,-0.11388834720536195,-0.06250537780711096,1
0.4786816319490746,-0.09171919171765079,-0.09397865023713503,1
0.37674939117955397,-0.0685681307882512,-0.10311101576907855,2
0.27529695316843594,-0.04552604365173614,-0.08947215684852283,2
0.17910476224441158,-0.02367867469170422,-0.05370473724042807,4
0.09270539961086827,-0.0040554731071025946,0.002505880321994114,0
0.020170007876116502,0.012418914789324706,0.07651104851979962,2
-0.03508354140499975,0.02496821495496178,0.16482363985225518,2
-0.07045169802236134,0.03300110369190716,0.26328236027198676,1
0.0018740299400472615,0.016574335064236827,0.7143456206398598,2
0.06858884590847941,0.0014219283505340422,0.7939012070668483,2
0.15047274013997944,-0.017175710729885475,0.856819480380571,4
0.24366733913989325,-0.038342260424563714,0.9001357281627745,4
0.3437813083973156,-0.06108035177490773,0.9218088864911915,2
0.44609727230312646,-0.08431856469509268,0.920817714981194,2
0.5457940971420925,-0.10696191334405845,0.8972089176875748,2
0.638174063172499,-0.12794344191715845,0.8520949424069767,2
0.7188842214327221,-0.14627449966098693,0.787601562077958,2
0.7841215049301232,-0.16109132614998584,0.7067677082459407,2
0.8308119293620266,-0.17169575172409463,0.6134022764455512,2
0.8567554394211839,-0.17758809528063535,0.5119046508384297,2
0.8607295755200294,-0.1784907092747114,0.40705740499521825,2
0.8425470761521109,-0.17436106248643712,0.3038009467720104,2
0.8030647016643337,-0.16539374409430363,0.20700072602679565,2
0.7441428636633926,-0.15201129462263568,0.1212179743607969,2
0.66855796232093,-0.13484429580938834,0.05049477964041227,1
0.5798715622483122,-0.11470165756078211,-0.0018363774001754485,1
0.4822625713808287,-0.09253250207307091,-0.03330964983019963,1
0.38033033061130805,-0.06938144114367133,-0.042442015362142926,2
0.27887789260019047,-0.04633935400715636,-0.028803156441587263,2
0.1826857016761657,-0.024491985047124354,0.0069642631665075005,4
0.0962863390426224,-0.004868783462522737,0.06317488072892974,0
0.02375094730787075,0.011605604433904564,0.13718004892673524,2
-0.03150260197324545,0.02415490459954161,0.2254926402591907,1
-0.05579810669501106,0.029672949782085067,0.6819334295563491,2
-0.007395974701723873,0.01867975765337343,0.7743776655907656,2
0.05931884126670849,0.0035273509396706038,0.8539332520177543,2
0.14120273549820828,-0.015070288140748872,0.9168515253314767,0
0.23439733449812233,-0.03623683783542715,0.9601677731136803,4
0.33451130375554444,-0.058974929185771116,0.9818409314420973,2
0.43682726766135543,-0.08221314210595608,0.9808497599320998,2
0.5365240925003215,-0.10485649075492187,0.9572409626384807,2
0.6289040585307281,-0.12583801932802186,0.9121269873578824,2
0.7096142167909512,-0.14416907707185034,0.8476336070288638,2
0.7748515002883521,-0.15898590356084918,0.7667997531968467,2
0.8215419247202557,-0.16959032913495803,0.673434321396457,2
0.847485434779413,-0.17548267269149875,0.5719366957893356,2
0.8514595708782583,-0.1763852866855748,0.4670894499461239,2
0.8332770715103398,-0.17225563989730053,0.3638329917229163,2
0.7937946970225627,-0.16328832150516703,0.2670327709777013,2
0.7348728590216217,-0.14990587203349914,0.18125001931170284,2
0.6592879576791589,-0.13273887322025174,0.11052682459131802,1
0.570601557606541,-0.11259623497164549,0.058195667550730246,1
0.47299256673905743,-0.09042707948393428,0.026722395120706177,1
0.37106032596953725,-0.06727601855453479,0.017590029588762768,2
0.26960788795841917,-0.04423393141801972,0.031228888509318486,2
0.17341569703439447,-0.022386562457987716,0.06699630811741342,4
0.08701633440085116,-0.002763360873386106,0.12320692567983571,4
0.014480942666099783,0.013711027023041125,0.1972120938776409,1
-0.10529098925229616,0.040913875430390254,0.6375228975942847,1
-0.07748225229364078,0.03459789769028368,0.7384998058684642,2
-0.02908012030035348,0.02360470556157203,0.8309440419028808,2
0.03763469566807867,0.008452298847869244,0.9104996283298694,2
0.1195185898995787,-0.010145340232550273,0.973417901643592,0
0.2127131888994925,-0.03131188992722851,1.0167341494257955,4
0.31282715815691475,-0.054049981277572504,1.0384073077542126,2
0.4151431220627257,-0.07728819419775747,1.0374161362442151,2
0.5148399469016918,-0.09993154284672326,1.013807338950596,2
0.6072199129320983,-0.12091307141982326,0.9686933636699977,2
0.6879300711923213,-0.1392441291636517,0.9041999833409791,2
0.7531673546897225,-0.1540609556526506,0.8233661295089618,2
0.7998577791216259,-0.16466538122675944,0.7300006977085723,2
0.8258012891807832,-0.17055772478330017,0.6285030721014508,2
0.8297754252796286,-0.17146033877737615,0.5236558262582393,2
0.8115929259117101,-0.1673306919891019,0.4203993680350315,2
0.772110551423933,-0.15836337359696845,0.3235991472898167,2
0.713188713422992,-0.1449809241253005,0.23781639562381812,2
0.6376038120805293,-0.1278139253120531,0.16709320090343333,1
0.5489174120079112,-0.10767128706344688,0.11476204386284555,1
0.45130842114042813,-0.08550213157573576,0.08328877143282154,2
0.3493761803709075,-0.062351070646336174,0.07415640590087808,2
0.24792374235978948,-0.03930898350982111,0.0877952648214338,4
0.15173155143576475,-0.017461614549789103,0.12356268442952872,4
0.06533218880222183,0.002161587034812437,0.17977330199195068,1
-0.14427251044715506,0.04976743898878807,0.58320665140527,1
-0.13836751770239408,0.04842628484766865,0.6879581945772699,2
-0.1105587807437387,0.04211030710756208,0.7889351028514496,2
-0.062156648750451515,0.03111711497885044,0.8813793388858662,2
0.0045581672179808574,0.015964708265147613,0.9609349253128548,2
0.08644206144948063,-0.0026329308152718625,1.0238531986265773,4
0.17963666044939458,-0.023799480509950115,1.0671694464087809,4
0.2797506297068168,-0.046537571860294114,1.0888426047371977,2
0.3820665936126278,-0.06977578478047908,1.0878514332272005,2
0.48176341845159387,-0.09241913342944487,1.0642426359335813,2
0.5741433844820003,-0.11340066200254482,1.019128660652983,2
0.6548535427422235,-0.13173171974637332,0.9546352803239644,2
0.7200908262396245,-0.14654854623537222,0.8738014264919473,2
0.766781250671528,-0.15715297180948107,0.7804359946915576,2
0.7927247607306853,-0.1630453153660218,0.6789383690844362,2
0.7966988968295307,-0.16394792936009778,0.5740911232412245,2
0.7785163974616122,-0.1598182825718235,0.47083466501801685,2
0.7390340229738351,-0.15085096417969007,0.3740344442728021,2
0.680112184972894,-0.13746851470802213,0.2882516926068034,1
0.6045272836304314,-0.12030151589477471,0.21752849788641862,1
0.5158408835578138,-0.10015887764616857,0.16519734084583093,1
0.41823189269033023,-0.07798972215845736,0.13372406841580686,2
0.31629965192080955,-0.05483866122905778,0.12459170288386334,2
0.21484721390969155,-0.03179657409254271,0.13823056180441906,4
0.11865502298566721,-0.00994920513251079,0.17399798141251377,0
-0.17090585890695942,0.05581646006682986,0.5215440754273762,1
-0.18718285395141782,0.05951332477986844,0.6251343551561106,2
-0.18127786120665684,0.05817217063874901,0.7298858983281107,2
-0.15346912424800147,0.051856192898642434,0.8308628066022903,2
-0.10506699225471416,0.04086300076993078,0.9233070426367069,2
-0.038352176286282014,0.025710594056227998,1.0028626290636955,2
0.043531717945217874,0.007112954975808494,1.065780902377418,2
0.13672631694513182,-0.014053594718869758,1.1090971501596216,0
0.23684028620255404,-0.03679168606921375,1.1307703084880387,4
0.33915625010836503,-0.060029898989398714,1.129779136978041,2
0.43885307494733095,-0.08267324763836449,1.106170339684422,2
0.5312330409777376,-0.1036547762114645,1.0610563644038238,2
0.6119431992379607,-0.12198583395529296,0.9965629840748051,2
0.6771804827353619,-0.13680266044429185,0.9157291302427879,2
0.7238709071672652,-0.1474070860184007,0.8223636984423983,2
0.7498144172264226,-0.15329942957494141,0.7208660728352769,2
0.7537885533252678,-0.1542020435690174,0.6160188269920653,2
0.7356060539573493,-0.15007239678074313,0.5127623687688577,2
0.6961236794695723,-0.1411050783886097,0.41596214802364273,2
0.6372018414686311,-0.12772262891694175,0.33017939635764404,1
0.5616169401261688,-0.1105556301036944,0.25945620163725946,1
0.47293054005355073,-0.09041299185508817,0.20712504459667166,2
0.37532154918606725,-0.06824383636737696,0.1756517721666475,2
0.27338930841654663,-0.04509277543797737,0.16651940663470421,2
0.17193687040542902,-0.022050688301462402,0.18015826555525985,2
-0.18393606982164962,0.05877590846638986,0.45544071355294125,1
-0.2216280797744994,0.06733659556972765,0.5529885502931493,1
-0.23790507481895778,0.07103346028276622,0.656578830021884,2
-0.2320000820741968,0.0696923061416468,0.7613303731938839,2
-0.20419134511554132,0.06337632840154021,0.8623072814680637,2
-0.15578921312225413,0.052383136272828576,0.9547515175024801,2
-0.08907439715382187,0.037230729559125764,1.0343071039294687,2
-0.007190502922321956,0.01863309047870627,1.0972253772431912,2
0.08600409607759196,-0.0025334592159719956,1.1405416250253948,4
0.18611806533501415,-0.025271550566315987,1.1622147833538117,4
0.28843402924082506,-0.04850976348650093,1.1612236118438144,2
0.3881308540797912,-0.07115311213546674,1.137614814550195,2
0.48051082011019763,-0.09213464070856671,1.092500839269597,2
0.5612209783704208,-0.11046569845239519,1.028007458940578,2
0.6264582618678219,-0.12528252494139408,0.9471736051085611,2
0.6731486862997252,-0.13588695051550292,0.8538081733081713,2
0.6990921963588826,-0.14177929407204365,0.75231054770105,2
0.7030663324577279,-0.14268190806611963,0.6474633018578385,2
0.6848838330898094,-0.13855226127784537,0.5442068436346307,2
0.6454014586020324,-0.12958494288571187,0.4474066228894157,2
0.5864796206010914,-0.11620249341404398,0.3616238712234173,1
0.5108947192586286,-0.09903549460079657,0.29090067650303253,1
0.42220831918601065,-0.07889285635219033,0.23856951946244476,2
0.32459932831852706,-0.056723700864479115,0.20709624703242063,2
0.22266708754900685,-0.033572639935079626,0.19796388150047728,2
-0.1827491589529961,0.05850633481991134,0.38801135974428846,2
-0.24008013428059966,0.07152746427739434,0.4749202941889039,1
-0.2777721442334495,0.08008815138073216,0.5724681309291122,2
-0.2940491392779079,0.08378501609377074,0.6760584106578466,2
-0.2881441465331469,0.08244386195265131,0.7808099538298466,2
-0.2603354095744915,0.07612788421254474,0.8817868621040262,2
-0.21193327758120434,0.0651346920838331,0.9742310981384429,2
-0.14521846161277208,0.049982285370130296,1.0537866845654313,2
-0.06333456738127219,0.03138464628971079,1.116704957879154,2
0.029860031618641758,0.01021809659503254,1.1600212056613577,2
0.12997400087606387,-0.01251999475531143,1.1816943639897746,0
0.23228996478187494,-0.035758207675496416,1.180703192479777,4
0.33198678962084094,-0.05840155632446219,1.1570943951861579,2
0.42436675565124754,-0.0793830848975622,1.1119804199055596,2
0.5050769139114706,-0.09771414264139065,1.047487039576541,2
0.5703141974088718,-0.11253096913038957,0.9666531857445237,2
0.6170046218407752,-0.12313539470449837,0.8732877539441343,2
0.6429481318999325,-0.12902773826103908,0.771790128337013,2
0.6469222679987778,-0.12993035225511512,0.6669428824938013,2
0.6287397686308593,-0.12580070546684086,0.5636864242705935,2
0.5892573941430823,-0.1168333870747074,0.46688620352537885,1
0.5303355561421412,-0.10345093760303947,0.3811034518593801,1
0.4547506547996785,-0.08628393878979206,0.3103802571389953,2
0.3660642547270605,-0.06614130054118583,0.25804910009840754,2
0.2684552638595774,-0.04397214505347471,0.22657582766838352,1
-0.16740105360488583,0.05502044145209682,0.3224332887749087,1
-0.2416695556702227,0.07188845694424696,0.3946081672645114,0
-0.2990005309978263,0.08490958640172999,0.481517101709127,1
-0.3366925409506761,0.09347027350506779,0.5790649384493352,2
-0.3529695359951345,0.09716713821810635,0.6826552181780697,2
-0.3470645432503735,0.09582598407698693,0.7874067613500696,2
-0.3192558062917181,0.08951000633688036,0.8883836696242493,2
-0.2708536742984308,0.07851681420816871,0.9808279056586658,2
-0.20413885832999856,0.0633644074944659,1.0603834920856545,1
-0.12225496409849865,0.04476676841404641,1.1233017653993769,2
-0.02906036509858484,0.02360021871936817,1.1666180131815804,2
0.07105360415883746,0.0008621273690241488,1.1882911715099975,2
0.17336956806464834,-0.022376085551160788,1.1873,2
0.2730663929036145,-0.04501943420012661,1.1636912027063808,1
0.36544635893402094,-0.06600096277322658,1.1185772274257828,1
0.44615651719424415,-0.08433202051705506,1.054083847096764,2
0.5113938006916452,-0.09914884700605395,0.9732499932647467,1
0.5580842251235485,-0.10975327258016275,0.8798845614643572,2
0.5840277351827059,-0.11564561613670349,0.7783869358572357,2
0.5880018712815512,-0.11654823013077949,0.673539690014024,2
0.5698193719136327,-0.11241858334250523,0.5702832317908166,2
0.5303369974258556,-0.10345126495037177,0.47348301104560164,1
0.47141515942491447,-0.09006881547870382,0.3877002593796029,1
0.3958302580824517,-0.07290181666545638,0.3169770646592181,1
0.3071438580098341,-0.05275917841685024,0.26464590761863055,1
-0.13861495732575874,0.048482483845685535,0.2617965428714626,2
-0.22632145032211243,0.06840256357643244,0.3158364812546855,1
-0.3005899523874494,0.08527057906858261,0.3880113597442884,1
-0.35792092771505296,0.09829170852606561,0.4749202941889038,1
-0.39561293766790273,0.10685239562940343,0.5724681309291121,2
-0.4118899327123612,0.11054926034244202,0.6760584106578464,2
-0.4059849399676002,0.10920810620132258,0.7808099538298465,2
-0.37817620300894483,0.10289212846121601,0.8817868621040261,2
-0.32977407101565764,0.09189893633250437,0.9742310981384428,2
-0.2630592550472254,0.07674652961880157,1.0537866845654313,2
-0.18117536081572555,0.0581488905383821,1.116704957879154,2
-0.08798076181581155,0.03698234084370382,1.1600212056613575,2
0.012133207441610575,0.014244249493359847,1.1816943639897743,2
0.11444917134742166,-0.008993963426825138,1.180703192479777,0
0.21414599618638763,-0.03163731207579091,1.1570943951861579,4
0.30652596221679423,-0.05261884064889093,1.1119804199055596,2
0.3872361204770173,-0.07094989839271938,1.047487039576541,2
0.4524734039744183,-0.08576672488171826,0.966653185744524,2
0.49916382840632184,-0.0963711504558271,0.8732877539441343,2
0.5251073384654792,-0.10226349401236784,0.7717901283370128,2
0.5290814745643246,-0.10316610800644385,0.6669428824938014,2
0.510898975196406,-0.09903646121816959,0.5636864242705937,2
0.47141660070862895,-0.09006914282603612,0.46688620352537863,1
0.41249476270768776,-0.07668669335436817,0.3811034518593799,2
0.3369098613652254,-0.05951969454112083,0.3103802571389953,1
-0.09774727251855778,0.03920053091428373,0.20895832875807696,2
-0.19475902178470872,0.061234039656690026,0.24231696223549987,2
-0.2824655147810625,0.08115411938743695,0.29635690061872294,1
-0.3567340168463994,0.0980221348795871,0.3685317791083257,1
-0.41406499217400305,0.11104326433707012,0.45544071355294125,2
-0.45175700212685277,0.11960395144040793,0.5529885502931493,2
-0.4680339971713111,0.1233008161534465,0.6565788300218839,2
-0.46212900442655014,0.12195966201232707,0.7613303731938839,2
-0.43432026746789487,0.1156436842722205,0.8623072814680635,2
-0.3859181354746075,0.10465049214350884,0.9547515175024801,2
-0.31920331950617536,0.08949808542980606,1.0343071039294687,2
-0.2373194252746753,0.07090044634938654,1.0972253772431912,2
-0.14412482627476153,0.0497338966547083,1.1405416250253948,2
-0.04401085701733923,0.02699580530436428,1.1622147833538117,2
0.05830510688847166,0.003757592384179347,1.1612236118438144,2
0.15800193172743782,-0.01888575626478647,1.137614814550195,4
0.25038189775784425,-0.039867284837886444,1.092500839269597,4
0.3310920560180673,-0.0581983425817149,1.0280074589405783,2
0.3963293395154685,-0.07301516907071381,0.9471736051085611,2
0.4430197639473719,-0.08361959464482265,0.8538081733081713,2
0.4689632740065292,-0.08951193820136334,0.7523105477010502,2
0.47293741010537454,-0.09041455219543935,0.6474633018578385,2
0.45475491073745605,-0.08628490540716509,0.5442068436346307,1
0.4152725362496789,-0.07731758701503161,0.4474066228894157,1
0.35635069824873794,-0.06393513754336372,0.3616238712234173,1
-0.0467236866866417,0.027611948778607266,0.16640838592202534,2
-0.1484694933860976,0.050720666417181495,0.1775138538923037,2
-0.24548124265224874,0.07275417515958783,0.21087248736972666,1
-0.33318773564860243,0.09267425489033475,0.2649124257529496,1
-0.40745623771393935,0.10954227038248492,0.3370873042425525,1
-0.464787213041543,0.1225633998399679,0.4239962386871679,2
-0.5024792229943927,0.13112408694330574,0.521544075427376,2
-0.5187562180388512,0.13482095165634433,0.6251343551561106,2
-0.5128512252940902,0.13347979751522487,0.7298858983281106,2
-0.48504248833543484,0.12716381977511831,0.8308628066022903,2
-0.4366403563421477,0.11617062764640669,0.9233070426367068,2
-0.3699255403737154,0.10101822093270386,1.0028626290636953,2
-0.28804164614221556,0.08242058185228439,1.0657809023774178,2
-0.19484704714230155,0.06125403215760612,1.1090971501596216,2
-0.09473307788487945,0.038515940807262145,1.1307703084880385,2
0.007582886020931642,0.01527772788707716,1.129779136978041,2
0.1072797108598976,-0.007365620761888611,1.106170339684422,0
0.19965967689030403,-0.028347149334988588,1.0610563644038238,4
0.28036983515052727,-0.046678207078817084,0.9965629840748051,2
0.3456071186479285,-0.061495033567816,0.9157291302427878,2
0.3922975430798317,-0.07209945914192478,0.8223636984423985,2
0.4182410531389892,-0.07799180269846552,0.720866072835277,2
0.4222151892378345,-0.07889441669254153,0.6160188269920652,2
0.40403268986991603,-0.07476476990426727,0.5127623687688575,1
0.364550315382139,-0.06579745151213384,0.41596214802364284,1
0.012051566064812613,0.01426279205138016,0.1361516699553501,2
-0.08963403019090446,0.037357834569687616,0.12448068217118458,2
-0.19137983689036053,0.06046655220826189,0.13558615014146302,2
-0.2883915861565115,0.08250006095066818,0.16894478361888587,1
-0.3760980791528653,0.10242014068141513,0.22298472200210898,1
-0.45036658121820217,0.11928815617356527,0.29515960049171175,1
-0.5076975565458058,0.13230928563104827,0.3820685349363273,2
-0.5453895664986556,0.14086997273438606,0.47961637167653537,2
-0.5616665615431139,0.14456683744742466,0.58320665140527,2
-0.5557615687983529,0.14322568330630525,0.6879581945772699,2
-0.5279528318396977,0.13690970556619864,0.7889351028514495,2
-0.4795506998464103,0.125916513437487,0.8813793388858662,2
-0.4128358838779781,0.11076410672378421,0.9609349253128546,2
-0.3309519896464781,0.09216646764336471,1.0238531986265773,2
-0.23775739064656431,0.07099991794868647,1.0671694464087809,2
-0.13764342138914198,0.048261826598342446,1.0888426047371977,2
-0.035327457483331104,0.02502361367815751,1.0878514332272005,2
0.06436936735563484,0.0023802650291917388,1.064242635933581,2
0.15674933338604147,-0.01860126354390828,1.019128660652983,4
0.23745949164626468,-0.03693232128773676,0.9546352803239643,4
0.30269677514366555,-0.05174914777673561,0.8738014264919473,2
0.3493871995755691,-0.06235357335084445,0.7804359946915576,2
0.3753307096347264,-0.06824591690738518,0.678938369084436,2
0.37930484573357176,-0.0691485309014612,0.5740911232412244,1
0.36112234636565327,-0.06501888411318693,0.47083466501801696,1
0.07580899266899252,-0.00021792628534901548,0.11961387893966718,2
-0.021024962385285256,0.021775201468658544,0.0857163729723649,2
-0.12271055864100253,0.04487024398696605,0.07404538518819931,2
-0.22445636534045843,0.06797896162554028,0.08515085315847776,2
-0.3214681146066096,0.09001247036794661,0.11850948663590077,1
-0.4091746076029632,0.1099325500986935,0.17254942501912374,1
-0.48344310966830006,0.12680056559084363,0.24472430350872648,2
-0.5407740849959036,0.1398216950483267,0.3316332379533421,2
-0.5784660949487535,0.1483823821516645,0.42918107469355027,2
-0.5947430899932118,0.15207924686470303,0.5327713544222847,2
-0.5888380972484508,0.15073809272358363,0.6375228975942847,2
-0.5610293602897953,0.144422114983477,0.7384998058684644,2
-0.5126272282965082,0.13342892285476537,0.8309440419028808,2
-0.4459124123280759,0.11827651614106256,0.9104996283298696,2
-0.364028518096576,0.09967887706064309,0.973417901643592,2
-0.270833919096662,0.0785123273659648,1.0167341494257958,2
-0.17071994983923988,0.05577423601562083,1.0384073077542126,2
-0.068403985933429,0.03253602309543589,1.0374161362442151,2
0.03129283890553716,0.009892674446470073,1.013807338950596,2
0.12367280493594374,-0.011088854126629924,0.9686933636699976,0
0.20438296319616664,-0.02941991187045835,0.9041999833409791,4
0.2696202466935679,-0.04423673835945727,0.8233661295089618,2
0.3163106711254713,-0.0548411639335661,0.7300006977085721,2
0.3422541811846286,-0.06073350749010682,0.6285030721014506,1
0.3462283172834739,-0.06163612148418281,0.5236558262582393,1
0.14154433975952285,-0.015147874005709092,0.11757427447597735,0
0.05412484707036297,0.004707021622849555,0.06304750262755199,2
-0.04270910798391497,0.026700149376857156,0.029149996660249533,2
-0.14439470423963202,0.04979519189516461,0.017479008876084,2
-0.24614051093908818,0.07290390953373889,0.02858447684636245,1
-0.3431522602052391,0.09493741827614517,0.0619431103237853,1
-0.4308587532015927,0.11485749800689209,0.11598304870700826,1
-0.5051272552669298,0.13172551349904227,0.18815792719661115,2
-0.5624582305945334,0.14474664295652528,0.27506686164122673,2
-0.6001502405473832,0.15330733005986308,0.3726146983814348,2
-0.6164272355918415,0.15700419477290167,0.47620497811016926,2
-0.6105222428470806,0.1556630406317822,0.5809565212821693,2
-0.5827135058884252,0.14934706289167565,0.681933429556349,2
-0.5343113738951378,0.13835387076296402,0.7743776655907656,2
-0.46759655792670574,0.12320146404926123,0.853933252017754,2
-0.38571266369520574,0.1046038249688417,0.9168515253314767,2
-0.2925180646952919,0.08343727527416346,0.9601677731136803,2
-0.1924040954378698,0.0606991839238195,0.9818409314420972,2
-0.09008813153205869,0.037460971003634505,0.9808497599320998,2
0.009608693306907445,0.014817622354668686,0.9572409626384806,2
0.10198865933731369,-0.006163906218431242,0.9121269873578824,0
0.18269881759753692,-0.02449496396225974,0.8476336070288638,4
0.24793610109493813,-0.039311790451258655,0.7667997531968465,4
0.29462652552684154,-0.049916216025367485,0.6734343213964568,2
0.32057003558599884,-0.05580855958190818,0.5719366957893357,1
0.2061601542504659,-0.029823551171141403,0.13012896283616904,4
0.132274335117752,-0.01304245141657253,0.05754222952507165,0
0.044854842428591946,0.006812444211986145,0.003015457676646127,2
-0.051979112625685775,0.02880557196599369,-0.030882048290656217,2
-0.15366470888140304,0.0519006144843012,-0.04255303607482186,2
-0.255410515580859,0.07500933212287543,-0.031447568104543466,1
-0.35242226484700995,0.09704284086528171,0.0019110653728793836,1
-0.4401287578433638,0.11696292059602868,0.0559510037561024,1
-0.5143972599087008,0.13383093608817886,0.1281258822457053,2
-0.5717282352363043,0.14685206554566183,0.2150348166903207,2
-0.609420245189154,0.15541275264899967,0.3125826534305287,2
-0.6256972402336126,0.15910961736203827,0.4161729331592634,2
-0.6197922474888516,0.1577684632209188,0.5209244763312633,2
-0.5919835105301962,0.15145248548081225,0.6219013846054431,2
-0.5435813785369091,0.1404592933521006,0.7143456206398596,2
-0.4768665625684768,0.12530688663839779,0.7939012070668483,2
-0.3949826683369769,0.10670924755797832,0.8568194803805708,2
-0.30178806933706315,0.08554269786330009,0.9001357281627744,2
-0.20167410007964082,0.06280460651295608,0.9218088864911913,2
-0.09935813617382971,0.039566393592771094,0.9208177149811939,2
0.00033868866513603324,0.016923044943805365,0.8972089176875748,2
0.09271865469554266,-0.004058483629294653,0.8520949424069766,0
0.1734288129557659,-0.02238954137312315,0.787601562077958,4
0.2386660964531671,-0.037206367862122065,0.7067677082459407,4
0.28535652088507035,-0.04781079343623084,0.6134022764455513,1
0.266611735492113,-0.04355343908529387,0.15668636643032358,2
0.20974109368222021,-0.030636861526561573,0.06945996242923363,4
0.13585527454950602,-0.01385576177199263,-0.0031267708818639717,0
0.04843578186034608,0.005999133856566016,-0.05765354273028939,2
-0.04839817319393186,0.02799226161057361,-0.09155104869759179,2
-0.15008376944964896,0.05108730412888108,-0.10322203648175732,2
-0.25182957614910484,0.07419602176745531,-0.09211656851147887,1
-0.34884132541525603,0.09622953050986165,-0.0587579350340558,1
-0.43654781841160983,0.11614961024060859,-0.004717996650832779,2
-0.5108163204769466,0.13301762573275872,0.06745688183876997,2
-0.56814729580455,0.14603875519024173,0.15436581628338547,2
-0.6058393057574,0.15459944229357953,0.2519136530235938,2
-0.6221163008018583,0.15829630700661806,0.35550393275232817,2
-0.6162113080570972,0.15695515286549866,0.4602554759243283,2
-0.5884025710984419,0.15063917512539204,0.5612323841985078,2
-0.5400004391051545,0.1396459829966804,0.6536766202329245,2
-0.4732856231367223,0.1244935762829776,0.7332322066599131,2
-0.3914017289052224,0.10589593720255812,0.7961504799736354,2
-0.2982071299053084,0.08472938750787984,0.8394667277558391,2
-0.19809316064788607,0.06199129615753582,0.8611398860842561,2
-0.09577719674207541,0.038753083237350924,0.8601487145742586,2
0.003919628096890726,0.016109734588385105,0.8365399172806394,2
0.0962995941272973,-0.004871793984714892,0.791425942000041,0
0.17700975238752048,-0.023202851728543375,0.7269325616710223,4
0.2422470358849214,-0.038019678217542235,0.6460987078390052,1
0.32005060172914823,-0.05569058469213869,0.1959950989745305,2
0.28287488493901497,-0.0472471591576357,0.0982391371254216,2
0.2260042431291222,-0.034330581598903405,0.011012733124331653,4
0.15211842399640813,-0.017549481844334504,-0.06157400018676584,4
0.06469893130724808,0.002305413784224185,-0.11610077203519142,2
-0.0321350237470297,0.024298541538231744,-0.14999827800249366,2
-0.13382062000274675,0.0473935840565392,-0.1616692657866593,1
-0.23556642670220285,0.07050230169511347,-0.15056379781638085,1
-0.33257817596835404,0.09253581043751981,-0.11720516433895778,1
-0.4202846689647076,0.1124558901682667,-0.06316522595573482,2
-0.4945531710300445,0.12932390566041685,0.009009652533867929,2
-0.5518841463576482,0.14234503511789987,0.09591858697848349,2
-0.5895761563104979,0.15090572222123766,0.1934664237186916,2
-0.6058531513549562,0.15460258693427625,0.29705670344742624,2
-0.5999481586101952,0.1532614327931568,0.4018082466194261,2
-0.5721394216515397,0.14694545505305023,0.5027851548936059,2
-0.5237372896582526,0.1359522629243386,0.5952293909280224,2
-0.4570224736898204,0.12079985621063581,0.6747849773550109,2
-0.3751385794583204,0.10220221713021628,0.7377032506687335,2
-0.2819439804584064,0.08103566743553801,0.7810194984509371,2
-0.18183001120098452,0.05829757608519408,0.802692656779354,2
-0.07951404729517342,0.03505936316500909,0.8017014852693565,2
0.020182777543792718,0.012416014516043274,0.7780926879757373,2
0.11256274357419929,-0.008565514057056724,0.732978712695139,0
0.1932729018344222,-0.02689657180088515,0.6684853323661206,2
0.3639587107139667,-0.06566308503872388,0.2462029308798035,2
0.34822964071567075,-0.06209066619318207,0.14252367735605387,2
0.3110539239255373,-0.053647240658679055,0.04476771550694458,2
0.25418328211564456,-0.04073066309994676,-0.04245868849414541,4
0.1802974629829305,-0.02394956334537786,-0.11504542180524291,4
0.09287797029377062,-0.004094667716819211,-0.16957219365366827,0
-0.003955984760507084,0.017898460037188337,-0.2034696996209706,2
-0.1056415810162244,0.040993502555495845,-0.21514068740513625,1
-0.2073873877156805,0.06410222019407012,-0.2040352194348578,1
-0.3043991369818314,0.0861357289364764,-0.17067658595743496,1
-0.3921056299781851,0.10605580866722332,-0.116636647574212,2
-0.46637413204352207,0.12292382415937349,-0.04446176908460914,2
-0.5237051073711256,0.1359449536168565,0.042447165360006256,2
-0.5613971173239755,0.14450564072019434,0.13999500210021454,2
-0.5776741123684339,0.14820250543323288,0.24358528182894895,2
-0.5717691196236729,0.14686135129211347,0.3483368250009491,2
-0.5439603826650176,0.1405453735520069,0.44931373327512864,2
-0.4955582506717304,0.12955218142329528,0.5417579693095451,2
-0.4288434347032981,0.11439977470959245,0.6213135557365338,2
-0.34695954047179806,0.09580213562917293,0.6842318290502565,2
-0.25376494147188444,0.07463558593449474,0.7275480768324599,2
-0.1536509722144621,0.05189749458415072,0.7492212351608769,2
-0.051335008308651064,0.02865928166396574,0.7482300636508794,2
0.0483618165303151,0.006015933014999919,0.7246212663572602,2
0.14074178256072134,-0.014965595558100009,0.6795072910766622,0
0.3962671099926411,-0.07300103537303672,0.3049440664098083,2
0.4027258414094027,-0.0744679557843536,0.20022689320667836,2
0.3869967714111068,-0.07089553693881179,0.09654763968292873,2
0.3498210546209736,-0.0624521114043088,-0.0012083221661802201,2
0.29295041281108064,-0.04953553384557648,-0.08843472616727055,2
0.21906459367836673,-0.0327544340910076,-0.16102145947836788,4
0.1316451009892069,-0.012899538462448984,-0.21554823132679335,0
0.03481114593492897,0.00909358929155862,-0.2494457372940958,2
-0.06687445032078834,0.03218863180986613,-0.26111672507826145,1
-0.16862025702024425,0.05529734944844035,-0.2500112571079831,1
-0.2656320062863952,0.07733085819084665,-0.21665262363056015,1
-0.3533384992827491,0.0972509379215936,-0.16261268524733719,2
-0.42760700134808594,0.11411895341374374,-0.0904378067577345,2
-0.4849379766756896,0.1271400828712268,-0.003528872313118825,2
-0.5226299866285394,0.1357007699745646,0.09401896442708918,2
-0.5389069816729978,0.1393976346876032,0.19760924415582382,2
-0.5330019889282368,0.13805648054648373,0.3023607873278237,2
-0.5051932519695815,0.13174050280637717,0.4033376956020033,2
-0.4567911199762943,0.12074731067766555,0.49578193163642004,2
-0.390076304007862,0.10559490396396273,0.5753375180634086,2
-0.3081924097763623,0.0869972648835433,0.6382557913771311,2
-0.21499781077644842,0.06583071518886502,0.6815720391593347,2
-0.11488384151902609,0.043092623838521006,0.7032451974877517,2
-0.012567877613214984,0.01985441091833602,0.7022540259777543,2
0.08712894722575076,-0.002788937730629708,0.6786452286841352,2
0.41545342605568614,-0.07735867108115992,0.3694506201030392,2
0.4437956231162111,-0.0837958093807573,0.26862980604683573,2
0.4502543545329727,-0.08526272979207418,0.16391263284370622,2
0.43452528453467665,-0.08169031094653233,0.06023337931995615,2
0.39734956774454344,-0.07324688541202935,-0.03752258252915275,2
0.3404789259346507,-0.06033030785329705,-0.12474898653024269,2
0.2665931068019366,-0.04354920809872815,-0.19733571984134013,2
0.17917361411277652,-0.02369431247016946,-0.2518624916897657,4
0.08233965905849858,-0.0017011847161618673,-0.28575999765706805,1
-0.019345937197218527,0.021393857802145602,-0.2974309854412336,1
-0.12109174389667443,0.044502575440719824,-0.28632551747095514,1
-0.21810349316282562,0.06653608418312616,-0.2529668839935322,1
-0.3058099861591792,0.08645616391387305,-0.1989269456103091,2
-0.3800784882245162,0.10332417940602324,-0.1267520671207063,2
-0.4374094635521196,0.11634530886350623,-0.03984313267609085,2
-0.47510147350496945,0.12490599596684403,0.057704704064117485,2
-0.4913784685494278,0.12860286067988258,0.1612949837928519,2
-0.4854734758046668,0.12726170653876318,0.26604652696485176,2
-0.45766473884601133,0.12094572879865657,0.3670234352390315,2
-0.4092626068527241,0.10995253666994491,0.45946767127344823,2
-0.342547790884292,0.09480012995624217,0.5390232577004366,2
-0.260663896652792,0.07620249087582263,0.6019415310141591,2
-0.167469297652878,0.05503594118114437,0.6452577787963627,2
-0.06735532839545566,0.032297849830800335,0.6669309371247797,2
0.03496063551035501,0.009059636910615447,0.6659397656147822,1
0.31893391862945497,-0.01,0.6659397656147822,2
0.4211698131137802,-0.01,0.6423309683211631,2
0.5159025036965083,-0.01,0.5972169930405649,0
0.5986681809087309,-0.01,0.5327236127115462,2
0.6655669215943775,-0.01,0.4518897588795289,0
0.7134464534988155,-0.01,0.3585243270791394,2
0.7400506905068168,-0.01,0.257026701472018,0
0.7441260395414943,-0.01,0.15217945562880641,2
0.7254804699374232,-0.01,0.04892299740559869,2
0.6849925619359104,-0.01,-0.04787722333961619,2
0.6245701079368309,-0.01,-0.13365997500561477,2
0.547060217218266,-0.01,-0.20438316972599957,0
0.456115159994387,-0.01,-0.25671432676658723,1
0.35602027224677624,-0.01,-0.2881875991966114,1
0.25149203046278634,-0.01,-0.2973199647285548,1
0.14745581101010485,-0.01,-0.2836811058079991,0
0.0488138061377395,-0.01,-0.24791368619990428,0
-0.039785967586082216,-0.01,-0.1917030686374822,2
-0.11416868406427921,-0.01,-0.11769790043967676,0
-0.17082942570086562,-0.01,-0.029385309107221147,2
-0.20709833530634403,-0.01,0.06907341131251044,2
-0.22126641991188822,-0.01,0.17303888062454437,2
-0.2126660786098335,-0.01,0.2776122403303007,2
-0.18170255994430767,-0.01,0.3778659881031942,2
-0.12983486657806315,-0.01,0.46907616196294777,0
0.26275114604581784,-0.01,0.7032451974877518,2
0.36767288359194816,-0.01,0.7022540259777544,2
0.46990877807627357,-0.01,0.6786452286841352,2
0.5646414686590014,-0.01,0.6335312534035371,2
0.6474071458712242,-0.01,0.5690378730745184,2
0.7143058865568707,-0.01,0.4882040192425011,0
0.7621854184613086,-0.01,0.3948385874421116,0
0.7887896554693099,-0.01,0.29334096183499014,2
0.7928650045039874,-0.01,0.1884937159917785,2
0.7742194348999164,-0.01,0.08523725776857083,2
0.7337315268984036,-0.01,-0.011562962976643942,2
0.6733090728993238,-0.01,-0.09734571464264274,2
0.5957991821807592,-0.01,-0.16806890936302732,2
0.50485412495688,-0.01,-0.2204000664036151,0
0.40475923720926943,-0.01,-0.25187333883363927,1
0.3002309954252793,-0.01,-0.26100570436558257,1
0.19619477597259805,-0.01,-0.24736684544502685,2
0.09755277110023267,-0.01,-0.21159942583693214,0
0.008952997376410837,-0.01,-0.15538880827450985,2
-0.06542971910178616,-0.01,-0.0813836400767044,2
-0.12209046073837246,-0.01,0.0069289512557511035,2
-0.15835937034385084,-0.01,0.10538767167548269,2
-0.17252745494939503,-0.01,0.20935314098751703,2
-0.16392711364734036,-0.01,0.3139265006932729,2
-0.13296359498181465,-0.01,0.414180248466166,0
0.19984193179249843,-0.01,0.72754807683246,2
0.3025055944912968,-0.01,0.7492212351608769,0
0.4074273320374273,-0.01,0.7482300636508795,0
0.5096632265217526,-0.01,0.7246212663572604,2
0.6043959171044806,-0.01,0.6795072910766622,2
0.6871615943167032,-0.01,0.6150139107476436,2
0.7540603350023498,-0.01,0.5341800569156264,2
0.8019398669067878,-0.01,0.4408146251152368,0
0.828544103914789,-0.01,0.33931699950811534,0
0.8326194529494667,-0.01,0.23446975366490375,2
0.8139738833453957,-0.01,0.13121329544169613,2
0.7734859753438829,-0.01,0.03441307469648114,0
0.7130635213448032,-0.01,-0.05136967696951744,2
0.6355536306262384,-0.01,-0.12209287168990224,2
0.5446085734023594,-0.01,-0.1744240287304899,1
0.4445136856547486,-0.01,-0.20589730116051408,0
0.3399854438707587,-0.01,-0.2150296666924575,1
0.23594922441807742,-0.01,-0.20139080777190177,2
0.13730721954571184,-0.01,-0.16562338816380695,0
0.048707445821890016,-0.01,-0.10941277060138477,2
-0.025675270656306703,-0.01,-0.03540760240357954,2
-0.08233601229289328,-0.01,0.052904988928876184,2
-0.11860492189837168,-0.01,0.15136370934860782,2
-0.13277300650391588,-0.01,0.2553291786606422,2
-0.12417266520186115,-0.01,0.359902538366398,1
0.13317056142433714,-0.01,0.7377032506687335,0
0.2287386319747674,-0.01,0.7810194984509371,2
0.331402294673566,-0.01,0.802692656779354,2
0.4363240322196963,-0.01,0.8017014852693565,2
0.5385599267040218,-0.01,0.7780926879757373,0
0.6332926172867496,-0.01,0.7329787126951393,2
0.7160582944989723,-0.01,0.6684853323661205,0
0.7829570351846188,-0.01,0.5876514785341033,2
0.8308365670890568,-0.01,0.4942860467337137,0
0.8574408040970581,-0.01,0.39278842112659224,2
0.8615161531317356,-0.01,0.2879411752833807,2
0.8428705835276645,-0.01,0.18468471706017292,0
0.8023826755261517,-0.01,0.08788449631495815,0
0.7419602215270721,-0.01,0.0021017446489594027,0
0.6644503308085074,-0.01,-0.06862145007142523,2
0.5735052735846281,-0.01,-0.12095260711201306,1
0.47341038583701756,-0.01,-0.15242587954203712,0
0.36888214405302766,-0.01,-0.16155824507398053,1
0.26484592460034617,-0.01,-0.14791938615342481,2
0.1662039197279806,-0.01,-0.11215196654532988,2
0.0776041460041591,-0.01,-0.05594134898290787,2
0.003221429525962105,-0.01,0.018063819214897636,0
-0.053439312110624304,-0.01,0.1063764105473532,0
-0.08970822171610288,-0.01,0.20483513096708522,2
-0.1038763063216469,-0.01,0.3088006002791187,1
0.06587859349439251,-0.01,0.7332322066599128,4
0.14984789927859565,-0.01,0.7961504799736354,0
0.24541596982902608,-0.01,0.839466727755839,2
0.3480796325278245,-0.01,0.8611398860842558,0
0.45300137007395497,-0.01,0.8601487145742586,0
0.5552372645582802,-0.01,0.8365399172806394,2
0.6499699551410082,-0.01,0.7914259420000411,0
0.7327356323532309,-0.01,0.7269325616710225,2
0.7996343730388774,-0.01,0.6460987078390054,0
0.8475139049433155,-0.01,0.5527332760386157,2
0.8741181419513168,-0.01,0.45123565043149444,2
0.8781934909859943,-0.01,0.3463884045882827,0
0.8595479213819233,-0.01,0.2431319463650751,2
0.8190600133804105,-0.01,0.14633172561986013,0
0.7586375593813309,-0.01,0.06054897395386155,2
0.681127668662766,-0.01,-0.010174220766523245,0
0.590182611438887,-0.01,-0.06250537780711096,0
0.49008772369127646,-0.01,-0.09397865023713503,0
0.38555948190728634,-0.01,-0.10311101576907855,2
0.28152326245460485,-0.01,-0.08947215684852283,2
0.18288125758223966,-0.01,-0.05370473724042807,0
0.09428148385841778,-0.01,0.002505880321994114,0
0.019898767380220783,-0.01,0.07651104851979962,2
-0.036761974256365626,-0.01,0.16482363985225518,2
-0.07303088386184403,-0.01,0.26328236027198676,1
0.0011368291461714142,-0.01,0.7143456206398598,2
0.06955073196511041,-0.01,0.7939012070668483,4
0.15352003774931372,-0.01,0.856819480380571,4
0.24908810829974398,-0.01,0.9001357281627745,0
0.3517517709985426,-0.01,0.9218088864911915,2
0.45667350854467287,-0.01,0.920817714981194,2
0.5589094030289983,-0.01,0.8972089176875748,2
0.6536420936117261,-0.01,0.8520949424069767,0
0.7364077708239488,-0.01,0.787601562077958,0
0.8033065115095954,-0.01,0.7067677082459407,0
0.8511860434140334,-0.01,0.6134022764455512,0
0.8777902804220347,-0.01,0.5119046508384297,2
0.8818656294567122,-0.01,0.40705740499521825,2
0.8632200598526412,-0.01,0.3038009467720104,0
0.8227321518511284,-0.01,0.20700072602679565,2
0.7623096978520486,-0.01,0.1212179743607969,2
0.6847998071334839,-0.01,0.05049477964041227,1
0.5938547499096049,-0.01,-0.0018363774001754485,1
0.49375986216199413,-0.01,-0.03330964983019963,1
0.389231620378004,-0.01,-0.042442015362142926,0
0.285195400925323,-0.01,-0.028803156441587263,2
0.1865533960529574,-0.01,0.0069642631665075005,0
0.09795362232913557,-0.01,0.06317488072892974,0
0.023570905850938573,-0.01,0.13718004892673524,2
-0.033089835785647725,-0.01,0.2254926402591907,1
-0.058004096206577926,-0.01,0.6819334295563491,2
-0.008369263128644,-0.01,0.7743776655907656,0
0.060044639690295276,-0.01,0.8539332520177543,0
0.1440139454744983,-0.01,0.9168515253314767,0
0.2395820160249288,-0.01,0.9601677731136803,2
0.3422456787237272,-0.01,0.9818409314420973,0
0.44716741626985756,-0.01,0.9808497599320998,2
0.5494033107541829,-0.01,0.9572409626384807,0
0.6441360013369108,-0.01,0.9121269873578824,2
0.7269016785491336,-0.01,0.8476336070288638,2
0.7938004192347801,-0.01,0.7667997531968467,2
0.841679951139218,-0.01,0.673434321396457,2
0.8682841881472193,-0.01,0.5719366957893356,2
0.872359537181897,-0.01,0.4670894499461239,0
0.8537139675778259,-0.01,0.3638329917229163,2
0.8132260595763129,-0.01,0.2670327709777013,2
0.7528036055772335,-0.01,0.18125001931170284,2
0.6752937148586686,-0.01,0.11052682459131802,0
0.5843486576347894,-0.01,0.058195667550730246,1
0.4842537698871786,-0.01,0.026722395120706177,1
0.37972552810318894,-0.01,0.017590029588762768,0
0.27568930865050745,-0.01,0.031228888509318486,2
0.17704730377814187,-0.01,0.06699630811741342,0
0.08844753005432004,-0.01,0.12320692567983571,4
0.01406481357612338,-0.01,0.1972120938776409,1
-0.10875745898442682,-0.01,0.6375228975942847,1
-0.08024049164830907,-0.01,0.7384998058684642,0
-0.030605658570375033,-0.01,0.8309440419028808,2
0.037808244248563966,-0.01,0.9104996283298694,2
0.12177755003276727,-0.01,0.973417901643592,0
0.21734562058319754,-0.01,1.0167341494257955,2
0.320009283281996,-0.01,1.0384073077542126,2
0.42493102082812645,-0.01,1.0374161362442151,0
0.5271669153124517,-0.01,1.013807338950596,2
0.6218996058951797,-0.01,0.9686933636699977,2
0.7046652831074023,-0.01,0.9041999833409791,2
0.771564023793049,-0.01,0.8233661295089618,0
0.819443555697487,-0.01,0.7300006977085723,0
0.8460477927054882,-0.01,0.6285030721014508,2
0.8501231417401658,-0.01,0.5236558262582393,2
0.8314775721360947,-0.01,0.4203993680350315,0
0.7909896641345819,-0.01,0.3235991472898167,2
0.7305672101355023,-0.01,0.23781639562381812,0
0.6530573194169375,-0.01,0.16709320090343333,1
0.5621122621930583,-0.01,0.11476204386284555,1
0.4620173744454479,-0.01,0.08328877143282154,0
0.35748913266145776,-0.01,0.07415640590087808,2
0.25345291320877633,-0.01,0.0877952648214338,0
0.15481090833641073,-0.01,0.12356268442952872,4
0.06621113461258923,-0.01,0.17977330199195068,1
-0.14873175800702165,-0.01,0.58320665140527,0
-0.14267637744541184,-0.01,0.6879581945772699,2
-0.11415941010929409,-0.01,0.7889351028514496,2
-0.06452457703136016,-0.01,0.8813793388858662,0
0.003889325787579112,-0.01,0.9609349253128548,2
0.08785863157178214,-0.01,1.0238531986265773,2
0.18342670212221251,-0.01,1.0671694464087809,0
0.286090364821011,-0.01,1.0888426047371977,0
0.3910121023671414,-0.01,1.0878514332272005,2
0.49324799685146675,-0.01,1.0642426359335813,2
0.5879806874341946,-0.01,1.019128660652983,2
0.6707463646464175,-0.01,0.9546352803239644,0
0.737645105332064,-0.01,0.8738014264919473,2
0.7855246372365019,-0.01,0.7804359946915576,0
0.8121288742445032,-0.01,0.6789383690844362,2
0.8162042232791807,-0.01,0.5740911232412245,2
0.7975586536751097,-0.01,0.47083466501801685,0
0.7570707456735969,-0.01,0.3740344442728021,0
0.6966482916745173,-0.01,0.2882516926068034,0
0.6191384009559524,-0.01,0.21752849788641862,1
0.5281933437320736,-0.01,0.16519734084583093,1
0.4280984559844629,-0.01,0.13372406841580686,2
0.32357021420047277,-0.01,0.12459170288386334,2
0.21953399474779128,-0.01,0.13823056180441906,2
0.1208919898754261,-0.01,0.17399798141251377,0
-0.17604340215716313,-0.01,0.5215440754273762,1
-0.19273493822739446,-0.01,0.6251343551561106,2
-0.18667955766578465,-0.01,0.7298858983281107,2
-0.1581625903296669,-0.01,0.8308628066022903,0
-0.10852775725173286,-0.01,0.9233070426367069,0
-0.04011385443279386,-0.01,1.0028626290636955,2
0.043855451351409336,-0.01,1.065780902377418,0
0.1394235219018397,-0.01,1.1090971501596216,0
0.24208718460063822,-0.01,1.1307703084880387,2
0.3470089221467686,-0.01,1.129779136978041,2
0.44924481663109384,-0.01,1.106170339684422,2
0.5439775072138219,-0.01,1.0610563644038238,2
0.6267431844260445,-0.01,0.9965629840748051,2
0.6936419251116911,-0.01,0.9157291302427879,0
0.7415214570161291,-0.01,0.8223636984423983,2
0.7681256940241304,-0.01,0.7208660728352769,0
0.7722010430588079,-0.01,0.6160188269920653,2
0.7535554734547368,-0.01,0.5127623687688577,2
0.713067565453224,-0.01,0.41596214802364273,2
0.6526451114541444,-0.01,0.33017939635764404,0
0.5751352207355798,-0.01,0.25945620163725946,1
0.48419016351170063,-0.01,0.20712504459667166,0
0.38409527576408986,-0.01,0.1756517721666475,0
0.27956703398009974,-0.01,0.16651940663470421,2
0.1755308145274187,-0.01,0.18015826555525985,0
-0.18940546529542773,-0.01,0.45544071355294125,1
-0.22805741192127027,-0.01,0.5529885502931493,0
-0.2447489479915016,-0.01,0.656578830021884,2
-0.23869356742989178,-0.01,0.7613303731938839,2
-0.21017660009377392,-0.01,0.8623072814680637,2
-0.16054176701584,-0.01,0.9547515175024801,0
-0.09212786419690083,-0.01,1.0343071039294687,0
-0.008158558412697692,-0.01,1.0972253772431912,0
0.0874095121377327,-0.01,1.1405416250253948,2
0.1900731748365312,-0.01,1.1622147833538117,2
0.2949949123826615,-0.01,1.1612236118438144,0
0.3972308068669869,-0.01,1.137614814550195,2
0.49196349744971474,-0.01,1.092500839269597,0
0.5747291746619375,-0.01,1.028007458940578,0
0.641627915347584,-0.01,0.9471736051085611,0
0.6895074472520221,-0.01,0.8538081733081713,2
0.7161116842600233,-0.01,0.75231054770105,2
0.7201870332947008,-0.01,0.6474633018578385,2
0.7015414636906298,-0.01,0.5442068436346307,2
0.6610535556891168,-0.01,0.4474066228894157,0
0.6006311016900374,-0.01,0.3616238712234173,1
0.5231212109714725,-0.01,0.29090067650303253,1
0.43217615374759333,-0.01,0.23856951946244476,2
0.33208126599998256,-0.01,0.20709624703242063,2
0.22755302421599286,-0.01,0.19796388150047728,1
-0.18818832628898535,-0.01,0.38801135974428846,2
-0.2469794016692063,-0.01,0.4749202941889039,1
-0.2856313482950489,-0.01,0.5724681309291122,2
-0.3023228843652802,-0.01,0.6760584106578466,2
-0.2962675038036704,-0.01,0.7808099538298466,2
-0.26775053646755265,-0.01,0.8817868621040262,2
-0.21811570338961872,-0.01,0.9742310981384429,0
-0.1497018005706796,-0.01,1.0537866845654313,2
-0.06573249478647641,-0.01,1.116704957879154,0
0.029835575763953973,-0.01,1.1600212056613577,2
0.13249923846275236,-0.01,1.1816943639897746,0
0.23742097600888287,-0.01,1.180703192479777,2
0.3396568704932081,-0.01,1.1570943951861579,2
0.4343895610759361,-0.01,1.1119804199055596,2
0.5171552382881588,-0.01,1.047487039576541,0
0.5840539789738054,-0.01,0.9666531857445237,2
0.6319335108782433,-0.01,0.8732877539441343,2
0.6585377478862446,-0.01,0.771790128337013,2
0.6626130969209222,-0.01,0.6669428824938013,0
0.6439675273168511,-0.01,0.5636864242705935,0
0.6034796193153384,-0.01,0.46688620352537885,1
0.5430571653162588,-0.01,0.3811034518593801,1
0.4655472745976939,-0.01,0.3103802571389953,0
0.3746022173738147,-0.01,0.25804910009840754,2
0.27450732962620433,-0.01,0.22657582766838352,0
-0.17244933679319924,-0.01,0.3224332887749087,2
-0.2486093022978682,-0.01,0.3946081672645114,0
-0.3074003776780892,-0.01,0.481517101709127,1
-0.34605232430393174,-0.01,0.5790649384493352,2
-0.36274386037416306,-0.01,0.6826552181780697,1
-0.35668847981255325,-0.01,0.7874067613500696,1
-0.3281715124764355,-0.01,0.8883836696242493,2
-0.27853667939850146,-0.01,0.9808279056586658,2
-0.2101227765795623,-0.01,1.0603834920856545,1
-0.12615347079535916,-0.01,1.1233017653993769,2
-0.030585400244928895,-0.01,1.1666180131815804,0
0.07207826245386971,-0.01,1.1882911715099975,2
0.177,-0.01,1.1873,1
0.2792358944843254,-0.01,1.1636912027063808,1
0.37396858506705327,-0.01,1.1185772274257828,0
0.45673426227927605,-0.01,1.054083847096764,0
0.5236330029649225,-0.01,0.9732499932647467,1
0.5715125348693605,-0.01,0.8798845614643572,0
0.5981167718773618,-0.01,0.7783869358572357,2
0.6021921209120393,-0.01,0.673539690014024,0
0.5835465513079683,-0.01,0.5702832317908166,2
0.5430586433064555,-0.01,0.47348301104560164,0
0.48263618930737573,-0.01,0.3877002593796029,1
0.4051262985888109,-0.01,0.3169770646592181,1
0.314181241364932,-0.01,0.26464590761863055,1
-0.14293011883854456,-0.01,0.2617965428714626,2
-0.2328703128020821,-0.01,0.3158364812546855,0
-0.30903027830675117,-0.01,0.3880113597442884,0
-0.3678213536869721,-0.01,0.4749202941889038,0
-0.4064733003128147,-0.01,0.5724681309291121,0
-0.42316483638304603,-0.01,0.6760584106578464,2
-0.4171094558214362,-0.01,0.7808099538298465,2
-0.38859248848531847,-0.01,0.8817868621040261,2
-0.33895765540738454,-0.01,0.9742310981384428,0
-0.27054375258844543,-0.01,1.0537866845654313,0
-0.1865744468042423,-0.01,1.116704957879154,2
-0.09100637625381186,-0.01,1.1600212056613575,0
0.011657286444986509,-0.01,1.1816943639897743,2
0.11657902399111703,-0.01,1.180703192479777,0
0.21881491847544227,-0.01,1.1570943951861579,2
0.3135476090581703,-0.01,1.1119804199055596,2
0.3963132862703929,-0.01,1.047487039576541,2
0.46321202695603947,-0.01,0.966653185744524,0
0.5110915588604775,-0.01,0.8732877539441343,2
0.5376957958684788,-0.01,0.7717901283370128,2
0.5417711449031564,-0.01,0.6669428824938014,2
0.5231255752990853,-0.01,0.5636864242705937,2
0.4826376672975725,-0.01,0.46688620352537863,0
0.42221521329849276,-0.01,0.3811034518593799,2
0.34470532257992825,-0.01,0.3103802571389953,1
-0.10102161956069544,-0.01,0.20895832875807696,2
-0.20050405521232306,-0.01,0.24231696223549987,0
-0.2904442491758607,-0.01,0.29635690061872294,1
-0.36660421468052967,-0.01,0.3685317791083257,1
-0.4253952900607507,-0.01,0.45544071355294125,0
-0.4640472366865932,-0.01,0.5529885502931493,2
-0.48073877275682453,-0.01,0.6565788300218839,2
-0.4746833921952147,-0.01,0.7613303731938839,2
-0.44616642485909697,-0.01,0.8623072814680635,2
-0.39653159178116293,-0.01,0.9547515175024801,2
-0.32811768896222393,-0.01,1.0343071039294687,2
-0.24414838317802062,-0.01,1.0972253772431912,2
-0.14858031262759036,-0.01,1.1405416250253948,2
-0.04591664992879177,-0.01,1.1622147833538117,0
0.05900508761733852,-0.01,1.1612236118438144,2
0.16124098210166393,-0.01,1.137614814550195,4
0.2559736726843918,-0.01,1.092500839269597,0
0.3387393498966144,-0.01,1.0280074589405783,0
0.4056380905822611,-0.01,0.9471736051085611,0
0.4535176224866991,-0.01,0.8538081733081713,2
0.4801218594947003,-0.01,0.7523105477010502,0
0.48419720852937786,-0.01,0.6474633018578385,2
0.4655516389253068,-0.01,0.5442068436346307,0
0.42506373092379385,-0.01,0.4474066228894157,0
0.36464127692471443,-0.01,0.3616238712234173,1
-0.048698569696775745,-0.01,0.16640838592202534,0
-0.1530356293248024,-0.01,0.1775138538923037,2
-0.25251806497643026,-0.01,0.21087248736972666,1
-0.34245825893996784,-0.01,0.2649124257529496,1
-0.4186182244446369,-0.01,0.3370873042425525,0
-0.4774092998248578,-0.01,0.4239962386871679,2
-0.5160612464507004,-0.01,0.521544075427376,2
-0.5327527825209317,-0.01,0.6251343551561106,2
-0.5266974019593219,-0.01,0.7298858983281106,2
-0.49818043462320416,-0.01,0.8308628066022903,2
-0.44854560154527034,-0.01,0.9233070426367068,0
-0.3801316987263311,-0.01,1.0028626290636953,2
-0.296162392942128,-0.01,1.0657809023774178,2
-0.2005943223916976,-0.01,1.1090971501596216,0
-0.09793065969289919,-0.01,1.1307703084880385,0
0.006991077853231303,-0.01,1.129779136978041,2
0.10922697233755654,-0.01,1.106170339684422,0
0.20395966292028442,-0.01,1.0610563644038238,0
0.28672534013250717,-0.01,0.9965629840748051,0
0.3536240808181539,-0.01,0.9157291302427878,0
0.4015036127225917,-0.01,0.8223636984423985,2
0.4281078497305931,-0.01,0.720866072835277,2
0.43218319876527067,-0.01,0.6160188269920652,2
0.4135376291611996,-0.01,0.5127623687688575,1
0.3730497211596868,-0.01,0.41596214802364284,1
0.01157356583304775,-0.01,0.1361516699553501,2
-0.09270174991714852,-0.01,0.12448068217118458,2
-0.19703880954517544,-0.01,0.13558615014146302,2
-0.29652124519680306,-0.01,0.16894478361888587,0
-0.3864614391603407,-0.01,0.22298472200210898,1
-0.4626214046650097,-0.01,0.29515960049171175,1
-0.5214124800452307,-0.01,0.3820685349363273,2
-0.5600644266710731,-0.01,0.47961637167653537,2
-0.5767559627413045,-0.01,0.58320665140527,2
-0.5707005821796948,-0.01,0.6879581945772699,2
-0.5421836148435769,-0.01,0.7889351028514495,0
-0.492548781765643,-0.01,0.8813793388858662,0
-0.424134878946704,-0.01,0.9609349253128546,0
-0.3401655731625006,-0.01,1.0238531986265773,0
-0.24459750261207036,-0.01,1.0671694464087809,2
-0.14193383991327174,-0.01,1.0888426047371977,2
-0.037012102367141475,-0.01,1.0878514332272005,2
0.06522379211718377,-0.01,1.064242635933581,2
0.1599564826999118,-0.01,1.019128660652983,4
0.24272215991213458,-0.01,0.9546352803239643,0
0.30962090059778097,-0.01,0.8738014264919473,2
0.357500432502219,-0.01,0.7804359946915576,0
0.3841046695102203,-0.01,0.678938369084436,2
0.38818001854489786,-0.01,0.5740911232412244,1
0.3695344489408268,-0.01,0.47083466501801696,1
0.07695476076503927,-0.01,0.11961387893966718,2
-0.022345352627937215,-0.01,0.0857163729723649,0
-0.1266206683781337,-0.01,0.07404538518819931,0
-0.23095772800616043,-0.01,0.08515085315847776,2
-0.3304401636577883,-0.01,0.11850948663590077,1
-0.42038035762132564,-0.01,0.17254942501912374,0
-0.4965403231259946,-0.01,0.24472430350872648,2
-0.5553313985062156,-0.01,0.3316332379533421,2
-0.5939833451320582,-0.01,0.42918107469355027,2
-0.6106748812022895,-0.01,0.5327713544222847,2
-0.6046195006406797,-0.01,0.6375228975942847,2
-0.5761025333045618,-0.01,0.7384998058684644,2
-0.5264677002266279,-0.01,0.8309440419028808,2
-0.4580537974076887,-0.01,0.9104996283298696,2
-0.37408449162348556,-0.01,0.973417901643592,1
-0.27851642107305513,-0.01,1.0167341494257958,2
-0.17585275837425673,-0.01,1.0384073077542126,2
-0.07093102082812644,-0.01,1.0374161362442151,2
0.031304873656198995,-0.01,1.013807338950596,0
0.126037564238927,-0.01,0.9686933636699976,0
0.20880324145114945,-0.01,0.9041999833409791,0
0.2757019821367961,-0.01,0.8233661295089618,2
0.32358151404123414,-0.01,0.7300006977085721,2
0.35018575104923544,-0.01,0.6285030721014506,1
0.35426110008391287,-0.01,0.5236558262582393,1
0.14436424968199507,-0.01,0.11757427447597735,0
0.05471836532330829,-0.01,0.06304750262755199,0
-0.04458174806966836,-0.01,0.029149996660249533,2
-0.14885706381986463,-0.01,0.017479008876084,2
-0.25319412344789155,-0.01,0.02858447684636245,1
-0.35267655909951917,-0.01,0.0619431103237853,1
-0.4426167530630567,-0.01,0.11598304870700826,1
-0.5187767185677258,-0.01,0.18815792719661115,2
-0.5775677939479468,-0.01,0.27506686164122673,2
-0.6162197405737894,-0.01,0.3726146983814348,2
-0.6329112766440207,-0.01,0.47620497811016926,2
-0.6268558960824108,-0.01,0.5809565212821693,2
-0.5983389287462931,-0.01,0.681933429556349,2
-0.548704095668359,-0.01,0.7743776655907656,2
-0.48029019284942,-0.01,0.853933252017754,0
-0.39632088706521673,-0.01,0.9168515253314767,2
-0.30075281651478647,-0.01,0.9601677731136803,2
-0.19808915381598807,-0.01,0.9818409314420972,2
-0.09316741626985758,-0.01,0.9808497599320998,2
0.009068478214467851,-0.01,0.9572409626384806,2
0.10380116879719553,-0.01,0.9121269873578824,0
0.1865668460094183,-0.01,0.8476336070288638,2
0.25346558669506497,-0.01,0.7667997531968465,2
0.30134511859950297,-0.01,0.6734343213964568,0
0.3279493556075042,-0.01,0.5719366957893357,0
0.21062569384518814,-0.01,0.13012896283616904,0
0.13485815740717988,-0.01,0.05754222952507165,0
0.045212273048492985,-0.01,0.003015457676646127,0
-0.05408784034448344,-0.01,-0.030882048290656217,2
-0.15836315609467994,-0.01,-0.04255303607482186,2
-0.26270021572270663,-0.01,-0.031447568104543466,0
-0.3621826513743343,-0.01,0.0019110653728793836,1
-0.45212284533787195,-0.01,0.0559510037561024,1
-0.5282828108425411,-0.01,0.1281258822457053,0
-0.587073886222762,-0.01,0.2150348166903207,2
-0.6257258328486045,-0.01,0.3125826534305287,0
-0.6424173689188359,-0.01,0.4161729331592634,2
-0.6363619883572261,-0.01,0.5209244763312633,2
-0.6078450210211084,-0.01,0.6219013846054431,2
-0.5582101879431746,-0.01,0.7143456206398596,0
-0.48979628512423534,-0.01,0.7939012070668483,0
-0.4058269793400322,-0.01,0.8568194803805708,2
-0.31025890878960194,-0.01,0.9001357281627744,2
-0.20759524609080338,-0.01,0.9218088864911913,2
-0.10267350854467289,-0.01,0.9208177149811939,2
-0.00043761406034786843,-0.01,0.8972089176875748,2
0.09429507652238023,-0.01,0.8520949424069766,0
0.177060753734603,-0.01,0.787601562077958,2
0.24395949442024967,-0.01,0.7067677082459407,2
0.2918390263246875,-0.01,0.6134022764455513,1
0.27261685044635703,-0.01,0.15668636643032358,2
0.21429783231590604,-0.01,0.06945996242923363,2
0.1385302958778975,-0.01,-0.0031267708818639717,0
0.04888441151921072,-0.01,-0.05765354273028939,2
-0.05041570187376593,-0.01,-0.09155104869759179,2
-0.15469101762396226,-0.01,-0.10322203648175732,2
-0.25902807725198895,-0.01,-0.09211656851147887,1
-0.3585105129036168,-0.01,-0.0587579350340558,0
-0.4484507068671545,-0.01,-0.004717996650832779,0
-0.5246106723718233,-0.01,0.06745688183876997,2
-0.5834017477520442,-0.01,0.15436581628338547,2
-0.6220536943778868,-0.01,0.2519136530235938,2
-0.638745230448118,-0.01,0.35550393275232817,0
-0.6326898498865082,-0.01,0.4602554759243283,2
-0.6041728825503904,-0.01,0.5612323841985078,2
-0.5545380494724563,-0.01,0.6536766202329245,2
-0.4861241466535172,-0.01,0.7332322066599131,2
-0.4021548408693142,-0.01,0.7961504799736354,0
-0.3065867703188837,-0.01,0.8394667277558391,2
-0.20392310762008503,-0.01,0.8611398860842561,2
-0.09900137007395499,-0.01,0.8601487145742586,2
0.0032345244103704485,-0.01,0.8365399172806394,2
0.09796721499309846,-0.01,0.791425942000041,0
0.18073289220532118,-0.01,0.7269325616710223,2
0.24763163289096757,-0.01,0.6460987078390052,1
0.3274166928565455,-0.01,0.1959950989745305,2
0.2892941883006157,-0.01,0.0982391371254216,0
0.23097517017016472,-0.01,0.011012733124331653,2
0.15520763373215635,-0.01,-0.06157400018676584,4
0.0655617493734694,-0.01,-0.11610077203519142,4
-0.03373836401950708,-0.01,-0.14999827800249366,2
-0.13801367976970336,-0.01,-0.1616692657866593,0
-0.24235073939773027,-0.01,-0.15056379781638085,1
-0.3418331750493581,-0.01,-0.11720516433895778,0
-0.43177336901289554,-0.01,-0.06316522595573482,2
-0.5079333345175645,-0.01,0.009009652533867929,2
-0.5667244098977855,-0.01,0.09591858697848349,2
-0.605376356523628,-0.01,0.1934664237186916,0
-0.6220678925938593,-0.01,0.29705670344742624,2
-0.6160125120322496,-0.01,0.4018082466194261,2
-0.5874955446961317,-0.01,0.5027851548936059,2
-0.5378607116181978,-0.01,0.5952293909280224,2
-0.4694468087992588,-0.01,0.6747849773550109,2
-0.38547750301505546,-0.01,0.7377032506687335,0
-0.28990943246462497,-0.01,0.7810194984509371,2
-0.1872457697658268,-0.01,0.802692656779354,2
-0.08232403221969631,-0.01,0.8017014852693565,2
0.019911862264629127,-0.01,0.7780926879757373,2
0.11464455284735714,-0.01,0.732978712695139,0
0.19741023005957958,-0.01,0.6684853323661206,0
0.37244304955776375,-0.01,0.2462029308798035,0
0.35631339303881465,-0.01,0.14252367735605387,2
0.31819088848288474,-0.01,0.04476771550694458,0
0.25987187035243375,-0.01,-0.04245868849414541,2
0.18410433391442538,-0.01,-0.11504542180524291,2
0.0944584495557386,-0.01,-0.16957219365366827,0
-0.004841663837237817,-0.01,-0.2034696996209706,2
-0.10911697958743433,-0.01,-0.21514068740513625,0
-0.21345403921546124,-0.01,-0.2040352194348578,0
-0.31293647486708887,-0.01,-0.17067658595743496,1
-0.40287666883062634,-0.01,-0.116636647574212,2
-0.47903663433529553,-0.01,-0.04446176908460914,2
-0.5378277097155164,-0.01,0.042447165360006256,2
-0.576479656341359,-0.01,0.13999500210021454,2
-0.5931711924115903,-0.01,0.24358528182894895,2
-0.5871158118499805,-0.01,0.3483368250009491,2
-0.5585988445138628,-0.01,0.44931373327512864,2
-0.508964011435929,-0.01,0.5417579693095451,2
-0.44055010861698973,-0.01,0.6213135557365338,2
-0.3565808028327864,-0.01,0.6842318290502565,2
-0.26101273228235633,-0.01,0.7275480768324599,2
-0.15834906958355777,-0.01,0.7492212351608769,2
-0.05342733203742728,-0.01,0.7482300636508794,2
0.04880856244689816,-0.01,0.7246212663572602,2
0.14354125302962584,-0.01,0.6795072910766622,0
0.40557427620361997,-0.01,0.3049440664098083,0
0.412197498003243,-0.01,0.20022689320667836,2
0.39606784148429386,-0.01,0.09654763968292873,2
0.35794533692836417,-0.01,-0.0012083221661802201,0
0.299626318797913,-0.01,-0.08843472616727055,2
0.22385878235990472,-0.01,-0.16102145947836788,0
0.13421289800121808,-0.01,-0.21554823132679335,0
0.03491278460824142,-0.01,-0.2494457372940958,0
-0.06936253114195509,-0.01,-0.26111672507826145,1
-0.17369959076998176,-0.01,-0.2500112571079831,0
-0.2731820264216095,-0.01,-0.21665262363056015,1
-0.3631222203851472,-0.01,-0.16261268524733719,2
-0.43928218588981605,-0.01,-0.0904378067577345,2
-0.49807326127003715,-0.01,-0.003528872313118825,0
-0.5367252078958797,-0.01,0.09401896442708918,2
-0.5534167439661111,-0.01,0.19760924415582382,2
-0.5473613634045013,-0.01,0.3023607873278237,2
-0.5188443960683836,-0.01,0.4033376956020033,2
-0.4692095629904497,-0.01,0.49578193163642004,2
-0.40079566017151047,-0.01,0.5753375180634086,2
-0.31682635438730755,-0.01,0.6382557913771311,2
-0.22125828383687707,-0.01,0.6815720391593347,2
-0.11859462113807853,-0.01,0.7032451974877517,2
-0.013672883591948043,-0.01,0.7022540259777543,2
0.08856301089237698,-0.01,0.6786452286841352,2
0.4252492276148883,-0.01,0.3694506201030392,2
0.45431324116611305,-0.01,0.26862980604683573,0
0.46093646296573604,-0.01,0.16391263284370622,0
0.44480680644678683,-0.01,0.06023337931995615,0
0.406684301890857,-0.01,-0.03752258252915275,0
0.34836528376040604,-0.01,-0.12474898653024269,0
0.27259774732239767,-0.01,-0.19733571984134013,2
0.18295186296371072,-0.01,-0.2518624916897657,0
0.08365174957073407,-0.01,-0.28575999765706805,2
-0.02062356617946226,-0.01,-0.2974309854412336,1
-0.12496062580748896,-0.01,-0.28632551747095514,0
-0.2244430614591168,-0.01,-0.2529668839935322,1
-0.3143832554226542,-0.01,-0.1989269456103091,2
-0.3905432209273233,-0.01,-0.1267520671207063,2
-0.4493342963075442,-0.01,-0.03984313267609085,0
-0.48798624293338677,-0.01,0.057704704064117485,2
-0.504677779003618,-0.01,0.1612949837928519,2
-0.4986223984420083,-0.01,0.26604652696485176,2
-0.4701054311058904,-0.01,0.3670234352390315,2
-0.4204705980279563,-0.01,0.45946767127344823,2
-0.35205669520901745,-0.01,0.5390232577004366,2
-0.26808738942481414,-0.01,0.6019415310141591,2
-0.17251931887438365,-0.01,0.6452577787963627,2
-0.06985565617558506,-0.01,0.6669309371247797,2
0.03506608137054501,-0.01,0.6659397656147822,1
0.31620812854231983,0.03430851607387133,0.6659397656147822,2
0.4159049533812858,0.05695186472283714,0.6423309683211631,2
0.5082849194116924,0.0779333932959372,0.5972169930405649,2
0.5889950776719155,0.09626445103976568,0.5327236127115462,2
0.6542323611693167,0.11108127752876464,0.4518897588795289,2
0.70092278560122,0.12168570310287345,0.3585243270791394,2
0.7268662956603774,0.12757804665941422,0.257026701472018,2
0.7308404317592226,0.12848066065349023,0.15217945562880641,2
0.7126579323913043,0.12435101386521592,0.04892299740559869,2
0.6731755579035271,0.11538369547308246,-0.04787722333961619,2
0.6142537199025861,0.10200124600141451,-0.13365997500561477,2
0.5386688185601234,0.08483424718816705,-0.20438316972599957,2
0.4499824184875056,0.06469160893956084,-0.25671432676658723,1
0.3523734276200221,0.04252245345184957,-0.2881875991966114,1
0.25044118685050165,0.019371392522450008,-0.2973199647285548,1
0.14898874883938368,-0.0036706946140651047,-0.2836811058079991,0
0.052796557915359185,-0.025518063574097104,-0.24791368619990428,4
-0.033602804718184,-0.04514126515869873,-0.1917030686374822,2
-0.10613819645293576,-0.061615653055126056,-0.11769790043967676,2
-0.16139174573405196,-0.07416495322076315,-0.029385309107221147,2
-0.19675990235141355,-0.08219784195770856,0.06907341131251044,2
-0.21057611686537914,-0.0853358091171837,0.17303888062454437,2
-0.2021893685059002,-0.0834309935180755,0.2776122403303007,2
-0.1719948413061771,-0.07657315017373272,0.3778659881031942,2
-0.12141530300978653,-0.06508542103091589,0.46907616196294777,1
0.2614206777600791,0.021865077161406968,0.7032451974877518,2
0.36373664166589,0.04510329008159195,0.7022540259777544,2
0.4634334665048561,0.0677466387305578,0.6786452286841352,2
0.5558134325352625,0.08872816730365782,0.6335312534035371,2
0.6365235907954857,0.10705922504748634,0.5690378730745184,2
0.7017608742928868,0.12187605153648524,0.4882040192425011,2
0.7484512987247901,0.1324804771105941,0.3948385874421116,2
0.7743948087839475,0.13837282066713485,0.29334096183499014,2
0.7783689448827928,0.13927543466121084,0.1884937159917785,2
0.7601864455148744,0.13514578787293657,0.08523725776857083,2
0.7207040710270973,0.1261784694808031,-0.011562962976643942,2
0.661782233026156,0.11279602000913512,-0.09734571464264274,2
0.5861973316836935,0.09562902119588769,-0.16806890936302732,2
0.4975109316110755,0.07548638294728141,-0.2204000664036151,1
0.3999019407435922,0.053317227459570196,-0.25187333883363927,1
0.29796969997407163,0.030166166530170582,-0.26100570436558257,1
0.19651726196295383,0.007124079393655518,-0.24736684544502685,2
0.1003250710389293,-0.01472328956637648,-0.21159942583693214,0
0.013925708405386025,-0.034346491150978146,-0.15538880827450985,4
-0.0586096833293657,-0.05082087904740546,-0.0813836400767044,2
-0.11386323261048184,-0.06337017921304253,0.0069289512557511035,2
-0.1492313892278434,-0.07140306794998792,0.10538767167548269,2
-0.16304760374180904,-0.0745410351094631,0.20935314098751703,2
-0.1546608553823301,-0.07263621951035489,0.3139265006932729,2
-0.12446632818260714,-0.0657783761660121,0.414180248466166,1
0.2000738391980928,0.007931856556692625,0.72754807683246,2
0.3001878084555149,0.030669947907036636,0.7492212351608769,2
0.402503772361326,0.05390816082722166,0.7482300636508795,2
0.5022005972002919,0.07655150947618748,0.7246212663572604,2
0.5945805632306985,0.09753303804928753,0.6795072910766622,2
0.6752907214909215,0.115864095793116,0.6150139107476436,2
0.7405280049883227,0.13068092228211495,0.5341800569156264,2
0.7872184294202261,0.14128534785622382,0.4408146251152368,2
0.8131619394793835,0.14717769141276457,0.33931699950811534,2
0.8171360755782288,0.14808030540684056,0.23446975366490375,2
0.7989535762103104,0.1439506586185663,0.13121329544169613,2
0.7594712017225332,0.13498334022643282,0.03441307469648114,2
0.7005493637215922,0.12160089075476484,-0.05136967696951744,2
0.6249644623791295,0.1044338919415174,-0.12209287168990224,2
0.5362780623065118,0.08429125369291117,-0.1744240287304899,1
0.4386690714390282,0.06212209820519991,-0.20589730116051408,1
0.33673683066950777,0.03897103727580034,-0.2150296666924575,1
0.23528439265839002,0.015928950139285282,-0.20139080777190177,2
0.1390922017343653,-0.005918418820746762,-0.16562338816380695,0
0.05269283910082202,-0.02554162040534843,-0.10941277060138477,4
-0.019842552633929478,-0.04201600830177569,-0.03540760240357954,2
-0.07509610191504584,-0.05456530846741282,0.052904988928876184,2
-0.11046425853240743,-0.0625981972043582,0.15136370934860782,2
-0.12428047304637302,-0.06573616436383338,0.2553291786606422,2
-0.11589372468689407,-0.06383134876472515,0.359902538366398,1
0.1350582791847014,-0.006834611636942293,0.7377032506687335,0
0.22825287818461515,0.01433193805773598,0.7810194984509371,2
0.3283668474420375,0.03707002940808004,0.802692656779354,2
0.43068281134784836,0.060308242328265024,0.8017014852693565,2
0.5303796361868145,0.08295159097723089,0.7780926879757373,2
0.6227596022172209,0.1039331195503309,0.7329787126951393,2
0.703469760477444,0.12226417729415938,0.6684853323661205,2
0.7687070439748452,0.13708100378315835,0.5876514785341033,2
0.8153974684067485,0.1476854293572672,0.4942860467337137,2
0.8413409784659058,0.15357777291380792,0.39278842112659224,2
0.8453151145647512,0.1544803869078839,0.2879411752833807,2
0.8271326151968327,0.15035074011960964,0.18468471706017292,2
0.7876502407090556,0.14138342172747617,0.08788449631495815,2
0.7287284027081143,0.1280009722558082,0.0021017446489594027,2
0.6531435013656518,0.11083397344256075,-0.06862145007142523,2
0.564457101293034,0.09069133519395449,-0.12095260711201306,1
0.4668481104255505,0.06852217970624327,-0.15242587954203712,1
0.3649158696560302,0.0453711187768437,-0.16155824507398053,1
0.26346343164491215,0.022329031640328588,-0.14791938615342481,2
0.16727124072088745,0.0004816626802965438,-0.11215196654532988,2
0.08087187808734449,-0.019141538904305033,-0.05594134898290787,4
0.008336486352592723,-0.03561592680073236,0.018063819214897636,4
-0.04691706292852349,-0.04816522696636946,0.1063764105473532,2
-0.08228521954588519,-0.056198115703314885,0.20483513096708522,2
-0.09610143405985067,-0.05933608286279002,0.3088006002791187,1
0.06943753440010332,-0.02173853064502001,0.7332322066599128,4
0.1513214286316032,-0.0031408915646004894,0.7961504799736354,0
0.24451602763151714,0.018025658130077823,0.839466727755839,2
0.34462999688893925,0.040763749480421836,0.8611398860842558,2
0.44694596079475035,0.06400196240060686,0.8601487145742586,2
0.5466427856337163,0.08664531104957268,0.8365399172806394,2
0.6390227516641228,0.10762683962267271,0.7914259420000411,2
0.7197329099243459,0.12595789736650123,0.7269325616710225,2
0.7849701934217471,0.14077472385550016,0.6460987078390054,2
0.8316606178536504,0.151379149429609,0.5527332760386157,2
0.8576041279128078,0.15727149298614976,0.45123565043149444,2
0.8615782640116532,0.15817410698022577,0.3463884045882827,2
0.8433957646437348,0.1540444601919515,0.2431319463650751,2
0.8039133901559576,0.145077141799818,0.14633172561986013,2
0.7449915521550166,0.13169469232815006,0.06054897395386155,2
0.6694066508125539,0.11452769351490259,-0.010174220766523245,1
0.580720250739936,0.09438505526629638,-0.06250537780711096,1
0.48311125987245274,0.07221589977858518,-0.09397865023713503,1
0.38117901910293217,0.04906483884918554,-0.10311101576907855,2
0.27972658109181414,0.026022751712670433,-0.08947215684852283,2
0.18353439016778977,0.004175382752638479,-0.05370473724042807,2
0.09713502753424648,-0.015447818831963186,0.002505880321994114,0
0.024599635799494715,-0.031922206728390516,0.07651104851979962,4
-0.030653913481621498,-0.04447150689402762,0.16482363985225518,2
-0.06602207009898309,-0.05250439563097301,0.26328236027198676,1
0.006303657863425474,-0.03607762700330265,0.7143456206398598,4
0.07301847383185757,-0.02092522028959984,0.7939012070668483,4
0.15490236806335766,-0.0023275812091802777,0.856819480380571,2
0.2480969670632714,0.018838968485497994,0.9001357281627745,2
0.3482109363206937,0.041577059835842055,0.9218088864911915,2
0.4505269002265046,0.06481527275602704,0.920817714981194,2
0.5502237250654707,0.08745862140499287,0.8972089176875748,2
0.6426036910958771,0.10844014997809291,0.8520949424069767,2
0.7233138493561003,0.1267712077219214,0.787601562077958,2
0.7885511328535014,0.14158803421092037,0.7067677082459407,2
0.8352415572854047,0.15219245978502918,0.6134022764455512,2
0.8611850673445621,0.15808480334156993,0.5119046508384297,2
0.8651592034434074,0.15898741733564592,0.40705740499521825,2
0.846976704075489,0.15485777054737165,0.3038009467720104,2
0.8074943295877118,0.1458904521552382,0.20700072602679565,2
0.7485724915867706,0.13250800268357021,0.1212179743607969,2
0.6729875902443081,0.11534100387032277,0.05049477964041227,1
0.5843011901716904,0.09519836562171655,-0.0018363774001754485,1
0.4866921993042068,0.07302921013400529,-0.03330964983019963,1
0.3847599585346862,0.04987814920460567,-0.042442015362142926,2
0.28330752052356856,0.026836062068090652,-0.028803156441587263,2
0.1871153295995439,0.004988693108058608,0.0069642631665075005,2
0.10071596696600062,-0.014634508476543058,0.06317488072892974,0
0.02818057523124891,-0.031108896372970374,0.13718004892673524,4
-0.02707297404986725,-0.04365819653860745,0.2254926402591907,1
-0.051368478771632864,-0.049176241721150905,0.6819334295563491,2
-0.0029663467783456604,-0.038183049592439254,0.7743776655907656,4
0.06374846919008666,-0.0230306428787364,0.8539332520177543,4
0.14563236342158647,-0.004433003798316895,0.9168515253314767,0
0.23882696242150048,0.016733545896361432,0.9601677731136803,2
0.3389409316789226,0.03947163724670544,0.9818409314420973,2
0.4412568955847336,0.06270985016689044,0.9808497599320998,2
0.5409537204236996,0.08535319881585628,0.9572409626384807,2
0.633333686454106,0.10633472738895632,0.9121269873578824,2
0.7140438447143292,0.12466578513278483,0.8476336070288638,2
0.7792811282117303,0.13948261162178374,0.7667997531968467,2
0.8259715526436336,0.15008703719589261,0.673434321396457,2
0.851915062702791,0.15597938075243334,0.5719366957893356,2
0.8558891988016364,0.15688199474650935,0.4670894499461239,2
0.837706699433718,0.15275234795823506,0.3638329917229163,2
0.7982243249459408,0.1437850295661016,0.2670327709777013,2
0.7393024869449998,0.13040258009443365,0.18125001931170284,2
0.6637175856025371,0.11323558128118617,0.11052682459131802,1
0.575031185529919,0.09309294303257991,0.058195667550730246,1
0.4774221946624356,0.07092378754486865,0.026722395120706177,1
0.3754899538929154,0.04777272661546912,0.017590029588762768,2
0.27403751588179737,0.024730639478954014,0.031228888509318486,2
0.17784532495777267,0.00288327051892197,0.06699630811741342,2
0.09144596232422937,-0.01673993106567969,0.12320692567983571,4
0.01891057058947794,-0.033214318962106935,0.1972120938776409,2
-0.10086136132891793,-0.06041716736945613,0.6375228975942847,1
-0.07305262437026255,-0.05410118962934953,0.7384998058684642,2
-0.024650492376975253,-0.04310799750063787,0.8309440419028808,2
0.042064323591456856,-0.027955590786935054,0.9104996283298694,4
0.12394821782295694,-0.009357951706515493,0.973417901643592,0
0.21714281682287068,0.01180859798816278,1.0167341494257955,2
0.3172567860802929,0.03454668933850681,1.0384073077542126,2
0.4195727499861039,0.05778490225869182,1.0374161362442151,2
0.51926957482507,0.08042825090765766,1.013807338950596,2
0.6116495408554764,0.10140977948075769,0.9686933636699977,2
0.6923596991156994,0.11974083722458616,0.9041999833409791,2
0.7575969826131007,0.13455766371358513,0.8233661295089618,2
0.804287407045004,0.14516208928769397,0.7300006977085723,2
0.8302309171041614,0.15105443284423473,0.6285030721014508,2
0.8342050532030066,0.1519570468383107,0.5236558262582393,2
0.8160225538350883,0.14782740005003644,0.4203993680350315,2
0.7765401793473111,0.13886008165790298,0.3235991472898167,2
0.71761834134637,0.125477632186235,0.23781639562381812,2
0.6420334400039074,0.10831063337298756,0.16709320090343333,1
0.5533470399312894,0.08816799512438128,0.11476204386284555,1
0.4557380490638063,0.06599883963667012,0.08328877143282154,2
0.35380580829428565,0.042847778707270495,0.07415640590087808,2
0.2523533702831677,0.019805691570755388,0.0877952648214338,2
0.15616117935914298,-0.0020416773892766565,0.12356268442952872,2
0.06976181672560001,-0.021664878973878234,0.17977330199195068,2
-0.13984288252377686,-0.06927073092785396,0.58320665140527,1
-0.13393788977901588,-0.06792957678673454,0.6879581945772699,2
-0.10612915282036048,-0.06161359904662794,0.7889351028514496,2
-0.05772702082707329,-0.05062040691791629,0.8813793388858662,2
0.008987795141359042,-0.03546800020421344,0.9609349253128548,4
0.09087168937285887,-0.016870361123793934,1.0238531986265773,4
0.18406628837277278,0.004296188570884369,1.0671694464087809,2
0.28418025763019494,0.027034279921228407,1.0888426047371977,2
0.38649622153600593,0.05027249284141341,1.0878514332272005,2
0.48619304637497196,0.07291584149037925,1.0642426359335813,2
0.5785730124053784,0.09389737006347924,1.019128660652983,2
0.6592831706656016,0.11222842780730778,0.9546352803239644,2
0.7245204541630027,0.1270452542963067,0.8738014264919473,2
0.7712108785949061,0.13764967987041557,0.7804359946915576,2
0.7971543886540634,0.14354202342695632,0.6789383690844362,2
0.8011285247529087,0.1444446374210323,0.5740911232412245,2
0.7829460253849904,0.14031499063275804,0.47083466501801685,2
0.7434636508972133,0.13134767224062457,0.3740344442728021,2
0.6845418128962721,0.11796522276895659,0.2882516926068034,1
0.6089569115538095,0.10079822395570914,0.21752849788641862,1
0.5202705114811919,0.08065558570710298,0.16519734084583093,1
0.4226615206137084,0.05848643021939172,0.13372406841580686,2
0.32072927984418775,0.03533536928999209,0.12459170288386334,2
0.21927684183306978,0.012293282153476979,0.13823056180441906,2
0.1230846509090454,-0.009554086806554977,0.17399798141251377,0
-0.16647623098358122,-0.07531975200589577,0.5215440754273762,1
-0.18275322602803967,-0.07901661671893434,0.6251343551561106,2
-0.1768482332832786,-0.07767546257781492,0.7298858983281107,2
-0.1490394963246232,-0.07135948483770832,0.8308628066022903,2
-0.10063736433133594,-0.060366292708996655,0.9233070426367069,2
-0.03392254836290384,-0.04521388599529384,1.0028626290636955,2
0.047961345868596114,-0.02661624691487431,1.065780902377418,4
0.14115594486851,-0.005449697220196009,1.1090971501596216,0
0.2412699141259322,0.01728839413014803,1.1307703084880387,2
0.3435858780317432,0.040526607050333036,1.129779136978041,2
0.44328270287070914,0.06316995569929885,1.106170339684422,2
0.5356626689011157,0.0841514842723989,1.0610563644038238,2
0.6163728271613388,0.10248254201622738,0.9965629840748051,2
0.68161011065874,0.11729936850522633,0.9157291302427879,2
0.7283005350906433,0.12790379407933516,0.8223636984423983,2
0.7542440451498007,0.13379613763587594,0.7208660728352769,2
0.758218181248646,0.13469875162995193,0.6160188269920653,2
0.7400356818807275,0.13056910484167766,0.5127623687688577,2
0.7005533073929505,0.12160178644954416,0.41596214802364273,2
0.6416314693920092,0.1082193369778762,0.33017939635764404,1
0.5660465680495469,0.09105233816462882,0.25945620163725946,1
0.47736016797692893,0.07090969991602254,0.20712504459667166,2
0.3797511771094454,0.048740544428311286,0.1756517721666475,2
0.2778189363399248,0.025589483498911665,0.16651940663470421,2
0.1763664983288072,0.0025473963623966495,0.18015826555525985,1
-0.17950644189827136,-0.07827920040545575,0.45544071355294125,1
-0.2171984518511212,-0.08683988750879358,0.5529885502931493,1
-0.23347544689557959,-0.09053675222183213,0.656578830021884,2
-0.22757045415081856,-0.08919559808071273,0.7613303731938839,2
-0.19976171719216307,-0.08287962034060611,0.8623072814680637,2
-0.15135958519887588,-0.07188642821189446,0.9547515175024801,2
-0.08464476923044367,-0.05673402149819162,1.0343071039294687,2
-0.002760874998943688,-0.03813638241777209,1.0972253772431912,4
0.09043372400097018,-0.01696983272309379,1.1405416250253948,4
0.19054769325839238,0.005768258627250241,1.1622147833538117,2
0.29286365716420326,0.02900647154743522,1.1612236118438144,2
0.3925604820031694,0.051649820196401075,1.137614814550195,2
0.4849404480335758,0.07263134876950109,1.092500839269597,2
0.5656506062937989,0.09096240651332961,1.028007458940578,2
0.6308878897912001,0.10577923300232853,0.9471736051085611,2
0.6775783142231034,0.11638365857643738,0.8538081733081713,2
0.7035218242822607,0.12227600213297811,0.75231054770105,2
0.7074959603811061,0.1231786161270541,0.6474633018578385,2
0.6893134610131876,0.11904896933877983,0.5442068436346307,2
0.6498310865254103,0.11008165094664633,0.4474066228894157,2
0.5909092485244695,0.0966992014749784,0.3616238712234173,1
0.5153243471820068,0.07953220266173096,0.29090067650303253,1
0.4266379471093888,0.05938956441312468,0.23856951946244476,2
0.32902895624190526,0.03722040892541342,0.20709624703242063,2
0.22709671547238508,0.014069347996013901,0.19796388150047728,1
-0.17831953102961784,-0.07800962675897725,0.38801135974428846,2
-0.2356505063572214,-0.09103075621646027,0.4749202941889039,1
-0.2733425163100713,-0.09959144331979812,0.5724681309291122,2
-0.2896195113545297,-0.10328830803283669,0.6760584106578466,2
-0.28371451860976865,-0.10194715389171727,0.7808099538298466,2
-0.2559057816511133,-0.09563117615161067,0.8817868621040262,2
-0.20750364965782608,-0.08463798402289902,0.9742310981384429,2
-0.14078883368939388,-0.06948557730919619,1.0537866845654313,2
-0.058904939457893934,-0.05088793822877666,1.116704957879154,2
0.03428965954201996,-0.029721388534098357,1.1600212056613577,4
0.13440362879944207,-0.006983297183754339,1.1816943639897746,0
0.23671959270525317,0.01625491573643069,1.180703192479777,2
0.3364164175442191,0.0388982643853965,1.1570943951861579,2
0.4287963835746257,0.05987979295849656,1.1119804199055596,2
0.5095065418348488,0.07821085070232503,1.047487039576541,2
0.57474382533225,0.09302767719132399,0.9666531857445237,2
0.6214342497641533,0.10363210276543282,0.8732877539441343,2
0.6473777598233106,0.10952444632197356,0.771790128337013,2
0.6513518959221559,0.11042706031604957,0.6669428824938013,2
0.6331693965542375,0.10629741352777529,0.5636864242705935,2
0.5936870220664605,0.09733009513564184,0.46688620352537885,1
0.5347651840655194,0.08394764566397386,0.3811034518593801,1
0.45918028272305667,0.06678064685072642,0.3103802571389953,2
0.3704938826504387,0.04663800860212015,0.25804910009840754,2
0.27288489178295555,0.024468853114408995,0.22657582766838352,1
-0.16297142568150763,-0.07452373339116272,0.3224332887749087,2
-0.23723992774684444,-0.0913917488833129,0.3946081672645114,0
-0.29457090307444805,-0.10441287834079593,0.481517101709127,1
-0.3322629130272979,-0.11297356544413377,0.5790649384493352,2
-0.3485399080717563,-0.11667043015717232,0.6826552181780697,1
-0.34263491532699525,-0.11532927601605292,0.7874067613500696,1
-0.31482617836833987,-0.10901329827594632,0.8883836696242493,2
-0.26642404637505257,-0.09802010614723465,0.9808279056586658,2
-0.19970923040662036,-0.08286769943353181,1.0603834920856545,1
-0.1178253361751204,-0.06427006035311228,1.1233017653993769,2
-0.02463073717520664,-0.043103510658434006,1.1666180131815804,2
0.07548323208221569,-0.020365419308089945,1.1882911715099975,4
0.17779919598802657,0.00287279361209504,1.1873,1
0.27749602082699265,0.025516142261060894,1.1636912027063808,1
0.3698759868573991,0.046497670834160905,1.1185772274257828,1
0.4505861451176223,0.06482872857798942,1.054083847096764,2
0.5158234286150234,0.07964555506698834,0.9732499932647467,1
0.5625138530469267,0.09024998064109717,0.8798845614643572,2
0.5884573631060841,0.09614232419763792,0.7783869358572357,2
0.5924314992049293,0.09704493819171392,0.673539690014024,1
0.5742489998370109,0.09291529140343965,0.5702832317908166,2
0.5347666253492338,0.08394797301130617,0.47348301104560164,1
0.4758447873482926,0.0705655235396382,0.3877002593796029,1
0.40025988600582985,0.05339852472639073,0.3169770646592181,1
0.31157348593321227,0.033255886477784546,0.26464590761863055,1
-0.13418532940238048,-0.06798577578475141,0.2617965428714626,2
-0.22189182239873417,-0.08790585551549836,0.3158364812546855,1
-0.29616032446407115,-0.10477387100764858,0.3880113597442884,1
-0.3534912997916747,-0.1177950004651316,0.4749202941889038,1
-0.39118330974452453,-0.12635568756846943,0.5724681309291121,2
-0.407460304788983,-0.130052552281508,0.6760584106578464,2
-0.4015553120442219,-0.1287113981403886,0.7808099538298465,2
-0.3737465750855666,-0.12239542040028199,0.8817868621040261,2
-0.3253444430922794,-0.11140222827157034,0.9742310981384428,2
-0.2586296271238472,-0.09624982155786752,1.0537866845654313,2
-0.1767457328923473,-0.077652182477448,1.116704957879154,2
-0.08355113389243332,-0.05648563278276968,1.1600212056613575,2
0.0165628353649888,-0.033747541432425664,1.1816943639897743,4
0.11887879927079988,-0.010509328512240635,1.180703192479777,0
0.21857562410976583,0.012134020136725177,1.1570943951861579,2
0.3109555901401724,0.03311554870982523,1.1119804199055596,2
0.3916657484003954,0.051446606453653704,1.047487039576541,2
0.4569030318977965,0.06626343294265265,0.966653185744524,2
0.5035934563297,0.07686785851676149,0.8732877539441343,2
0.5295369663888574,0.08276020207330224,0.7717901283370128,2
0.5335111024877027,0.08366281606737826,0.6669428824938014,2
0.5153286031197842,0.07953316927910398,0.5636864242705937,2
0.47584622863200715,0.0705658508869705,0.46688620352537863,1
0.4169243906310659,0.05718340141530252,0.3811034518593799,2
0.3413394892886036,0.04001640260205515,0.3103802571389953,1
-0.09331764459517958,-0.058703822853349595,0.20895832875807696,2
-0.19032939386133052,-0.08073733159575593,0.24231696223549987,2
-0.2780358868576843,-0.10065741132650291,0.29635690061872294,1
-0.35230438892302113,-0.11752542681865309,0.3685317791083257,1
-0.40963536425062474,-0.13054655627613612,0.45544071355294125,2
-0.44732737420347457,-0.13910724337947394,0.5529885502931493,2
-0.4636043692479329,-0.1428041080925125,0.6565788300218839,2
-0.45769937650317194,-0.14146295395139308,0.7613303731938839,2
-0.42989063954451656,-0.1351469762112865,0.8623072814680635,2
-0.3814885075512292,-0.12415378408257484,0.9547515175024801,2
-0.31477369158279717,-0.10900137736887203,1.0343071039294687,2
-0.2328897973512971,-0.09040373828845247,1.0972253772431912,2
-0.13969519835138333,-0.06923718859377419,1.1405416250253948,2
-0.039581229093961,-0.046499097243430126,1.1622147833538117,2
0.06273473481184987,-0.023260884323245145,1.1612236118438144,4
0.16243155965081602,-0.0006175356742792893,1.137614814550195,2
0.2548115256812224,0.020363992898820724,1.092500839269597,2
0.33552168394144544,0.03869505064264919,1.0280074589405783,2
0.4007589674388467,0.05351187713164815,0.9471736051085611,2
0.44744939187075006,0.06411630270575701,0.8538081733081713,2
0.47339290192990735,0.07000864626229772,0.7523105477010502,2
0.4773670380287527,0.07091126025637373,0.6474633018578385,2
0.45918453866083425,0.06678161346809945,0.5442068436346307,1
0.419702164173057,0.05781429507596596,0.4474066228894157,1
0.3607803261721161,0.044431845604298026,0.3616238712234173,1
-0.0422940587632635,-0.04711524071767311,0.16640838592202534,2
-0.1440398654627194,-0.07022395835624738,0.1775138538923037,2
-0.2410516147288705,-0.09225746709865375,0.21087248736972666,1
-0.3287581077252242,-0.11217754682940069,0.2649124257529496,1
-0.40302660979056115,-0.1290455623215509,0.3370873042425525,1
-0.4603575851181647,-0.14206669177903392,0.4239962386871679,2
-0.49804959507101454,-0.15062737888237177,0.521544075427376,2
-0.514326590115473,-0.15432424359541033,0.6251343551561106,2
-0.5084215973707119,-0.15298308945429093,0.7298858983281106,2
-0.48061286041205664,-0.1466671117141843,0.8308628066022903,2
-0.4322107284187694,-0.13567391958547267,0.9233070426367068,2
-0.3654959124503372,-0.12052151287176986,1.0028626290636953,2
-0.2836120182188373,-0.10192387379135033,1.0657809023774178,2
-0.19041741921892336,-0.08075732409667202,1.1090971501596216,2
-0.09030344996150125,-0.05801923274632801,1.1307703084880385,2
0.012012513944309841,-0.03478101982614298,1.129779136978041,4
0.11170933878327578,-0.012137671177177163,1.106170339684422,0
0.2040893048136822,0.008843857395922848,1.0610563644038238,2
0.2847994630739054,0.027174915139751364,0.9965629840748051,2
0.3500367465713067,0.04199174162875032,0.9157291302427878,2
0.39672717100320987,0.052596167202859125,0.8223636984423985,2
0.4226706810623673,0.058488510759399884,0.720866072835277,2
0.42664481716121266,0.059391124753475896,0.6160188269920652,2
0.4084623177932942,0.05526147796520163,0.5127623687688575,1
0.3689799433055172,0.04629415957306817,0.41596214802364284,1
0.016481193988190826,-0.03376608399044598,0.1361516699553501,4
-0.08520440226752624,-0.05686112650875348,0.12448068217118458,2
-0.18695020896698233,-0.0799698441473278,0.13558615014146302,2
-0.28396195823313325,-0.10200335288973413,0.16894478361888587,1
-0.3716684512294871,-0.12192343262048111,0.22298472200210898,1
-0.44593695329482386,-0.13879144811263128,0.29515960049171175,1
-0.5032679286224275,-0.1518125775701143,0.3820685349363273,2
-0.5409599385752774,-0.16037326467345214,0.47961637167653537,2
-0.5572369336197357,-0.1640701293864907,0.58320665140527,2
-0.5513319408749747,-0.16272897524537128,0.6879581945772699,2
-0.5235232039163193,-0.1564129975052647,0.7889351028514495,2
-0.475121071923032,-0.14541980537655302,0.8813793388858662,2
-0.4084062559545999,-0.13026739866285023,0.9609349253128546,2
-0.32652236172309984,-0.11166975958243067,1.0238531986265773,2
-0.23332776272318612,-0.09050320988775239,1.0671694464087809,2
-0.13321379346576379,-0.06776511853740833,1.0888426047371977,2
-0.030897829559952905,-0.04452690561722335,1.0878514332272005,2
0.06879899527901305,-0.021883556968257535,1.064242635933581,4
0.16117896130941967,-0.0009020283951574806,1.019128660652983,2
0.24188911956964287,0.017429029348671035,0.9546352803239643,2
0.30712640306704375,0.03224585583766994,0.8738014264919473,2
0.3538168274989473,0.04285028141177878,0.7804359946915576,2
0.37976033755810457,0.048742624968319534,0.678938369084436,2
0.3837344736569499,0.04964523896239553,0.5740911232412244,1
0.3655519742890315,0.04551559217412127,0.47083466501801696,1
0.0802386205923707,-0.019285365653716774,0.11961387893966718,4
-0.016595334461907058,-0.041278493407724375,0.0857163729723649,4
-0.1182809307176243,-0.06437353592603193,0.07404538518819931,2
-0.22002673741708023,-0.08748225356460619,0.08515085315847776,2
-0.3170384866832313,-0.10951576230701258,0.11850948663590077,1
-0.4047449796795849,-0.12943584203775949,0.17254942501912374,1
-0.47901348174492175,-0.14630385752990968,0.24472430350872648,2
-0.5363444570725254,-0.1593249869873927,0.3316332379533421,2
-0.5740364670253753,-0.16788567409073055,0.42918107469355027,2
-0.5903134620698336,-0.17158253880376909,0.5327713544222847,2
-0.5844084693250725,-0.17024138466264968,0.6375228975942847,2
-0.556599732366417,-0.16392540692254307,0.7384998058684644,2
-0.5081976003731299,-0.15293221479383143,0.8309440419028808,2
-0.4414827844046977,-0.13777980808012857,0.9104996283298696,2
-0.3595988901731977,-0.11918216899970906,0.973417901643592,2
-0.26640429117328374,-0.09801561930503075,1.0167341494257958,2
-0.16629032191586163,-0.07527752795468673,1.0384073077542126,2
-0.06397435801005077,-0.052039315034501744,1.0374161362442151,2
0.035722466828915375,-0.02939596638553589,1.013807338950596,4
0.12810243285932194,-0.008414437812435843,0.9686933636699976,0
0.2088125911195448,0.009916619931392598,0.9041999833409791,2
0.2740498746169461,0.024733446420391554,0.8233661295089618,2
0.32074029904884943,0.03533787199450041,0.7300006977085721,2
0.3466838091080068,0.04123021555104114,0.6285030721014506,1
0.35065794520685206,0.042132829545117136,0.5236558262582393,1
0.1459739676829011,-0.004355417933356675,0.11757427447597735,0
0.05855447499374121,-0.02421031356191536,0.06304750262755199,4
-0.03827948006053675,-0.046203441315923,0.029149996660249533,2
-0.13996507631625377,-0.0692984838342305,0.017479008876084,2
-0.24171088301570987,-0.09240720147280482,0.02858447684636245,1
-0.33872263228186084,-0.11444071021521114,0.0619431103237853,1
-0.4264291252782145,-0.13436078994595807,0.11598304870700826,1
-0.5006976273435514,-0.1512288054381083,0.18815792719661115,2
-0.5580286026711551,-0.16424993489559134,0.27506686164122673,2
-0.5957206126240049,-0.17281062199892916,0.3726146983814348,2
-0.6119976076684633,-0.17650748671196773,0.47620497811016926,2
-0.6060926149237023,-0.17516633257084832,0.5809565212821693,2
-0.5782838779650469,-0.1688503548307417,0.681933429556349,2
-0.5298817459717596,-0.15785716270203004,0.7743776655907656,2
-0.46316693000332754,-0.14270475598832724,0.853933252017754,2
-0.3812830357718274,-0.1241071169079077,0.9168515253314767,2
-0.28808843677191365,-0.10294056721322942,0.9601677731136803,2
-0.18797446751449154,-0.0802024758628854,0.9818409314420972,2
-0.08565850360868046,-0.05696426294270037,0.9808497599320998,2
0.014038321230285686,-0.03432091429373452,0.9572409626384806,4
0.10641828726069193,-0.013339385720634546,0.9121269873578824,0
0.18712844552091512,0.004991672023193972,0.8476336070288638,2
0.2523657290183164,0.019808498512192928,0.7667997531968465,2
0.29905615345021974,0.030412924086301786,0.6734343213964568,2
0.32499966350937703,0.0363052676428425,0.5719366957893357,1
0.2105897821738441,0.010320259232075664,0.13012896283616904,2
0.13670396304113025,-0.006460840522493237,0.05754222952507165,0
0.049284470351970186,-0.026315736151051948,0.003015457676646127,4
-0.04754948470230752,-0.04830886390505954,-0.030882048290656217,2
-0.1492350809580248,-0.0714039064233671,-0.04255303607482186,2
-0.2509808876574807,-0.09451262406194137,-0.031447568104543466,1
-0.34799263692363164,-0.11654613280434771,0.0019110653728793836,1
-0.4356991299199855,-0.13646621253509467,0.0559510037561024,1
-0.5099676319853225,-0.1533342280272449,0.1281258822457053,2
-0.567298607312926,-0.1663553574847279,0.2150348166903207,2
-0.6049906172657759,-0.17491604458806573,0.3125826534305287,2
-0.6212676123102343,-0.17861290930110432,0.4161729331592634,2
-0.6153626195654732,-0.1772717551599849,0.5209244763312633,2
-0.587553882606818,-0.1709557774198783,0.6219013846054431,2
-0.5391517506135307,-0.15996258529116666,0.7143456206398596,2
-0.4724369346450985,-0.1448101785774638,0.7939012070668483,2
-0.3905530404135986,-0.1262125394970443,0.8568194803805708,2
-0.29735844141368484,-0.10504598980236604,0.9001357281627744,2
-0.19724447215626256,-0.082307898452022,0.9218088864911913,2
-0.09492850825045149,-0.05906968553183696,0.9208177149811939,2
0.004768316588514274,-0.03642633688287119,0.8972089176875748,4
0.0971482826189209,-0.015444808309771135,0.8520949424069766,0
0.1778584408791441,0.0028862494340573825,0.787601562077958,2
0.24309572437654536,0.01770307592305634,0.7067677082459407,2
0.28978614880844855,0.02830750149716514,0.6134022764455513,1
0.2710413634154911,0.02405014714622814,0.15668636643032358,2
0.21417072160559836,0.011133569587495834,0.06945996242923363,2
0.14028490247288417,-0.005647530167073122,-0.0031267708818639717,0
0.05286540978372424,-0.02550242579563182,-0.05765354273028939,4
-0.04396854527055366,-0.04749555354963947,-0.09155104869759179,2
-0.14565414152627076,-0.07059059606794697,-0.10322203648175732,2
-0.24739994822572664,-0.09369931370652124,-0.09211656851147887,1
-0.34441169749187783,-0.11573282244892762,-0.0587579350340558,1
-0.4321181904882315,-0.13565290217967457,-0.004717996650832779,2
-0.5063866925535684,-0.15252091767182474,0.06745688183876997,2
-0.5637176678811718,-0.16554204712930776,0.15436581628338547,2
-0.6014096778340218,-0.1741027342326456,0.2519136530235938,2
-0.6176866728784801,-0.17779959894568415,0.35550393275232817,2
-0.6117816801337189,-0.1764584448045647,0.4602554759243283,2
-0.5839729431750635,-0.17014246706445812,0.5612323841985078,2
-0.5355708111817762,-0.15914927493574643,0.6536766202329245,2
-0.4688559952133441,-0.1439968682220436,0.7332322066599131,2
-0.3869721009818442,-0.1253992291416241,0.7961504799736354,2
-0.2937775019819302,-0.1042326794469458,0.8394667277558391,2
-0.19366353272450787,-0.08149458809660173,0.8611398860842561,2
-0.09134756881869724,-0.05825637517641679,0.8601487145742586,2
0.008349256020268911,-0.035613026527450936,0.8365399172806394,4
0.10072922205067548,-0.014631497954350888,0.791425942000041,0
0.18143938031089868,0.003699559789477636,0.7269325616710223,2
0.2466766638082996,0.01851638627847651,0.6460987078390052,1
0.3244802296525264,0.036187292753073,0.1959950989745305,2
0.2873045128623931,0.027743867218569987,0.0982391371254216,2
0.23043387105250035,0.01482728965983768,0.011012733124331653,2
0.15654805191978632,-0.001953810094731249,-0.06157400018676584,2
0.06912855923062623,-0.021808705723289974,-0.11610077203519142,4
-0.02770539582365153,-0.043801833477297575,-0.14999827800249366,2
-0.12939099207936855,-0.06689687599560508,-0.1616692657866593,1
-0.23113679877882465,-0.0900055936341794,-0.15056379781638085,1
-0.32814854804497584,-0.11203910237658578,-0.11720516433895778,1
-0.4158550410413294,-0.1319591821073327,-0.06316522595573482,2
-0.4901235431066663,-0.14882719759948287,0.009009652533867929,2
-0.5474545184342698,-0.1618483270569659,0.09591858697848349,2
-0.5851465283871197,-0.17040901416030374,0.1934664237186916,2
-0.601423523431578,-0.17410587887334228,0.29705670344742624,2
-0.595518530686817,-0.17276472473222287,0.4018082466194261,2
-0.5677097937281615,-0.16644874699211626,0.5027851548936059,2
-0.5193076617348743,-0.15545555486340462,0.5952293909280224,2
-0.4525928457664422,-0.1403031481497018,0.6747849773550109,2
-0.3707089515349422,-0.12170550906928226,0.7377032506687335,2
-0.2775143525350282,-0.10053895937460396,0.7810194984509371,2
-0.17740038327760632,-0.07780086802425998,0.802692656779354,2
-0.07508441937179525,-0.054562655104074945,0.8017014852693565,2
0.024612405467170903,-0.03191930645510909,0.7780926879757373,4
0.11699237149757748,-0.010937777882009043,0.732978712695139,0
0.19770252975780034,0.007393279861819398,0.6684853323661206,1
0.3683883386373448,0.046159793099658224,0.2462029308798035,2
0.3526592686390489,0.042587374254116385,0.14252367735605387,2
0.3154835518489155,0.034143948719613355,0.04476771550694458,2
0.25861291003902276,0.021227371160881046,-0.04245868849414541,2
0.18472709090630873,0.004446271406312119,-0.11504542180524291,2
0.09730759821714884,-0.015408624222246562,-0.16957219365366827,0
0.00047364316287114294,-0.03740175197625416,-0.2034696996209706,4
-0.10121195309284617,-0.06049679449456171,-0.21514068740513625,1
-0.20295775979230224,-0.08360551213313602,-0.2040352194348578,1
-0.2999695090584532,-0.10563902087554235,-0.17067658595743496,1
-0.3876760020548068,-0.12555910060628928,-0.116636647574212,2
-0.4619445041201439,-0.1424271160984395,-0.04446176908460914,2
-0.5192754794477473,-0.15544824555592252,0.042447165360006256,2
-0.5569674894005973,-0.16400893265926036,0.13999500210021454,2
-0.5732444844450556,-0.16770579737229893,0.24358528182894895,2
-0.5673394917002946,-0.16636464323117953,0.3483368250009491,2
-0.5395307547416393,-0.1600486654910729,0.44931373327512864,2
-0.4911286227483521,-0.14905547336236127,0.5417579693095451,2
-0.4244138067799198,-0.13390306664865845,0.6213135557365338,2
-0.3425299125484198,-0.1153054275682389,0.6842318290502565,2
-0.2493353135485062,-0.09413887787356066,0.7275480768324599,2
-0.1492213442910839,-0.0714007865232166,0.7492212351608769,2
-0.04690538038527284,-0.048162573603031576,0.7482300636508794,2
0.05279144445369331,-0.025519224954065722,0.7246212663572602,4
0.14517141048409954,-0.004537696380965751,0.6795072910766622,0
0.40069673791601923,0.053497743433971054,0.3049440664098083,2
0.4071554693327809,0.05496466384528796,0.20022689320667836,2
0.391426399334485,0.051392244999746116,0.09654763968292873,2
0.35425068254435177,0.04294881946524314,-0.0012083221661802201,2
0.2973800407344588,0.030032241906510777,-0.08843472616727055,2
0.22349422160174498,0.013251142151941878,-0.16102145947836788,2
0.13607472891258512,-0.006603753476616783,-0.21554823132679335,0
0.039240773858307196,-0.028596881230624427,-0.2494457372940958,4
-0.062444822397410116,-0.05169192374893198,-0.26111672507826145,1
-0.164190629096866,-0.07480064138750625,-0.2500112571079831,1
-0.26120237836301696,-0.09683415012991259,-0.21665262363056015,1
-0.34890887135937076,-0.11675422986065957,-0.16261268524733719,2
-0.4231773734247076,-0.13362224535280973,-0.0904378067577345,2
-0.4805083487523113,-0.1466433748102928,-0.003528872313118825,2
-0.5182003587051611,-0.15520406191363062,0.09401896442708918,2
-0.5344773537496196,-0.15890092662666921,0.19760924415582382,2
-0.5285723610048586,-0.15755977248554978,0.3023607873278237,2
-0.5007636240462032,-0.15124379474544322,0.4033376956020033,2
-0.4523614920529161,-0.14025060261673156,0.49578193163642004,2
-0.3856466760844838,-0.1250981959030287,0.5753375180634086,2
-0.3037627818529841,-0.10650055682260925,0.6382557913771311,2
-0.2105681828530701,-0.08533400712793092,0.6815720391593347,2
-0.11045421359564786,-0.06259591577758687,0.7032451974877517,2
-0.008138249689836785,-0.039357702857401845,0.7022540259777543,4
0.09155857514912898,-0.016714354208436075,0.6786452286841352,2
0.41988305397906434,0.05785537914209428,0.3694506201030392,2
0.4482252510395893,0.06429251744169169,0.26862980604683573,2
0.4546839824563509,0.06575943785300854,0.16391263284370622,2
0.43895491245805485,0.06218701900746669,0.06023337931995615,2
0.4017791956679216,0.05374359347296369,-0.03752258252915275,2
0.3449085538580288,0.04082701591423137,-0.12474898653024269,2
0.2710227347253148,0.024045916159662444,-0.19733571984134013,2
0.1836032420361547,0.004191020531103722,-0.2518624916897657,2
0.08676928698187682,-0.017802107222903922,-0.28575999765706805,2
-0.0149163092738403,-0.04089714974121143,-0.2974309854412336,2
-0.1166621159732962,-0.0640058673797857,-0.28632551747095514,1
-0.2136738652394473,-0.08603937612219208,-0.2529668839935322,1
-0.30138035823580095,-0.10595945585293902,-0.1989269456103091,2
-0.3756488603011379,-0.12282747134508921,-0.1267520671207063,2
-0.4329798356287414,-0.13584860080257222,-0.03984313267609085,2
-0.47067184558159125,-0.14440928790591007,0.057704704064117485,2
-0.4869488406260496,-0.1481061526189486,0.1612949837928519,2
-0.4810438478812885,-0.1467649984778292,0.26604652696485176,2
-0.453235110922633,-0.14044902073772259,0.3670234352390315,2
-0.4048329789293458,-0.1294558286090109,0.45946767127344823,2
-0.3381181629609138,-0.11430342189530814,0.5390232577004366,2
-0.2562342687294137,-0.09570578281488858,0.6019415310141591,2
-0.16303966972949974,-0.07453923312021025,0.6452577787963627,2
-0.06292570047207743,-0.05180114176986619,0.6669309371247797,2
0.03939026343373324,-0.02856292884968125,0.6659397656147822,2
0.3037365225484059,0.07691290049848425,0.6659397656147822,2
0.3959422560873064,0.12107488441636728,0.6423309683211631,4
0.4813809101857783,0.1619957721252693,0.5972169930405649,4
0.5560266108732889,0.19774736919824523,0.5327236127115462,4
0.6163620487237835,0.22664505846078814,0.4518897588795289,4
0.6595442146647755,0.24732717924258207,0.3585243270791394,4
0.6835383627175579,0.2588191889014308,0.257026701472018,4
0.6872138873370163,0.26057958332490583,0.15217945562880641,4
0.6703975976056481,0.252525412633212,0.04892299740559869,4
0.633881877998897,0.23503618978197874,-0.04787722333961619,4
0.5793873511861073,0.2089360078914051,-0.13365997500561477,4
0.5094818021979186,0.17545470893416906,-0.20438316972599957,4
0.4274591842576928,0.1361699335156131,-0.25671432676658723,2
0.33718440752868994,0.09293278236367565,-0.2881875991966114,2
0.2429112243395699,0.04778059236315777,-0.2973199647285548,1
0.14908179214617054,0.002840937132273182,-0.2836811058079991,0
0.06011735883357561,-0.03976862436052558,-0.24791368619990428,4
-0.019790066721723037,-0.07804032728888786,-0.1917030686374822,4
-0.0868752423352622,-0.11017080695503124,-0.11769790043967676,4
-0.13797711092859255,-0.1346460734311699,-0.029385309107221147,4
-0.17068774970861456,-0.15031285084623783,0.06907341131251044,4
-0.18346583161893315,-0.15643291980688234,0.17303888062454437,4
-0.1757092527535481,-0.15271790233493293,0.2776122403303007,4
-0.14778350352524772,-0.13934285025322327,0.3778659881031942,4
-0.10100444673772588,-0.11693799673429629,0.46907616196294777,2
0.2530657304117191,0.0526440983149119,0.7032451974877518,2
0.3476938042737834,0.09796626338736565,0.7022540259777544,4
0.4398995378126841,0.1421282473052488,0.6786452286841352,4
0.5253381919111557,0.1830491350141507,0.6335312534035371,4
0.5999838925986664,0.2188007320871267,0.5690378730745184,4
0.660319330449161,0.24769842134966957,0.4882040192425011,4
0.703501496390153,0.26838054213146356,0.3948385874421116,4
0.7274956444429354,0.27987255179031223,0.29334096183499014,4
0.7311711690623938,0.28163294621378726,0.1884937159917785,4
0.7143548793310256,0.2735787755220934,0.08523725776857083,4
0.6778391597242744,0.25608955267086014,-0.011562962976643942,4
0.6233446329114847,0.22998937078028645,-0.09734571464264274,4
0.5534390839232961,0.19650807182305047,-0.16806890936302732,4
0.4714164659830701,0.15722329640449445,-0.2204000664036151,2
0.38114168925406744,0.11398614525255707,-0.25187333883363927,2
0.2868685060649472,0.06883395525203909,-0.26100570436558257,1
0.19303907387154806,0.023894300021154592,-0.24736684544502685,2
0.1040746405589531,-0.018715261471644165,-0.21159942583693214,0
0.024167215003654346,-0.05698696440000654,-0.15538880827450985,4
-0.04291796060988476,-0.0891174440661499,-0.0813836400767044,4
-0.09401982920321503,-0.11359271054228852,0.0069289512557511035,4
-0.12673046798323706,-0.12925948795735642,0.10538767167548269,4
-0.13950854989355566,-0.13537955691800094,0.20935314098751703,4
-0.1317519710281706,-0.13166453944605153,0.3139265006932729,4
-0.10382622179987036,-0.11828948736434196,0.414180248466166,2
0.19632841446372284,0.0254697314043969,0.72754807683246,2
0.2889199487255404,0.06981649477868741,0.7492212351608769,2
0.3835480225876049,0.11513865985114126,0.7482300636508795,4
0.4757537561265054,0.1593006437690243,0.7246212663572604,4
0.5611924102249772,0.20022153147792632,0.6795072910766622,4
0.6358381109124878,0.23597312855090224,0.6150139107476436,4
0.6961735487629824,0.2648708178134451,0.5341800569156264,4
0.7393557147039744,0.2855529385952391,0.4408146251152368,4
0.7633498627567568,0.2970449482540878,0.33931699950811534,4
0.7670253873762152,0.29880534267756287,0.23446975366490375,4
0.750209097644847,0.2907511719858691,0.13121329544169613,4
0.713693378038096,0.27326194913463575,0.03441307469648114,4
0.6591988512253062,0.24716176724406214,-0.05136967696951744,4
0.5892933022371175,0.21368046828682608,-0.12209287168990224,4
0.5072706842968917,0.1743956928682701,-0.1744240287304899,2
0.41699590756788885,0.13115854171633268,-0.20589730116051408,2
0.32272272437876887,0.08600635171581479,-0.2150296666924575,1
0.2288932921853697,0.04106669648493029,-0.20139080777190177,2
0.13992885887277456,-0.0015428650078685557,-0.16562338816380695,0
0.06002143331747581,-0.039814567936230935,-0.10941277060138477,4
-0.007063742296063075,-0.07194504760237418,-0.03540760240357954,4
-0.058165610889393565,-0.09642031407851291,0.052904988928876184,4
-0.09087624966941563,-0.11208709149358083,0.15136370934860782,4
-0.10365433157973422,-0.11820716045422534,0.2553291786606422,4
-0.09589775271434917,-0.11449214298227593,0.359902538366398,2
0.13619804007958167,-0.003329742604542175,0.7377032506687335,0
0.22239011667310002,0.03795199719926318,0.7810194984509371,2
0.3149816509349177,0.08229876057355379,0.802692656779354,2
0.40960972479698204,0.12762092564600755,0.8017014852693565,4
0.5018154583358827,0.1717829095638907,0.7780926879757373,4
0.5872541124343544,0.2127037972727926,0.7329787126951393,4
0.661899813121865,0.24845539434576858,0.6684853323661205,4
0.7222352509723596,0.27735308360831146,0.5876514785341033,4
0.7654174169133517,0.29803520439010545,0.4942860467337137,4
0.789411564966134,0.3095272140489541,0.39278842112659224,4
0.7930870895855924,0.31128760847242914,0.2879411752833807,4
0.7762707998542242,0.3032334377807353,0.18468471706017292,4
0.7397550802474732,0.285744214929502,0.08788449631495815,4
0.6852605534346833,0.25964403303892836,0.0021017446489594027,4
0.6153550044464947,0.22616273408169235,-0.06862145007142523,4
0.5333323865062687,0.18687795866313633,-0.12095260711201306,2
0.44305760977726605,0.14364080751119895,-0.15242587954203712,2
0.348784426588146,0.09848861751068107,-0.16155824507398053,2
0.25495499439474667,0.05354896227979648,-0.14791938615342481,2
0.16599056108215154,0.010939400786997637,-0.11215196654532988,2
0.0860831355268531,-0.027332302141364576,-0.05594134898290787,4
0.018997959913313933,-0.059462781807507956,0.018063819214897636,4
-0.03210390868001639,-0.08393804828364664,0.1063764105473532,4
-0.06481454746003851,-0.09960482569871461,0.20483513096708522,4
-0.07759262937035705,-0.10572489465935907,0.3088006002791187,2
0.07550795373023195,-0.032397290949615284,0.7332322066599128,4
0.15123919737648142,0.003874227486664746,0.7961504799736354,0
0.23743127396999988,0.04515596729047017,0.839466727755839,2
0.3300228082318174,0.08950273066476068,0.8611398860842558,2
0.4246508820938819,0.13482489573721454,0.8601487145742586,4
0.5168566156327824,0.17898687965509757,0.8365399172806394,4
0.6022952697312542,0.21990776736399956,0.7914259420000411,4
0.6769409704187649,0.2556593644369755,0.7269325616710225,4
0.7372764082692594,0.28455705369951834,0.6460987078390054,4
0.7804585742102516,0.3052391744813124,0.5527332760386157,4
0.8044527222630338,0.3167311841401611,0.45123565043149444,4
0.8081282468824923,0.31849157856363614,0.3463884045882827,4
0.7913119571511241,0.3104374078719423,0.2431319463650751,4
0.754796237544373,0.292948185020709,0.14633172561986013,4
0.7003017107315833,0.26684800313013535,0.06054897395386155,4
0.6303961617433945,0.23336670417289934,-0.010174220766523245,2
0.5483735438031687,0.19408192875434338,-0.06250537780711096,2
0.45809876707416614,0.15084477760240605,-0.09397865023713503,2
0.36382558388504593,0.10569258760188806,-0.10311101576907855,4
0.26999615169164654,0.060752932371003474,-0.08947215684852283,2
0.18103171837905174,0.01814337087820478,-0.05370473724042807,2
0.10112429282375296,-0.020128332050157585,0.002505880321994114,0
0.0340391172102138,-0.052258811716300965,0.07651104851979962,4
-0.017062751383116526,-0.07673407819243964,0.16482363985225518,4
-0.04977339016313859,-0.09240085560750756,0.26328236027198676,2
0.01711787554447669,-0.06036324919141338,0.7143456206398598,4
0.07881982597487563,-0.030811068019732782,0.7939012070668483,4
0.15455106962112522,0.005460450416547318,0.856819480380571,2
0.24074314621464357,0.04674219022035267,0.9001357281627745,2
0.3333346804764613,0.09108895359464328,0.9218088864911915,2
0.4279627543385256,0.13641111866709704,0.920817714981194,4
0.5201684878774262,0.18057310258498013,0.8972089176875748,4
0.6056071419758979,0.22149399029388211,0.8520949424069767,4
0.6802528426634086,0.2572455873668581,0.787601562077958,4
0.7405882805139031,0.2861432766294009,0.7067677082459407,4
0.7837704464548952,0.30682539741119486,0.6134022764455512,4
0.8077645945076776,0.3183174070700436,0.5119046508384297,4
0.811440119127136,0.3200778014935186,0.40705740499521825,4
0.7946238293957678,0.3120236308018248,0.3038009467720104,4
0.7581081097890167,0.2945344079505915,0.20700072602679565,4
0.7036135829762268,0.2684342260600178,0.1212179743607969,4
0.6337080339880382,0.23495292710278184,0.05049477964041227,2
0.5516854160478124,0.19566815168422588,-0.0018363774001754485,2
0.4614106393188096,0.15243100053228847,-0.03330964983019963,2
0.3671374561296894,0.10727881053177046,-0.042442015362142926,4
0.27330802393629045,0.06233915530088606,-0.028803156441587263,2
0.1843435906236953,0.019729593808087212,0.0069642631665075005,2
0.10443616506839654,-0.018542109120275166,0.06317488072892974,0
0.03735098945485743,-0.05067258878641852,0.13718004892673524,4
-0.013750879138472838,-0.07514785526255714,0.2254926402591907,2
-0.036220850857097225,-0.08590985987536717,0.6819334295563491,4
0.008544407138796423,-0.06446951633251688,0.7743776655907656,4
0.07024635756919548,-0.0349173351608362,0.8539332520177543,4
0.14597760121544495,0.0013541832754437755,0.9168515253314767,0
0.23216967780896344,0.04263592307924924,0.9601677731136803,2
0.324761212070781,0.08698268645353976,0.9818409314420973,2
0.4193892859328454,0.13230485152599358,0.9808497599320998,4
0.511595019471746,0.17646683544387665,0.9572409626384807,4
0.5970336735702177,0.21738772315277863,0.9121269873578824,4
0.6716793742577283,0.2531393202257546,0.8476336070288638,4
0.732014812108223,0.2820370094882974,0.7667997531968467,4
0.7751969780492151,0.30271913027009145,0.673434321396457,4
0.7991911261019973,0.3142111399289401,0.5719366957893356,4
0.8028666507214557,0.31597153435241515,0.4670894499461239,4
0.7860503609900875,0.3079173636607213,0.3638329917229163,4
0.7495346413833365,0.290428140809488,0.2670327709777013,4
0.6950401145705467,0.2643279589189144,0.18125001931170284,4
0.625134565582358,0.23084665996167836,0.11052682459131802,2
0.5431119476421321,0.19156188454312234,0.058195667550730246,2
0.4528371709131292,0.1483247333911849,0.026722395120706177,2
0.3585639877240094,0.10317254339066709,0.017590029588762768,4
0.26473455553061004,0.05823288815978249,0.031228888509318486,2
0.17577012221801488,0.015623326666983657,0.06699630811741342,2
0.09586269666271616,-0.022648376261378722,0.12320692567983571,4
0.028777521049177274,-0.054778855927521936,0.1972120938776409,2
-0.081994901821311,-0.10783336533379005,0.6375228975942847,2
-0.0562756776212944,-0.09551512955919607,0.7384998058684642,4
-0.011510419625400697,-0.07407478601634575,0.8309440419028808,4
0.05019153080499825,-0.04452260484466515,0.9104996283298694,4
0.12592277445124783,-0.008251086408385051,0.973417901643592,0
0.21211485104476618,0.0330306533954203,1.0167341494257955,2
0.3047063853065838,0.07737741676971087,1.0384073077542126,2
0.39933445916864824,0.12269958184216466,1.0374161362442151,4
0.4915401927075488,0.16686156576004776,1.013807338950596,4
0.5769788468060206,0.20778245346894975,0.9686933636699977,4
0.6516245474935312,0.24353405054192567,0.9041999833409791,4
0.7119599853440258,0.27243173980446855,0.8233661295089618,4
0.7551421512850178,0.29311386058626254,0.7300006977085723,4
0.7791362993378002,0.3046058702451112,0.6285030721014508,4
0.7828118239572586,0.3063662646685863,0.5236558262582393,4
0.7659955342258904,0.2983120939768924,0.4203993680350315,4
0.7294798146191392,0.2808228711256592,0.3235991472898167,4
0.6749852878063496,0.2547226892350855,0.23781639562381812,4
0.6050797388181609,0.22124139027784948,0.16709320090343333,2
0.5230571208779349,0.18195661485929343,0.11476204386284555,2
0.43278234414893246,0.1387194637073562,0.08328877143282154,4
0.3385091609598122,0.09356727370683819,0.07415640590087808,4
0.24467972876641286,0.0486276184759536,0.0877952648214338,2
0.1557152954538177,0.0060180569831547615,0.12356268442952872,2
0.07580786989851926,-0.03225364594520745,0.17977330199195068,2
-0.11804740160793759,-0.12510072881184076,0.58320665140527,2
-0.1125861024296334,-0.12248503673688682,0.6879581945772699,4
-0.0868668782296168,-0.11016680096229284,0.7889351028514496,4
-0.04210162023372316,-0.08872645741944254,0.8813793388858662,4
0.019600330196675897,-0.059174276247761864,0.9609349253128548,4
0.09533157384292537,-0.02290275781148189,1.0238531986265773,4
0.18152365043644378,0.01837898199232353,1.0671694464087809,2
0.2741151846982614,0.0627257453666141,1.0888426047371977,2
0.3687432585603258,0.1080479104390679,1.0878514332272005,4
0.4609489920992264,0.15220989435695098,1.0642426359335813,4
0.5463876461976981,0.19313078206585294,1.019128660652983,4
0.6210333468852087,0.22888237913882892,0.9546352803239644,4
0.6813687847357034,0.25778006840137174,0.8738014264919473,4
0.7245509506766955,0.2784621891831658,0.7804359946915576,4
0.7485450987294777,0.28995419884201445,0.6789383690844362,4
0.7522206233489361,0.2917145932654895,0.5740911232412245,4
0.735404333617568,0.28366042257379565,0.47083466501801685,4
0.6988886140108169,0.2661711997225624,0.3740344442728021,4
0.6443940871980272,0.24007101783198875,0.2882516926068034,2
0.5744885382098385,0.2065897188747527,0.21752849788641862,2
0.4924659202696129,0.16730494345619684,0.16519734084583093,2
0.40219114354061003,0.12406779230425942,0.13372406841580686,4
0.3079179603514898,0.07891560230374142,0.12459170288386334,2
0.21408852815809043,0.03397594707285683,0.13823056180441906,2
0.12512409484549564,-0.008633614419941855,0.17399798141251377,0
-0.14267955449043934,-0.13689831121490187,0.5215440754273762,2
-0.1577335170444879,-0.14410841439066407,0.6251343551561106,4
-0.15227221786618372,-0.14149272231571014,0.7298858983281107,4
-0.12655299366616712,-0.12917448654111616,0.8308628066022903,4
-0.08178773567027345,-0.10773414299826585,0.9233070426367069,4
-0.020085785239874504,-0.07818196182658525,1.0028626290636955,4
0.055645458406375026,-0.041910443390305224,1.065780902377418,4
0.14183753499989343,-0.0006287035864997997,1.1090971501596216,0
0.23442906926171106,0.04371805978779077,1.1307703084880387,2
0.32905714312377543,0.08904022486024456,1.129779136978041,2
0.4212628766626759,0.1332022087781276,1.106170339684422,4
0.5067015307611478,0.17412309648702962,1.0610563644038238,4
0.5813472314486584,0.20987469356000554,0.9965629840748051,4
0.6416826692991531,0.23877238282254845,0.9157291302427879,4
0.6848648352401451,0.2594545036043424,0.8223636984423983,4
0.7088589832929274,0.2709465132631911,0.7208660728352769,4
0.7125345079123858,0.27270690768666617,0.6160188269920653,4
0.6957182181810176,0.2646527369949724,0.5127623687688577,4
0.6592024985742665,0.24716351414373905,0.41596214802364273,4
0.6047079717614767,0.22106333225316535,0.33017939635764404,2
0.5348024227732884,0.18758203329592943,0.25945620163725946,2
0.45277980483306235,0.1482972578773734,0.20712504459667166,4
0.3625050281040595,0.10506010672543598,0.1756517721666475,4
0.26823184491493923,0.05990791672491799,0.16651940663470421,2
0.17440241272154028,0.01496826149403359,0.18015826555525985,1
-0.15473069210185514,-0.1426702098264238,0.45544071355294125,2
-0.18959057286407277,-0.1593663678039631,0.5529885502931493,2
-0.2046445354181214,-0.16657647097972528,0.656578830021884,4
-0.1991832362398172,-0.16396077890477137,0.7613303731938839,4
-0.17346401203980055,-0.1516425431301774,0.8623072814680637,4
-0.1286987540439069,-0.13020219958732707,0.9547515175024801,4
-0.0669968036135079,-0.10065001841564643,1.0343071039294687,4
0.008734440032741625,-0.06437849997936637,1.0972253772431912,4
0.09492651662626006,-0.023096760175560983,1.1405416250253948,4
0.1875180508880777,0.021250003198729592,1.1622147833538117,2
0.282146124750142,0.06657216827118334,1.1612236118438144,2
0.37435185828904266,0.11073415218906647,1.137614814550195,4
0.45979051238751434,0.1516550398979684,1.092500839269597,4
0.534436213075025,0.18740663697094437,1.028007458940578,4
0.5947716509255196,0.21630432623348722,0.9471736051085611,4
0.6379538168665116,0.23698644701528118,0.8538081733081713,4
0.661947964919294,0.24847845667412988,0.75231054770105,4
0.6656234895387524,0.25023885109760496,0.6474633018578385,4
0.6488071998073842,0.24218468040591112,0.5442068436346307,4
0.612291480200633,0.22469545755467774,0.4474066228894157,4
0.5577969533878433,0.19859527566410418,0.3616238712234173,2
0.48789140439965467,0.16511397670686814,0.29090067650303253,2
0.4058687864594287,0.12582920128831213,0.23856951946244476,4
0.31559400973042584,0.08259205013637468,0.20709624703242063,2
0.221320826541306,0.037439860135856866,0.19796388150047728,1
-0.15363296419059758,-0.14214445247378893,0.38801135974428846,4
-0.2066561637069395,-0.16753994139235492,0.4749202941889039,2
-0.24151604446915725,-0.18423609936989427,0.5724681309291122,4
-0.25657000702320587,-0.19144620254565647,0.6760584106578466,4
-0.2511087078449017,-0.18883051047070254,0.7808099538298466,4
-0.2253894836448851,-0.17651227469610856,0.8817868621040262,4
-0.18062422564899144,-0.15507193115325826,0.9742310981384429,4
-0.11892227521859244,-0.12551974998157764,1.0537866845654313,4
-0.043191031572342886,-0.08924823154529762,1.116704957879154,4
0.04300104502117551,-0.0479664917414922,1.1600212056613577,4
0.13559257928299304,-0.003619728367201683,1.1816943639897746,0
0.23022065314505755,0.04170243670525216,1.180703192479777,2
0.322426386683958,0.08586442062313521,1.1570943951861579,2
0.4078650407824299,0.12678530833203722,1.1119804199055596,4
0.48251074146994044,0.16253690540501314,1.047487039576541,4
0.5428461793204351,0.19143459466755605,0.9666531857445237,4
0.5860283452614271,0.21211671544935,0.8732877539441343,4
0.6100224933142093,0.2236087251081987,0.771790128337013,4
0.6136980179336678,0.22536911953167377,0.6669428824938013,4
0.5968817282022997,0.21731494883997993,0.5636864242705935,4
0.5603660085955486,0.19982572598874668,0.46688620352537885,2
0.5058714817827589,0.173725544098173,0.3811034518593801,2
0.4359659327945702,0.14024424514093697,0.3103802571389953,4
0.3539433148543442,0.10095946972238093,0.25804910009840754,4
0.26366853812534174,0.05772231857044367,0.22657582766838352,1
-0.13943809575481048,-0.13534581287169495,0.3224332887749087,3
-0.20812615801587897,-0.16824399592930384,0.3946081672645114,0
-0.261149357532221,-0.19363948484786989,0.481517101709127,1
-0.29600923829443865,-0.21033564282540917,0.5790649384493352,4
-0.31106320084848726,-0.21754574600117135,0.6826552181780697,3
-0.3056019016701831,-0.21493005392621745,0.7874067613500696,2
-0.2798826774701665,-0.20261181815162346,0.8883836696242493,3
-0.23511741947427278,-0.18117147460877314,0.9808279056586658,3
-0.17341546904387378,-0.1516192934370925,1.0603834920856545,2
-0.09768422539762425,-0.11534777500081246,1.1233017653993769,4
-0.0114921488041059,-0.07406603519700711,1.1666180131815804,4
0.08109938545771181,-0.02971927182271649,1.1882911715099975,4
0.17572745931977612,0.01560289324973726,1.1873,1
0.2679331928586768,0.0597648771676204,1.1636912027063808,1
0.3533718469571485,0.10068576487652231,1.1185772274257828,2
0.4280175476446591,0.1364373619494983,1.054083847096764,4
0.4883529854951537,0.16533505121204115,0.9732499932647467,3
0.5315351514361457,0.1860171719938351,0.8798845614643572,4
0.555529299488928,0.1975091816526838,0.7783869358572357,3
0.5592048241083865,0.19926957607615886,0.673539690014024,2
0.5423885343770183,0.19121540538446505,0.5702832317908166,4
0.5058728147702671,0.17372618253323174,0.47348301104560164,1
0.45137828795747736,0.14762600064265805,0.3877002593796029,2
0.3814727389692886,0.11414470168542197,0.3169770646592181,2
0.299450121029063,0.07485992626686609,0.26464590761863055,1
-0.11281494975767803,-0.12259464328338744,0.2617965428714626,4
-0.19393128958009187,-0.16144535632720985,0.3158364812546855,2
-0.2626193518411605,-0.1943435393848188,0.3880113597442884,2
-0.3156425513575024,-0.2197390283033848,0.4749202941889038,2
-0.35050243211972015,-0.23643518628092414,0.5724681309291121,4
-0.36555639467376877,-0.24364528945668634,0.6760584106578464,4
-0.3600950954954646,-0.2410295973817324,0.7808099538298465,4
-0.334375871295448,-0.22871136160713842,0.8817868621040261,4
-0.28961061329955434,-0.20727101806428813,0.9742310981384428,4
-0.22790866286915534,-0.1777188368926075,1.0537866845654313,4
-0.1521774192229059,-0.14144731845632746,1.116704957879154,4
-0.0659853426293874,-0.10016557865252206,1.1600212056613575,4
0.02660619163243011,-0.05581881527823154,1.1816943639897743,4
0.12123426549449462,-0.010496650205777691,1.180703192479777,0
0.2134399990333951,0.03366533371210535,1.1570943951861579,2
0.298878653131867,0.07458622142100736,1.1119804199055596,2
0.37352435381937754,0.11033781849398328,1.047487039576541,4
0.4338597916698721,0.13923550775652613,0.966653185744524,4
0.4770419576108642,0.15991762853832014,0.8732877539441343,4
0.5010361056636465,0.17140963819716884,0.7717901283370128,4
0.504711630283105,0.17317003262064393,0.6669428824938014,4
0.4878953405517368,0.1651158619289501,0.5636864242705937,4
0.4513796209449857,0.14762663907771678,0.46688620352537863,2
0.39688509413219586,0.12152645718714307,0.3811034518593799,4
0.3269795451440075,0.08804515822990717,0.3103802571389953,1
-0.07501801026867089,-0.10449177950480774,0.20895832875807696,4
-0.1647404213627624,-0.14746437484931857,0.24231696223549987,4
-0.24585676118517635,-0.18631508789314102,0.29635690061872294,2
-0.31454482344624485,-0.2192132709507499,0.3685317791083257,2
-0.3675680229625869,-0.24460875986931596,0.45544071355294125,4
-0.4024279037248045,-0.2613049178468553,0.5529885502931493,4
-0.4174818662788532,-0.2685150210226175,0.6565788300218839,4
-0.4120205671005489,-0.26589932894766355,0.7613303731938839,4
-0.3863013429005323,-0.25358109317306954,0.8623072814680635,4
-0.34153608490463866,-0.23214074963021922,0.9547515175024801,4
-0.2798341344742397,-0.20258856845853862,1.0343071039294687,4
-0.20410289082799016,-0.16631705002225852,1.0972253772431912,4
-0.11791081423447178,-0.12503531021845318,1.1405416250253948,4
-0.02531927997265407,-0.08068854684416257,1.1622147833538117,4
0.06930879388941025,-0.035366381771708824,1.1612236118438144,4
0.1615145274283109,0.008795602146174317,1.137614814550195,2
0.2469531815267826,0.04971648985507623,1.092500839269597,2
0.32159888221429317,0.08546808692805215,1.0280074589405783,2
0.38193432006478784,0.11436577619059506,0.9471736051085611,4
0.42511648600577995,0.13504789697238903,0.8538081733081713,4
0.4491106340585621,0.14653990663123773,0.7523105477010502,4
0.4527861586780206,0.14830030105471279,0.6474633018578385,4
0.4359698689466524,0.14024613036301894,0.5442068436346307,2
0.39945414933990125,0.12275690751178557,0.4474066228894157,2
0.3449596225271116,0.09665672562121201,0.3616238712234173,2
-0.027828271106806635,-0.08189022944961369,0.16640838592202534,4
-0.1219290286423042,-0.1269598360938689,0.1775138538923037,4
-0.21165143973639589,-0.16993243143837983,0.21087248736972666,2
-0.2927677795588097,-0.20878314448220223,0.2649124257529496,2
-0.36145584181987833,-0.24168132753981117,0.3370873042425525,2
-0.41447904133622027,-0.26707681645837716,0.4239962386871679,4
-0.44933892209843806,-0.28377297443591654,0.521544075427376,4
-0.4643928846524866,-0.29098307761167874,0.6251343551561106,4
-0.45893158547418245,-0.2883673855367248,0.7298858983281106,4
-0.43321236127416585,-0.2760491497621308,0.8308628066022903,4
-0.38844710327827225,-0.25460880621928056,0.9233070426367068,4
-0.3267451528478732,-0.22505662504759988,1.0028626290636953,4
-0.25101390920162375,-0.18878510661131986,1.0657809023774178,4
-0.1648218326081053,-0.1475033668075144,1.1090971501596216,4
-0.07223029834628775,-0.10315660343322393,1.1307703084880385,4
0.022397775515776736,-0.057834438360770075,1.129779136978041,4
0.11460350905467723,-0.013672454442887031,1.106170339684422,0
0.20004216315314893,0.027248433266014907,1.0610563644038238,2
0.2746878638406597,0.06300003033899089,0.9965629840748051,2
0.33502330169115435,0.0918977196015338,0.9157291302427878,2
0.37820546763214635,0.1125798403833277,0.8223636984423985,4
0.40219961568492857,0.12407185004217645,0.720866072835277,4
0.4058751403043871,0.12583224446565153,0.6160188269920652,4
0.3890588505730189,0.11777807377395767,0.5127623687688575,2
0.3525431309662679,0.10028885092272442,0.41596214802364284,2
0.026530684683769123,-0.05585497937046826,0.1361516699553501,4
-0.06751438654335695,-0.10089791502843702,0.12448068217118458,4
-0.1616151440788547,-0.1459675216726923,0.13558615014146302,4
-0.2513375551729462,-0.18894011701720315,0.16894478361888587,2
-0.33245389499536016,-0.22779083006102563,0.22298472200210898,2
-0.40114195725642865,-0.2606890131186345,0.29515960049171175,2
-0.4541651567727707,-0.28608450203720054,0.3820685349363273,4
-0.4890250375349884,-0.30278066001473986,0.47961637167653537,4
-0.5040790000890369,-0.30999076319050206,0.58320665140527,4
-0.49861770091073276,-0.3073750711155481,0.6879581945772699,4
-0.47289847671071616,-0.2950568353409541,0.7889351028514495,4
-0.42813321871482246,-0.2736164917981038,0.8813793388858662,4
-0.3664312682844235,-0.2440643106264232,0.9609349253128546,4
-0.29070002463817396,-0.20779279219014313,1.0238531986265773,4
-0.2045079480446556,-0.16651105238633776,1.0671694464087809,4
-0.1119164137828379,-0.12216428901204716,1.0888426047371977,4
-0.017288339920773582,-0.0768421239395934,1.0878514332272005,4
0.07491739361812691,-0.032680140021710366,1.064242635933581,4
0.16035604771659878,0.008240747687191645,1.019128660652983,2
0.2350017484041094,0.04399234476016761,0.9546352803239643,2
0.2953371862546039,0.07289003402271041,0.8738014264919473,2
0.33851935219559603,0.09357215480450443,0.7804359946915576,4
0.36251350024837836,0.10506416446335312,0.678938369084436,4
0.3661890248678368,0.10682455888682818,0.5740911232412244,2
0.3493727351364686,0.09877038819513437,0.47083466501801696,2
0.08549746018626558,-0.027612811649607022,0.11961387893966718,4
-0.004060515924553254,-0.070506650773565,0.0857163729723649,4
-0.09810558715167952,-0.11554958643153386,0.07404538518819931,4
-0.19220634468717712,-0.16061919307578906,0.08515085315847776,4
-0.28192875578126886,-0.20359178842029999,0.11850948663590077,2
-0.3630450956036826,-0.24244250146412236,0.17254942501912374,2
-0.4317331578647511,-0.2753406845217312,0.24472430350872648,4
-0.48475635738109313,-0.3007361734402973,0.3316332379533421,4
-0.5196162381433108,-0.3174323314178366,0.42918107469355027,4
-0.5346702006973594,-0.32464243459359876,0.5327713544222847,4
-0.5292089015190552,-0.3220267425186448,0.6375228975942847,4
-0.5034896773190385,-0.30970850674405087,0.7384998058684644,4
-0.4587244193231449,-0.2882681632012005,0.8309440419028808,4
-0.39702246889274584,-0.2587159820295199,0.9104996283298696,4
-0.32129122524649634,-0.22244446359323986,0.973417901643592,4
-0.23509914865297782,-0.1811627237894344,1.0167341494257958,4
-0.14250761439116028,-0.13681596041514388,1.0384073077542126,4
-0.04787954052909596,-0.09149379534269016,1.0374161362442151,4
0.0443261930098047,-0.04733181142480701,1.013807338950596,4
0.12976484710827654,-0.006410923715905027,0.9686933636699976,0
0.20441054779578696,0.029340673357070815,0.9041999833409791,2
0.2647459856462816,0.05823836261961372,0.8233661295089618,2
0.3079281515872737,0.07892048340140768,0.7300006977085721,2
0.33192229964005593,0.09041249306025638,0.6285030721014506,1
0.33559782425951434,0.09217288748373144,0.5236558262582393,1
0.146293537771553,0.0015055012529102147,0.11757427447597735,0
0.06544263342206855,-0.03721808133343582,0.06304750262755199,4
-0.02411534268875043,-0.08011192045739389,0.029149996660249533,4
-0.1181604139158765,-0.12515485611536264,0.017479008876084,4
-0.21226117145137424,-0.17022446275961794,0.02858447684636245,2
-0.30198358254546576,-0.21319705810412878,0.0619431103237853,2
-0.3830999223678796,-0.2520477711479512,0.11598304870700826,2
-0.4517879846289482,-0.2849459542055601,0.18815792719661115,4
-0.5048111841452902,-0.3103414431241262,0.27506686164122673,4
-0.5396710649075079,-0.32703760110166546,0.3726146983814348,4
-0.5547250274615565,-0.33424770427742767,0.47620497811016926,4
-0.5492637282832523,-0.33163201220247374,0.5809565212821693,4
-0.5235445040832357,-0.3193137764278798,0.681933429556349,4
-0.478779246087342,-0.29787343288502943,0.7743776655907656,4
-0.41707729565694307,-0.26832125171334886,0.853933252017754,4
-0.3413460520106935,-0.23204973327706874,0.9168515253314767,4
-0.25515397541717516,-0.1907679934732634,0.9601677731136803,4
-0.16256244115535762,-0.14642123009897287,0.9818409314420972,4
-0.06793436729329314,-0.10109906502651904,0.9808497599320998,4
0.024271366245607523,-0.056937081108635906,0.9572409626384806,4
0.10971002034407906,-0.016016193399734063,0.9121269873578824,0
0.1843557210315898,0.01973540367324192,0.8476336070288638,2
0.24469115888208445,0.04863309293578483,0.7667997531968465,2
0.2878733248230766,0.06931521371757879,0.6734343213964568,2
0.3118674728758587,0.08080722337642748,0.5719366957893357,1
0.20605420299809774,0.030127902869001008,0.13012896283616904,2
0.13772006936587283,-0.0026007658881932027,0.05754222952507165,0
0.056869165016388334,-0.041324348474539294,0.003015457676646127,4
-0.03268881109443045,-0.08421818759849727,-0.030882048290656217,4
-0.1267338823215567,-0.12926112325646613,-0.04255303607482186,4
-0.22083463985705432,-0.17433072990072135,-0.031447568104543466,2
-0.31055705095114583,-0.21730332524523216,0.0019110653728793836,2
-0.3916733907735598,-0.2561540382890547,0.0559510037561024,2
-0.4603614530346284,-0.28905222134666364,0.1281258822457053,4
-0.5133846525509703,-0.3144477102652296,0.2150348166903207,4
-0.5482445333131881,-0.3311438682427689,0.3125826534305287,4
-0.5632984958672368,-0.3383539714185312,0.4161729331592634,4
-0.5578371966889325,-0.33573827934357725,0.5209244763312633,4
-0.5321179724889159,-0.32342004356898324,0.6219013846054431,4
-0.4873527144930224,-0.30197970002613295,0.7143456206398596,4
-0.42565076406262337,-0.2724275188544523,0.7939012070668483,4
-0.34991952041637386,-0.2361560004181723,0.8568194803805708,4
-0.26372744382285557,-0.19487426061436694,0.9001357281627744,4
-0.17113590956103786,-0.15052749724007636,0.9218088864911913,4
-0.07650783569897335,-0.10520533216762253,0.9208177149811939,4
0.015697897839926978,-0.06104334824973956,0.8972089176875748,4
0.10113655193839885,-0.020122460540837536,0.8520949424069766,0
0.17578225262590957,0.015629136532138446,0.787601562077958,2
0.23611769047640424,0.044526825794681354,0.7067677082459407,2
0.27929985641739624,0.06520894657647526,0.6134022764455513,1
0.2619635301103283,0.05690570409703764,0.15668636643032358,2
0.20936607524274142,0.03171412579888351,0.06945996242923363,2
0.1410319416105163,-0.0010145429583108111,-0.0031267708818639717,0
0.06018103726103188,-0.03973812554465689,-0.05765354273028939,4
-0.029376938849787093,-0.08263196466861494,-0.09155104869759179,4
-0.12342201007691322,-0.1276749003265837,-0.10322203648175732,4
-0.2175227676124108,-0.17274450697083893,-0.09211656851147887,2
-0.30724517870650253,-0.21571710231534985,-0.0587579350340558,2
-0.3883615185289164,-0.25456781535917233,-0.004717996650832779,4
-0.4570495807899849,-0.28746599841678117,0.06745688183876997,4
-0.5100727803063269,-0.31286148733534713,0.15436581628338547,4
-0.5449326610685444,-0.32955764531288645,0.2519136530235938,4
-0.5599866236225931,-0.33676774848864865,0.35550393275232817,4
-0.5545253244442888,-0.3341520564136947,0.4602554759243283,4
-0.5288061002442722,-0.3218338206391007,0.5612323841985078,4
-0.4840408422483785,-0.30039347709625036,0.6536766202329245,4
-0.42233889181797946,-0.27084129592456974,0.7332322066599131,4
-0.34660764817173007,-0.23456977748828972,0.7961504799736354,4
-0.2604155715782115,-0.19328803768448427,0.8394667277558391,4
-0.16782403731639378,-0.14894127431019366,0.8611398860842561,4
-0.07319596345432966,-0.10361910923774002,0.8601487145742586,4
0.019009770084570998,-0.05945712531985688,0.8365399172806394,4
0.10444842418304284,-0.018536237610954895,0.791425942000041,0
0.17909412487055348,0.01721535946202106,0.7269325616710223,2
0.23942956272104793,0.04611304872456386,0.6460987078390052,1
0.3113870686114981,0.0805771335047621,0.1959950989745305,2
0.27700468740722817,0.06410967418824463,0.0982391371254216,2
0.2244072325396413,0.0389180958900905,0.011012733124331653,2
0.15607309890741633,0.006189427132896235,-0.06157400018676584,2
0.07522219455793175,-0.0325341554534499,-0.11610077203519142,4
-0.014335781552887089,-0.07542799457740788,-0.14999827800249366,4
-0.10838085278001316,-0.12047093023537664,-0.1616692657866593,2
-0.20248161031551093,-0.16554053687963194,-0.15056379781638085,2
-0.29220402140960267,-0.20851313222414286,-0.11720516433895778,2
-0.3733203612320164,-0.24736384526796523,-0.06316522595573482,4
-0.4420084234930849,-0.2802620283255741,0.009009652533867929,4
-0.49503162300942694,-0.30565751724414014,0.09591858697848349,4
-0.5298915037716446,-0.32235367522167946,0.1934664237186916,4
-0.5449454663256932,-0.32956377839744166,0.29705670344742624,4
-0.539484167147389,-0.32694808632248773,0.4018082466194261,4
-0.5137649429473724,-0.3146298505478937,0.5027851548936059,4
-0.4689996849514787,-0.2931895070050434,0.5952293909280224,4
-0.40729773452107976,-0.26363732583336286,0.6747849773550109,4
-0.33156649087483014,-0.22736580739708273,0.7377032506687335,4
-0.24537441428131168,-0.18608406759327728,0.7810194984509371,4
-0.1527828800194943,-0.14173730421898686,0.802692656779354,4
-0.058154806157429795,-0.09641513914653303,0.8017014852693565,4
0.034050927381470864,-0.052253155228649886,0.7780926879757373,4
0.11948958147994271,-0.011332267519747903,0.732978712695139,0
0.19413528216745313,0.02441932955322794,0.6684853323661206,1
0.351995978712603,0.10002679206695068,0.2462029308798035,4
0.33744877082087543,0.09305939929962846,0.14252367735605387,4
0.30306638961660537,0.07659193998311094,0.04476771550694458,2
0.25046893474901855,0.051400361684956805,-0.04245868849414541,2
0.18213480111679356,0.018671692927762537,-0.11504542180524291,2
0.10128389676730912,-0.020051889658583497,-0.16957219365366827,0
0.011725920656490349,-0.06294572878254147,-0.2034696996209706,4
-0.08231915057063593,-0.10798866444051033,-0.21514068740513625,2
-0.17641990810613373,-0.15305827108476563,-0.2040352194348578,2
-0.26614231920022524,-0.19603086642927647,-0.17067658595743496,2
-0.3472586590226391,-0.23488157947309887,-0.116636647574212,4
-0.4159467212837077,-0.2677797625307078,-0.04446176908460914,4
-0.4689699208000496,-0.2931752514492738,0.042447165360006256,4
-0.5038298015622673,-0.3098714094268131,0.13999500210021454,4
-0.518883764116316,-0.31708151260257533,0.24358528182894895,4
-0.5134224649380118,-0.3144658205276214,0.3483368250009491,4
-0.4877032407379952,-0.30214758475302744,0.44931373327512864,4
-0.4429379827421016,-0.2807072412101772,0.5417579693095451,4
-0.38123603231170256,-0.2511550600384965,0.6213135557365338,4
-0.30550478866545294,-0.21488354160221643,0.6842318290502565,4
-0.2193127120719348,-0.17360180179841114,0.7275480768324599,4
-0.12672117781011705,-0.12925503842412056,0.7492212351608769,4
-0.032093103948052565,-0.08393287335166673,0.7482300636508794,4
0.06011262959084809,-0.03977088943378358,0.7246212663572602,4
0.14555128368931963,0.0011499982751182625,0.6795072910766622,0
0.38187676638833573,0.11433821082739758,0.3049440664098083,4
0.38785019702642454,0.11719918853072632,0.20022689320667836,4
0.37330298913469695,0.1102317957634041,0.09654763968292873,4
0.33892060793042705,0.09376433644688668,-0.0012083221661802201,4
0.28632315306284,0.06857275814873244,-0.08843472616727055,2
0.2179890194306151,0.03584408939153823,-0.16102145947836788,2
0.13713811508113083,-0.002879493194807776,-0.21554823132679335,0
0.04758013897031184,-0.04577333231876583,-0.2494457372940958,4
-0.046464932256814445,-0.0908162679767347,-0.26111672507826145,2
-0.140565689792312,-0.1358858746209899,-0.2500112571079831,2
-0.23028810088640356,-0.17885846996550075,-0.21665262363056015,2
-0.31140444070881756,-0.21770918300932324,-0.16261268524733719,4
-0.38009250296988595,-0.2506073660669321,-0.0904378067577345,4
-0.4331157024862281,-0.27600285498549815,-0.003528872313118825,4
-0.4679755832484458,-0.29269901296303746,0.09401896442708918,4
-0.48302954580249446,-0.2999091161387997,0.19760924415582382,4
-0.4775682466241903,-0.2972934240638458,0.3023607873278237,4
-0.4518490224241738,-0.28497518828925184,0.4033376956020033,4
-0.4070837644282801,-0.26353484474640154,0.49578193163642004,4
-0.34538181399788104,-0.2339826635747209,0.5753375180634086,4
-0.26965057035163176,-0.19771114513844096,0.6382557913771311,4
-0.1834584937581133,-0.1564294053346355,0.6815720391593347,4
-0.09086695949629559,-0.11208264196034494,0.7032451974877517,4
0.003761114365768925,-0.06676047688789108,0.7022540259777543,4
0.09596684790466925,-0.022598492970008127,0.6786452286841352,2
0.3996214473183429,0.12283703496536001,0.3694506201030392,4
0.42583404811371317,0.13539157371627897,0.26862980604683573,4
0.4318074787518019,0.13825255141960768,0.16391263284370622,4
0.4172602708600742,0.1312851586522854,0.06023337931995615,4
0.38287788965580427,0.11481769933576792,-0.03752258252915275,4
0.33028043478821745,0.08962612103761379,-0.12474898653024269,2
0.2619463011559925,0.05689745228041952,-0.19733571984134013,2
0.18109539680650788,0.018173869694073398,-0.2518624916897657,2
0.0915374206956889,-0.024719969429884657,-0.28575999765706805,2
-0.0025076505314372277,-0.06976290508785343,-0.2974309854412336,2
-0.0966084080669348,-0.11483251173210865,-0.28632551747095514,2
-0.18633081916102656,-0.15780510707661957,-0.2529668839935322,2
-0.2674471589834403,-0.19665582012044194,-0.1989269456103091,4
-0.3361352212445089,-0.22955400317805089,-0.1267520671207063,4
-0.38915842076085083,-0.2549494920966169,-0.03984313267609085,4
-0.4240183015230684,-0.2716456500741562,0.057704704064117485,4
-0.4390722640771171,-0.27885575324991835,0.1612949837928519,4
-0.4336109648988129,-0.2762400611749644,0.26604652696485176,4
-0.4078917406987962,-0.26392182540037046,0.3670234352390315,4
-0.3631264827029025,-0.24248148185752008,0.45946767127344823,4
-0.30142453227250365,-0.21292930068583954,0.5390232577004366,4
-0.22569328862625404,-0.17665778224955944,0.6019415310141591,4
-0.13950121203273552,-0.135376042445754,0.6452577787963627,4
-0.04690967777091776,-0.0910292790714634,0.6669309371247797,4
0.04771839609114634,-0.04570711399900973,0.6659397656147822,2
0.28213857537071024,0.11569695915635432,0.6659397656147822,4
0.36227328449823276,0.1791840170032686,0.6423309683211631,4
0.43652681984416164,0.23801169036941303,0.5972169930405649,4
0.5014003508344027,0.28940801612579437,0.5327236127115462,4
0.553837033203957,0.33095119664197353,0.4518897588795289,4
0.5913660476628888,0.36068371502049934,0.3585243270791394,4
0.6122190250339894,0.3772045733982677,0.257026701472018,4
0.6154133719033963,0.3797353080410854,0.15217945562880641,4
0.600798570475036,0.3681566705966424,0.04892299740559869,4
0.5690632709772596,0.34301424708327755,-0.04787722333961619,4
0.5217028424270922,0.305492749847488,-0.13365997500561477,4
0.46094891076182415,0.25736019385452413,-0.20438316972599957,4
0.3896642045049741,0.20088458772825718,-0.25671432676658723,2
0.31120766284448526,0.13872706506299345,-0.2881875991966114,2
0.22927616223776215,0.07381649166556631,-0.2973199647285548,2
0.14773031939441575,0.009211457241190739,-0.2836811058079991,0
0.0704125788095315,-0.05204384551774023,-0.24791368619990428,4
0.0009661565726593047,-0.1070630634548435,-0.1917030686374822,4
-0.05733662817002394,-0.15325368806551729,-0.11769790043967676,4
-0.10174854506965753,-0.18843921463693644,-0.029385309107221147,4
-0.1301769022163055,-0.2109616992670342,0.06907341131251044,4
-0.14128215389416393,-0.21975988127022553,0.17303888062454437,4
-0.13454102004764357,-0.21441918983791783,0.2776122403303007,4
-0.11027114326569837,-0.19519127863728128,0.3778659881031942,4
-0.06961612144597151,-0.1629821678769343,0.46907616196294777,2
0.23810130097039892,0.08080824466905384,0.7032451974877518,4
0.32034123208091997,0.14596317342072843,0.7022540259777544,4
0.40047594120844265,0.20945023126764287,0.6786452286841352,4
0.47472947655437137,0.2682779046337871,0.6335312534035371,4
0.5396030075446125,0.31967423039016857,0.5690378730745184,4
0.5920396899141669,0.3612174109063477,0.4882040192425011,4
0.6295687043730986,0.39094992928487354,0.3948385874421116,4
0.6504216817441992,0.4074707876626418,0.29334096183499014,4
0.653616028613606,0.41000152230545955,0.1884937159917785,4
0.6390012271852458,0.39842288486101657,0.08523725776857083,4
0.6072659276874695,0.3732804613476517,-0.011562962976643942,4
0.5599054991373018,0.33575896411186207,-0.09734571464264274,4
0.4991515674720339,0.2876264081188982,-0.16806890936302732,4
0.4278668612151837,0.2311508019926312,-0.2204000664036151,2
0.349410319554695,0.16899327932736757,-0.25187333883363927,2
0.26747881894797165,0.10408270592994029,-0.26100570436558257,2
0.18593297610462547,0.03947767150556486,-0.24736684544502685,4
0.10861523551974123,-0.02177763125336611,-0.21159942583693214,0
0.03916881328286892,-0.07679684919046949,-0.15538880827450985,4
-0.019133971459814325,-0.12298747380114321,-0.0813836400767044,4
-0.0635458883594478,-0.1581730003725623,0.0069289512557511035,4
-0.09197424550609579,-0.18069548500266006,0.10538767167548269,4
-0.10307949718395426,-0.18949366700585138,0.20935314098751703,4
-0.09633836333743384,-0.18415297557354368,0.3139265006932729,4
-0.07206848655548875,-0.16492506437290724,0.414180248466166,2
0.18879169585510683,0.041742504162261856,0.72754807683246,4
0.2692616989771086,0.10549520007606361,0.7492212351608769,4
0.3515016300876298,0.17065012882773836,0.7482300636508795,4
0.4316363392151523,0.23413718667465264,0.7246212663572604,4
0.5058898745610813,0.292964860040797,0.6795072910766622,4
0.5707634055513222,0.3443611857971784,0.6150139107476436,4
0.6232000879208767,0.3859043663133575,0.5341800569156264,4
0.6607291023798084,0.41563688469188337,0.4408146251152368,4
0.681582079750909,0.43215774306965177,0.33931699950811534,4
0.6847764266203158,0.4346884777124695,0.23446975366490375,4
0.6701616251919555,0.4231098402680265,0.13121329544169613,4
0.6384263256941792,0.3979674167546616,0.03441307469648114,4
0.5910658971440117,0.360445919518872,-0.05136967696951744,4
0.5303119654787437,0.31231336352590816,-0.12209287168990224,4
0.4590272592218937,0.2558377573996412,-0.1744240287304899,2
0.3805707175614048,0.19368023473437748,-0.20589730116051408,2
0.2986392169546817,0.12876966133695034,-0.2150296666924575,2
0.21709337411133547,0.0641646269125749,-0.20139080777190177,4
0.13977563352645106,0.002909324153643809,-0.16562338816380695,0
0.07032921128957875,-0.052109893783459565,-0.10941277060138477,4
0.01202642654689573,-0.09830051839413315,-0.03540760240357954,4
-0.03238549035273797,-0.1334860449655524,0.052904988928876184,4
-0.06081384749938595,-0.15600852959565015,0.15136370934860782,4
-0.07191909917724443,-0.16480671159884147,0.2553291786606422,4
-0.06517796533072401,-0.15946602016653377,0.359902538366398,2
0.13653323126657557,0.00034051742710916426,0.7377032506687335,0
0.2114415555304323,0.059686950047047715,0.7810194984509371,4
0.29191155865243423,0.12343964596084961,0.802692656779354,4
0.3741514897629553,0.18859457471252422,0.8017014852693565,4
0.45428619889047794,0.2520816325594386,0.7780926879757373,4
0.5285397342364067,0.3109093059255829,0.7329787126951393,4
0.5934132652266477,0.36230563168196434,0.6684853323661205,4
0.6458499475962022,0.40384881219814345,0.5876514785341033,4
0.6833789620551339,0.4335813305766693,0.4942860467337137,4
0.7042319394262345,0.45010218895443754,0.39278842112659224,4
0.7074262862956413,0.4526329235972553,0.2879411752833807,4
0.6928114848672811,0.44105428615281234,0.18468471706017292,4
0.6610761853695047,0.41591186263944746,0.08788449631495815,4
0.6137157568193371,0.37839036540365784,0.0021017446489594027,4
0.5529618251540692,0.330257809410694,-0.06862145007142523,4
0.481677118897219,0.273782203284427,-0.12095260711201306,2
0.40322057723673027,0.21162468061916337,-0.15242587954203712,2
0.32128907663000716,0.1467141072217362,-0.16155824507398053,2
0.2397432337866608,0.08210907279736064,-0.14791938615342481,4
0.16242549320177638,0.02085377003842956,-0.11215196654532988,2
0.09297907096490435,-0.034165447898673595,-0.05594134898290787,4
0.0346762862222211,-0.08035607250934737,0.018063819214897636,4
-0.009735630677412482,-0.11554159908076653,0.1063764105473532,4
-0.03816398782406058,-0.13806408371086434,0.20483513096708522,4
-0.04926923950191889,-0.1468622657140556,0.3088006002791187,2
0.08378832886332574,-0.04144685169750004,0.7332322066599128,4
0.1496052900059582,0.01069691053567806,0.7961504799736354,0
0.2245136142698151,0.07004334315561672,0.839466727755839,4
0.30498361739181684,0.13379603906941848,0.8611398860842558,4
0.3872235485023381,0.19895096782109323,0.8601487145742586,4
0.4673582576298606,0.2624380256680075,0.8365399172806394,4
0.5416117929757894,0.32126569903415186,0.7914259420000411,4
0.6064853239660305,0.3726620247905333,0.7269325616710225,4
0.6589220063355848,0.4142052053067124,0.6460987078390054,4
0.6964510207945167,0.44393772368523826,0.5527332760386157,4
0.7173039981656172,0.46045858206300655,0.45123565043149444,4
0.7204983450350241,0.4629893167058243,0.3463884045882827,4
0.7058835436066638,0.45141067926138134,0.2431319463650751,4
0.6741482441088875,0.42626825574801647,0.14633172561986013,4
0.62678781555872,0.3887467585122269,0.06054897395386155,4
0.566033883893452,0.34061420251926305,-0.010174220766523245,2
0.4947491776366019,0.28413859639299605,-0.06250537780711096,2
0.41629263597611327,0.22198107372773251,-0.09397865023713503,2
0.33436113536938994,0.1570705003303052,-0.10311101576907855,4
0.25281529252604357,0.09246546590592965,-0.08947215684852283,4
0.17549755194115943,0.031210163146998787,-0.05370473724042807,2
0.10605112970428712,-0.02380905479010459,0.002505880321994114,0
0.04774834496160388,-0.06999967940077836,0.07651104851979962,4
0.0033364280619702924,-0.10518520597219752,0.16482363985225518,4
-0.025091929084677694,-0.12770769060229528,0.26328236027198676,2
0.03304233127983766,-0.08165058013376847,0.7143456206398598,4
0.086666630556789,-0.03916650516472636,0.7939012070668483,4
0.1524835916994216,0.012977257068451846,0.856819480380571,2
0.22739191596327835,0.0723236896883904,0.9001357281627745,4
0.30786191908528027,0.1360763856021923,0.9218088864911915,4
0.39010185019580135,0.2012313143538669,0.920817714981194,4
0.4702365593233239,0.26471837220078126,0.8972089176875748,4
0.5444900946692528,0.32354604556692557,0.8520949424069767,4
0.6093636256594938,0.37494237132330704,0.787601562077958,4
0.6618003080290482,0.41648555183948616,0.7067677082459407,4
0.69932932248798,0.4462180702180119,0.6134022764455512,4
0.7201822998590806,0.4627389285957802,0.5119046508384297,4
0.7233766467284873,0.46526966323859803,0.40705740499521825,4
0.7087618453001271,0.45369102579415505,0.3038009467720104,4
0.6770265458023508,0.4285486022807901,0.20700072602679565,4
0.6296661172521831,0.39102710504500054,0.1212179743607969,4
0.5689121855869153,0.3428945490520367,0.05049477964041227,2
0.4976274793300652,0.28641894292576975,-0.0018363774001754485,2
0.4191709376695763,0.22426142026050602,-0.03330964983019963,2
0.33723943706285303,0.15935084686307874,-0.042442015362142926,4
0.255693594219507,0.09474581243870345,-0.028803156441587263,4
0.17837585363462258,0.03349050967977235,0.0069642631665075005,4
0.10892943139775027,-0.021528708257331025,0.06317488072892974,0
0.050626646655067026,-0.06771933286800474,0.13718004892673524,4
0.006214729755433551,-0.10290485943942385,0.2254926402591907,2
-0.013313607351889217,-0.11837626603820103,0.6819334295563491,4
0.025591250196974807,-0.08755373022790533,0.7743776655907656,4
0.07921554947392626,-0.045069655258863084,0.8539332520177543,4
0.14503251061655872,0.007074106974314957,0.9168515253314767,0
0.21994083488041563,0.06642053959425365,0.9601677731136803,4
0.3004108380024174,0.13017323550805543,0.9818409314420973,4
0.38265076911293855,0.1953281642597301,0.9808497599320998,4
0.4627854782404611,0.2588152221066444,0.9572409626384807,4
0.53703901358639,0.31764289547278873,0.9121269873578824,4
0.601912544576631,0.3690392212291702,0.8476336070288638,4
0.6543492269461854,0.41058240174534927,0.7667997531968467,4
0.6918782414051172,0.4403149201238752,0.673434321396457,4
0.7127312187762177,0.4568357785016435,0.5719366957893356,4
0.7159255656456246,0.4593665131444612,0.4670894499461239,4
0.7013107642172643,0.4477878757000182,0.3638329917229163,4
0.6695754647194879,0.42264545218665334,0.2670327709777013,4
0.6222150361693204,0.38512395495086377,0.18125001931170284,4
0.5614611045040524,0.3369913989578999,0.11052682459131802,2
0.49017639824720227,0.2805157928316328,0.058195667550730246,2
0.4117198565867134,0.2183582701663691,0.026722395120706177,2
0.3297883559799904,0.15344769676894207,0.017590029588762768,4
0.24824251313664403,0.08884266234456652,0.031228888509318486,4
0.1709247725517596,0.027587359585635435,0.06699630811741342,2
0.1014783503148873,-0.02743185835146797,0.12320692567983571,4
0.04317556557220434,-0.0736224829621415,0.1972120938776409,2
-0.05309519271347779,-0.14989339311822816,0.6375228975942847,2
-0.03074297587021224,-0.13218475600971977,0.7384998058684642,4
0.008161881678651839,-0.10136222019942395,0.8309440419028808,4
0.061786180955603176,-0.058878145230381845,0.9104996283298694,4
0.12760314209823578,-0.006734382997203638,0.973417901643592,0
0.20251146636209252,0.05261204962273491,1.0167341494257955,4
0.28298146948409436,0.11636474553653675,1.0384073077542126,4
0.3652214005946155,0.18151967428821142,1.0374161362442151,4
0.4453561097221381,0.24500673213512578,1.013807338950596,4
0.519609645068067,0.3038344055012701,0.9686933636699977,4
0.5844831760583079,0.3552307312576514,0.9041999833409791,4
0.6369198584278624,0.39677391177383065,0.8233661295089618,4
0.6744488728867941,0.42650643015235645,0.7300006977085723,4
0.6953018502578947,0.44302728853012474,0.6285030721014508,4
0.6984961971273016,0.4455580231729425,0.5236558262582393,4
0.6838813956989414,0.43397938572849953,0.4203993680350315,4
0.6521460962011649,0.40883696221513466,0.3235991472898167,4
0.6047856676509974,0.3713154649793451,0.23781639562381812,4
0.5440317359857294,0.3231829089863812,0.16709320090343333,2
0.4727470297288792,0.2667073028601142,0.11476204386284555,2
0.3942904880683907,0.2045497801948507,0.08328877143282154,4
0.3123589874616674,0.1396392067974234,0.07415640590087808,4
0.230813144618321,0.07503417237304784,0.0877952648214338,4
0.1534954040334366,0.013778869614116755,0.12356268442952872,2
0.08404898179656456,-0.0412403483229864,0.17977330199195068,2
-0.08442791436578731,-0.17471687265286884,0.58320665140527,2
-0.07968157588644373,-0.17095656617793553,0.6879581945772699,4
-0.05732935904317818,-0.15324792906942708,0.7889351028514496,4
-0.018424501494314155,-0.12242539325913138,0.8813793388858662,4
0.03519979778263729,-0.07994131829008913,0.9609349253128548,4
0.10101675892526976,-0.027797556056911088,1.0238531986265773,4
0.17592508318912659,0.031548876563027545,1.0671694464087809,2
0.2563950863111284,0.09530157247682938,1.0888426047371977,4
0.3386350174216496,0.16045650122850405,1.0878514332272005,4
0.41876972654917216,0.2239435590754184,1.0642426359335813,4
0.49302326189510093,0.28277123244156266,1.019128660652983,4
0.557896792885342,0.33416755819794414,0.9546352803239644,4
0.6103334752548963,0.37571073871412325,0.8738014264919473,4
0.6478624897138282,0.4054432570926491,0.7804359946915576,4
0.6687154670849288,0.4219641154704174,0.6789383690844362,4
0.6719098139543356,0.4244948501132351,0.5740911232412245,4
0.6572950125259753,0.41291621266879214,0.47083466501801685,4
0.625559713028199,0.3877737891554273,0.3740344442728021,4
0.5781992844780315,0.35025229191963775,0.2882516926068034,2
0.5174453528127635,0.30211973592667385,0.21752849788641862,2
0.4461606465559136,0.24564412980040704,0.16519734084583093,2
0.36770410489542477,0.18348660713514334,0.13372406841580686,4
0.28577260428870144,0.11857603373771602,0.12459170288386334,4
0.20422676144535507,0.05397099931334047,0.13823056180441906,4
0.12690902086047093,-0.007284303445590392,0.17399798141251377,0
-0.1058353727814961,-0.19167702095303565,0.5215440754273762,2
-0.11891856039017515,-0.20204223095476467,0.6251343551561106,4
-0.11417222191083157,-0.19828192447983137,0.7298858983281107,4
-0.09182000506756602,-0.18057328737132297,0.8308628066022903,4
-0.05291514751870194,-0.14975075156102716,0.9233070426367069,4
0.0007091517582493989,-0.10726667659198505,1.0028626290636955,4
0.06652611290088192,-0.055122914358806924,1.065780902377418,4
0.14143443716473875,0.004223518261131707,1.1090971501596216,0
0.22190444028674058,0.06797621417493355,1.1307703084880387,4
0.30414437139726175,0.13313114292660821,1.129779136978041,4
0.3842790805247842,0.1966182007735225,1.106170339684422,4
0.45853261587071314,0.25544587413966685,1.0610563644038238,4
0.5234061468609541,0.3068421998960483,0.9965629840748051,4
0.5758428292305086,0.34838538041222744,0.9157291302427879,4
0.6133718436894403,0.37811789879075325,0.8223636984423983,4
0.6342248210605409,0.39463875716852154,0.7208660728352769,4
0.6374191679299478,0.3971694918113393,0.6160188269920653,4
0.6228043665015875,0.38559085436689633,0.5127623687688577,4
0.5910690670038111,0.36044843085353145,0.41596214802364273,4
0.5437086384536435,0.32292693361774183,0.33017939635764404,2
0.4829547067883757,0.27479437762477815,0.25945620163725946,2
0.4116700005315256,0.21831877149851106,0.20712504459667166,4
0.3332134588710367,0.15616124883324736,0.1756517721666475,4
0.25128195826431343,0.09125067543582006,0.16651940663470421,4
0.1697361154209674,0.02664564101144476,0.18015826555525985,1
-0.11630884737013583,-0.19997467491979576,0.45544071355294125,2
-0.14660508056394128,-0.22397699214612898,0.5529885502931493,2
-0.15968826817262038,-0.234342202147858,0.656578830021884,4
-0.1549419296932768,-0.2305818956729247,0.7613303731938839,4
-0.1325897128500112,-0.2128732585644162,0.8623072814680637,4
-0.09368485530114715,-0.1820507227541205,0.9547515175024801,4
-0.040060556024195754,-0.1395666477850783,1.0343071039294687,4
0.025756405118436798,-0.08742288555190017,1.0972253772431912,4
0.10066472938229362,-0.028076452931961565,1.1405416250253948,4
0.18113473250429546,0.03567624298184028,1.1622147833538117,4
0.26337466361481654,0.10083117173351488,1.1612236118438144,4
0.34350937274233917,0.1643182295804293,1.137614814550195,4
0.41776290808826794,0.22314590294657358,1.092500839269597,4
0.48263643907850906,0.274542228702955,1.028007458940578,4
0.5350731214480634,0.31608540921913414,0.9471736051085611,4
0.5726021359069953,0.34581792759766,0.8538081733081713,4
0.5934551132780957,0.3623387859754282,0.75231054770105,4
0.5966494601475025,0.364869520618246,0.6474633018578385,4
0.5820346587191423,0.353290883173803,0.5442068436346307,4
0.5502993592213659,0.328148459660438,0.4474066228894157,4
0.5029389306711984,0.2906269624246485,0.3616238712234173,2
0.44218499900593045,0.2424944064316847,0.29090067650303253,2
0.37090029274908026,0.18601880030541765,0.23856951946244476,4
0.29244375108859133,0.1238612776401539,0.20709624703242063,4
0.2105122504818684,0.05895070424272687,0.19796388150047728,2
-0.11535482744649753,-0.1992188486525194,0.38801135974428846,4
-0.1614365460899489,-0.2357272826264467,0.4749202941889039,2
-0.19173277928375448,-0.25972959985278005,0.5724681309291122,4
-0.20481596689243353,-0.27009480985450907,0.6760584106578466,4
-0.20006962841308995,-0.26633450337957576,0.7808099538298466,4
-0.1777174115698244,-0.2486258662710673,0.8817868621040262,4
-0.13881255402096038,-0.21780333046077155,0.9742310981384429,4
-0.08518825474400896,-0.1753192554917294,1.0537866845654313,4
-0.019371293601376433,-0.12317549325855126,1.116704957879154,4
0.05553703066248039,-0.06382906063861264,1.1600212056613577,4
0.13600703378448215,-7.636472481087515e-05,1.1816943639897746,0
0.21824696489500336,0.06507856402686388,1.180703192479777,4
0.2983816740225259,0.12856562187377815,1.1570943951861579,4
0.3726352093684548,0.18739329523992257,1.1119804199055596,4
0.43750874035869575,0.23878962099630394,1.047487039576541,4
0.4899454227282502,0.2803328015124831,0.9666531857445237,4
0.527474437187182,0.3100653198910089,0.8732877539441343,4
0.5483274145582825,0.32658617826877717,0.771790128337013,4
0.5515217614276894,0.32911691291159495,0.6669428824938013,4
0.5369069599993291,0.31753827546715196,0.5636864242705935,4
0.5051716605015528,0.29239585195378714,0.46688620352537885,2
0.45781123195138523,0.2548743547179975,0.3811034518593801,2
0.39705730028611724,0.2067417987250337,0.3103802571389953,4
0.32577259402926706,0.15026619259876664,0.25804910009840754,4
0.24731605236877854,0.08810866993350315,0.22657582766838352,2
-0.10301826648062931,-0.18944515672552067,0.3224332887749087,3
-0.16271409751592691,-0.23673942807710785,0.3946081672645114,1
-0.20879581615937837,-0.27324786205103524,0.481517101709127,1
-0.23909204935318384,-0.29725017927736846,0.5790649384493352,4
-0.2521752369618629,-0.3076153892790975,0.6826552181780697,3
-0.2474288984825193,-0.3038550828041642,0.7874067613500696,2
-0.22507668163925376,-0.2861464456956557,0.8883836696242493,3
-0.18617182409038968,-0.25532390988535997,0.9808279056586658,4
-0.1325475248134383,-0.21283983491631775,1.0603834920856545,2
-0.06673056367080574,-0.16069607268313962,1.1233017653993769,4
0.008177760593051003,-0.10134964006320107,1.1666180131815804,4
0.08864776371505292,-0.037596944149399174,1.1882911715099975,4
0.17088769482557398,0.02755798460227543,1.1873,1
0.2510224039530966,0.09104504244918984,1.1636912027063808,2
0.32527593929902543,0.14987271581533412,1.1185772274257828,2
0.3901494702892665,0.2012690415717156,1.054083847096764,4
0.44258615265882084,0.24281222208789469,0.9732499932647467,3
0.4801151671177526,0.27254474046642047,0.8798845614643572,3
0.5009681444888532,0.28906559884418875,0.7783869358572357,3
0.5041624913582601,0.29159633348700653,0.673539690014024,4
0.4895476899298998,0.28001769604256355,0.5702832317908166,4
0.4578123904321234,0.25487527252919867,0.47348301104560164,2
0.41045196188195576,0.21735377529340907,0.3877002593796029,2
0.34969803021668766,0.16922121930044515,0.3169770646592181,2
0.27841332395983787,0.11274561317417829,0.26464590761863055,2
-0.07988046388791203,-0.1711141360274021,0.2617965428714626,4
-0.15037753655005864,-0.2269657361501091,0.3158364812546855,2
-0.21007336758535639,-0.2742600075016964,0.3880113597442884,2
-0.2561550862288077,-0.3107684414756237,0.4749202941889038,2
-0.2864513194226133,-0.334770758701957,0.5724681309291121,4
-0.29953450703129236,-0.34513596870368596,0.6760584106578464,4
-0.2947881685519488,-0.34137566222875265,0.7808099538298465,4
-0.27243595170868323,-0.3236670251202443,0.8817868621040261,4
-0.2335310941598192,-0.2928444893099485,0.9742310981384428,4
-0.17990679488286782,-0.25036041434090633,1.0537866845654313,4
-0.11408983374023535,-0.19821665210772824,1.116704957879154,4
-0.03918150947637847,-0.13887021948778958,1.1600212056613575,4
0.041288493645623286,-0.07511752357398782,1.1816943639897743,4
0.12352842475614452,-0.009962594822313072,1.180703192479777,0
0.20366313388366702,0.053524463024601204,1.1570943951861579,4
0.2779166692295959,0.11235213639074562,1.1119804199055596,4
0.3427902002198369,0.163748462147127,1.047487039576541,4
0.39522688258939126,0.20529164266330607,0.966653185744524,4
0.4327558970483231,0.235024161041832,0.8732877539441343,4
0.4536088744194237,0.2515450194196002,0.7717901283370128,4
0.45680322128883055,0.25407575406241806,0.6669428824938014,4
0.4421884198604703,0.2424971166179751,0.5636864242705937,4
0.41045312036269394,0.2173546931046102,0.46688620352537863,2
0.3630926918125263,0.17983319586882057,0.3811034518593799,4
0.3023387601472585,0.13170063987585687,0.3103802571389953,2
-0.04703167416938195,-0.145089545238126,0.20895832875807696,4
-0.12500816260772507,-0.20686674373405306,0.24231696223549987,4
-0.19550523526987185,-0.26271834385676013,0.29635690061872294,2
-0.2552010663051695,-0.31001261520834733,0.3685317791083257,2
-0.30128278494862093,-0.3465210491822747,0.45544071355294125,4
-0.3315790181424264,-0.3705233664086079,0.5529885502931493,4
-0.3446622057511054,-0.38088857641033697,0.6565788300218839,4
-0.3399158672717618,-0.37712826993540366,0.7613303731938839,4
-0.3175636504284963,-0.3594196328268952,0.8623072814680635,4
-0.27865879287963224,-0.3285970970165994,0.9547515175024801,4
-0.2250344936026809,-0.28611302204755734,1.0343071039294687,4
-0.15921753246004827,-0.23396925981437908,1.0972253772431912,4
-0.08430920819619153,-0.17462282719444053,1.1405416250253948,4
-0.003839205074189611,-0.11087013128063863,1.1622147833538117,4
0.07840072603633146,-0.04571520252896402,1.1612236118438144,4
0.1585354351638541,0.01777185531795039,1.137614814550195,2
0.23278897050978287,0.07659952868409467,1.092500839269597,4
0.2976625015000238,0.12799585444047604,1.0280074589405783,4
0.3500991838695783,0.16953903495665523,0.9471736051085611,4
0.38762819832851014,0.19927155333518115,0.8538081733081713,4
0.4084811756996106,0.21579241171294933,0.7523105477010502,4
0.4116755225690175,0.2183231463557671,0.6474633018578385,4
0.39706072114065727,0.20674450891132412,0.5442068436346307,2
0.36532542164288073,0.18160208539795913,0.4474066228894157,2
0.3179649930927133,0.14408058816216968,0.3616238712234173,2
-0.006019734061077697,-0.11259766447361667,0.16640838592202534,4
-0.08780138195182705,-0.17738951643121922,0.1775138538923037,4
-0.16577787039017033,-0.23916671492714645,0.21087248736972666,2
-0.236274943052317,-0.29501831504985343,0.2649124257529496,2
-0.29597077408761474,-0.3423125864014407,0.3370873042425525,2
-0.3420524927310661,-0.378821020375368,0.4239962386871679,4
-0.37234872592487167,-0.4028233376017013,0.521544075427376,4
-0.38543191353355066,-0.4131885476034303,0.6251343551561106,4
-0.3806855750542071,-0.409428241128497,0.7298858983281106,4
-0.3583333582109416,-0.3917196040199886,0.8308628066022903,4
-0.3194285006620776,-0.3608970682096929,0.9233070426367068,4
-0.26580420138512617,-0.3184129932406507,1.0028626290636953,4
-0.1999872402424937,-0.2662692310074726,1.0657809023774178,4
-0.1250789159786368,-0.20692279838753388,1.1090971501596216,4
-0.04460891285663504,-0.14317010247373213,1.1307703084880385,4
0.03763101825388619,-0.0780151737220574,1.129779136978041,4
0.1177657273814087,-0.01452811587514312,1.106170339684422,0
0.19201926272733746,0.04429955749100119,1.0610563644038238,4
0.25689279371757856,0.09569588324738267,0.9965629840748051,4
0.309329476087133,0.13723906376356185,0.9157291302427878,4
0.34685849054606477,0.1669715821420876,0.8223636984423985,4
0.36771146791716536,0.18349244051985594,0.720866072835277,4
0.37090581478657225,0.18602317516267372,0.6160188269920652,4
0.356291013358212,0.17444453771823074,0.5127623687688575,2
0.3245557138604357,0.14930211420486592,0.41596214802364284,2
0.041222871616104884,-0.07516951290082792,0.1361516699553501,4
-0.04051038008546548,-0.1399230227755125,0.12448068217118458,4
-0.12229202797621502,-0.2047148747331152,0.13558615014146302,4
-0.20026851641455817,-0.2664920732290423,0.16894478361888587,2
-0.2707655890767049,-0.32234367335174935,0.22298472200210898,2
-0.3304614201120025,-0.3696379447033365,0.29515960049171175,2
-0.376543138755454,-0.4061463786772639,0.3820685349363273,4
-0.40683937194925945,-0.4301486959035971,0.47961637167653537,4
-0.41992255955793856,-0.44051390590532613,0.58320665140527,4
-0.415176221078595,-0.4367535994303928,0.6879581945772699,4
-0.39282400423532937,-0.41904496232188443,0.7889351028514495,4
-0.3539191466864653,-0.3882224265115886,0.8813793388858662,4
-0.30029484740951395,-0.3457383515425465,0.9609349253128546,4
-0.23447788626688137,-0.29359458930936827,1.0238531986265773,4
-0.15956956200302463,-0.23424815668942972,1.0671694464087809,4
-0.07909955888102269,-0.17049546077562783,1.0888426047371977,4
0.003140372229498381,-0.10534053202395322,1.0878514332272005,4
0.08327508135702089,-0.04185347417703894,1.064242635933581,4
0.1575286167029498,0.016974199189105477,1.019128660652983,2
0.2224021476931909,0.06837052494548695,0.9546352803239643,4
0.2748388300627451,0.10991370546166593,0.8738014264919473,4
0.312367844521677,0.13964622384019185,0.7804359946915576,4
0.3332208218927776,0.15616708221796013,0.678938369084436,4
0.3364151687621844,0.1586978168607779,0.5740911232412244,2
0.32180036733382417,0.14711917941633493,0.47083466501801696,2
0.09247006874497898,-0.03456870703235543,0.11961387893966718,4
0.014636488443138973,-0.09623268596053526,0.0857163729723649,4
-0.06709676325843156,-0.16098619583521998,0.07404538518819931,4
-0.14887841114918093,-0.22577804779282254,0.08515085315847776,4
-0.22685489958752425,-0.28755524628874973,0.11850948663590077,2
-0.2973519722496708,-0.3434068464114567,0.17254942501912374,2
-0.35704780328496843,-0.3907011177630439,0.24472430350872648,4
-0.4031295219284199,-0.4272095517369712,0.3316332379533421,4
-0.43342575512222536,-0.4512118689633045,0.42918107469355027,4
-0.44650894273090436,-0.46157707896503347,0.5327713544222847,4
-0.4417626042515608,-0.45781677249010017,0.6375228975942847,4
-0.4194103874082953,-0.44010813538159166,0.7384998058684644,4
-0.3805055298594312,-0.40928559957129595,0.8309440419028808,4
-0.32688123058247975,-0.36680152460225374,0.9104996283298696,4
-0.2610642694398473,-0.31465776236907567,0.973417901643592,4
-0.18615594517599032,-0.25531132974913695,1.0167341494257958,4
-0.1056859420539886,-0.19155863383533517,1.0384073077542126,4
-0.023446010943467543,-0.12640370508366056,1.0374161362442151,4
0.056688698184055114,-0.06291664723674614,1.013807338950596,4
0.130942233529984,-0.004088973870601783,0.9686933636699976,0
0.19581576452022487,0.0473073518857795,0.9041999833409791,4
0.24825244688977932,0.0888505324019587,0.8233661295089618,4
0.2857814613487112,0.11858305078048462,0.7300006977085721,4
0.3066344387198117,0.1351039091582528,0.6285030721014506,2
0.3098287855892185,0.13763464380107057,0.5236558262582393,1
0.14530708664404393,0.007291640978370399,0.11757427447597735,0
0.07504070022665613,-0.048377197003873995,0.06304750262755199,4
-0.002792880075184051,-0.11004117593205394,0.029149996660249533,4
-0.08452613177675444,-0.17479468580673851,0.017479008876084,4
-0.16630777966750399,-0.23958653776434122,0.02858447684636245,2
-0.24428426810584714,-0.3013637362602683,0.0619431103237853,2
-0.3147813407679937,-0.35721533638297526,0.11598304870700826,2
-0.37447717180329143,-0.4045096077345625,0.18815792719661115,4
-0.4205588904467429,-0.4410180417084899,0.27506686164122673,4
-0.45085512364054836,-0.46502035893482313,0.3726146983814348,4
-0.46393831124922746,-0.47538556893655215,0.47620497811016926,4
-0.4591919727698839,-0.47162526246161884,0.5809565212821693,4
-0.4368397559266183,-0.45391662535311045,0.681933429556349,4
-0.3979348983777542,-0.42309408954281463,0.7743776655907656,4
-0.34431059910080286,-0.3806100145737725,0.853933252017754,4
-0.2784936379581703,-0.3284662523405943,0.9168515253314767,4
-0.20358531369431354,-0.26911981972065574,0.9601677731136803,4
-0.12311531057231179,-0.20536712380685399,0.9818409314420972,4
-0.04087537946179054,-0.14021219505517923,0.9808497599320998,4
0.03925932966573209,-0.07672513720826482,0.9572409626384806,4
0.11351286501166072,-0.017897463842120653,0.9121269873578824,0
0.17838639600190184,0.033498861914260825,0.8476336070288638,4
0.2308230783714563,0.07504204243044002,0.7667997531968465,4
0.2683520928303882,0.10477456080896594,0.6734343213964568,4
0.28920507020148856,0.12129541918673412,0.5719366957893357,1
0.1972442421917088,0.04843906928451877,0.13012896283616904,4
0.13785600556118124,0.0013884908842337045,0.05754222952507165,0
0.06758961914379333,-0.0542803470980108,0.003015457676646127,4
-0.010243961158046655,-0.11594432602619059,-0.030882048290656217,4
-0.09197721285961724,-0.18069783590087532,-0.04255303607482186,4
-0.17375886075036662,-0.24548968785847788,-0.031447568104543466,2
-0.25173534918870977,-0.30726688635440497,0.0019110653728793836,2
-0.32223242185085654,-0.3631184864771121,0.0559510037561024,2
-0.3819282528861543,-0.41041275782869935,0.1281258822457053,4
-0.4280099715296056,-0.4469211918026266,0.2150348166903207,4
-0.4583062047234112,-0.4709235090289599,0.3125826534305287,4
-0.4713893923320902,-0.481288719030689,0.4161729331592634,4
-0.4666430538527466,-0.4775284125557557,0.5209244763312633,4
-0.44429083700948113,-0.4598197754472472,0.6219013846054431,4
-0.40538597946061716,-0.4289972396369516,0.7143456206398596,4
-0.3517616801836657,-0.38651316466790936,0.7939012070668483,4
-0.28594471904103325,-0.33436940243473123,0.8568194803805708,4
-0.21103639477717645,-0.2750229698147927,0.9001357281627744,4
-0.13056639165517459,-0.2112702739009908,0.9218088864911913,4
-0.04832646054465334,-0.14611534514931604,0.9208177149811939,4
0.031808248582868986,-0.08262828730240188,0.8972089176875748,4
0.10606178392879792,-0.02380061393625746,0.8520949424069766,0
0.17093531491903904,0.02759571182012402,0.787601562077958,2
0.2233719972885935,0.06913889233630321,0.7067677082459407,4
0.2609010117475252,0.09887141071482897,0.6134022764455513,1
0.24583425382871757,0.08693470885403351,0.15668636643032358,4
0.20012254388517206,0.050719415817292446,0.06945996242923363,4
0.14073430725464425,0.003668837417007185,-0.0031267708818639717,0
0.07046792083725642,-0.05200000056523724,-0.05765354273028939,4
-0.007365659464583729,-0.11366397949341717,-0.09155104869759179,4
-0.08909891116615415,-0.17841748936810178,-0.10322203648175732,4
-0.17088055905690347,-0.24320934132570435,-0.09211656851147887,2
-0.24885704749524684,-0.30498653982163154,-0.0587579350340558,2
-0.31935412015739356,-0.3608381399443386,-0.004717996650832779,4
-0.37904995119269114,-0.40813241129592576,0.06745688183876997,4
-0.4251316698361425,-0.44464084526985304,0.15436581628338547,4
-0.45542790302994796,-0.4686431624961863,0.2519136530235938,4
-0.46851109063862695,-0.4790083724979153,0.35550393275232817,4
-0.46376475215928337,-0.475248066022982,0.4602554759243283,4
-0.44141253531601776,-0.45753942891447347,0.5612323841985078,4
-0.4025076777671537,-0.4267168931041777,0.6536766202329245,4
-0.34888337849020234,-0.38423281813513555,0.7332322066599131,4
-0.2830664173475698,-0.3320890559019574,0.7961504799736354,4
-0.20815809308371291,-0.27274262328201876,0.8394667277558391,4
-0.127688089961711,-0.20898992736821684,0.8611398860842561,4
-0.04544815885119008,-0.14383499861654236,0.8601487145742586,4
0.03468655027633255,-0.08034794076962795,0.8365399172806394,4
0.10894008562226143,-0.02152026740348359,0.791425942000041,0
0.17381361661250253,0.029876058352897916,0.7269325616710223,2
0.22625029898205676,0.07141923886907689,0.6460987078390052,1
0.2887875575966795,0.12096464308257246,0.1959950989745305,4
0.25890631256810037,0.09729110196260252,0.0982391371254216,4
0.21319460262455484,0.06107580892586145,0.011012733124331653,4
0.15380636599402717,0.014025230525576275,-0.06157400018676584,2
0.0835399795766392,-0.04164360745666823,-0.11610077203519142,4
0.005706399274799184,-0.10330758638484806,-0.14999827800249366,4
-0.07602685242677121,-0.16806109625953264,-0.1616692657866593,2
-0.1578085003175207,-0.23285294821713534,-0.15056379781638085,2
-0.23578498875586407,-0.29463014671306254,-0.11720516433895778,2
-0.3062820614180106,-0.3504817468357695,-0.06316522595573482,4
-0.36597789245330825,-0.3977760181873567,0.009009652533867929,4
-0.4120596110967597,-0.43428445216128403,0.09591858697848349,4
-0.4423558442905652,-0.45828676938761725,0.1934664237186916,4
-0.4554390318992442,-0.4686519793893463,0.29705670344742624,4
-0.4506926934199006,-0.46489167291441297,0.4018082466194261,4
-0.428340476576635,-0.44718303580590446,0.5027851548936059,4
-0.389435619027771,-0.41636049999560876,0.5952293909280224,4
-0.3358113197508197,-0.37387642502656665,0.6747849773550109,4
-0.26999435860818705,-0.32173266279338847,0.7377032506687335,4
-0.19508603434433014,-0.2623862301734498,0.7810194984509371,4
-0.11461603122232855,-0.1986335342596481,0.802692656779354,4
-0.032376100111807304,-0.13347860550797336,0.8017014852693565,4
0.047758609015715325,-0.06999154766105894,0.7780926879757373,4
0.1220121443616442,-0.011163874294914585,0.732978712695139,0
0.18688567535188508,0.0402324514614667,0.6684853323661206,2
0.32408019151477374,0.14892537964133865,0.2462029308798035,4
0.31143741727200513,0.13890908896735835,0.14252367735605387,4
0.2815561722434259,0.1152355478473884,0.04476771550694458,4
0.23584446229988038,0.07902025481064734,-0.04245868849414541,4
0.1764562256693527,0.03196967641036216,-0.11504542180524291,2
0.1061898392519649,-0.023699161571882232,-0.16957219365366827,0
0.02835625895012492,-0.08536314050006202,-0.2034696996209706,4
-0.05337699275144564,-0.15011665037474675,-0.21514068740513625,2
-0.13515864064219518,-0.21490850233234945,-0.2040352194348578,2
-0.21313512908053833,-0.27668570082827654,-0.17067658595743496,2
-0.28363220174268494,-0.3325373009509835,-0.116636647574212,4
-0.3433280327779827,-0.37983157230257075,-0.04446176908460914,4
-0.3894097514214341,-0.4163400062764981,0.042447165360006256,4
-0.41970598461523956,-0.44034232350283137,0.13999500210021454,4
-0.43278917222391866,-0.4507075335045604,0.24358528182894895,4
-0.4280428337445751,-0.4469472270296271,0.3483368250009491,4
-0.4056906169013095,-0.4292385899211187,0.44931373327512864,4
-0.36678575935244556,-0.398416054110823,0.5417579693095451,4
-0.3131614600754941,-0.35593197914178076,0.6213135557365338,4
-0.24734449893286148,-0.3037882169086025,0.6842318290502565,4
-0.17243617466900485,-0.24444178428866412,0.7275480768324599,4
-0.09196617154700301,-0.18068908837486222,0.7492212351608769,4
-0.009726240436481792,-0.11553415962318747,0.7482300636508794,4
0.07040846869104087,-0.05204710177627306,0.7246212663572602,4
0.1446620040369695,0.006780571589871108,0.6795072910766622,0
0.35004916477700465,0.16949940712174766,0.3049440664098083,4
0.35524058952148363,0.1736123350483486,0.20022689320667836,4
0.342597815278715,0.1635960443743683,0.09654763968292873,4
0.3127165702501359,0.13992250325439853,-0.0012083221661802201,4
0.2670048603065902,0.1037072102176573,-0.08843472616727055,4
0.20761662367606268,0.05665663181737224,-0.16102145947836788,4
0.13735023725867493,0.0009877938351278686,-0.21554823132679335,0
0.05951665695683478,-0.06067618509305206,-0.2494457372940958,4
-0.022216594744735807,-0.1254296949677368,-0.26111672507826145,2
-0.10399824263548516,-0.19022154692533935,-0.2500112571079831,2
-0.18197473107382833,-0.25199874542126643,-0.21665262363056015,2
-0.2524718037359751,-0.30785034554397356,-0.16261268524733719,4
-0.31216763477127274,-0.35514461689556076,-0.0904378067577345,4
-0.3582493534147242,-0.39165305086948815,-0.003528872313118825,4
-0.3885455866085298,-0.41565536809582143,0.09401896442708918,4
-0.4016287742172088,-0.4260205780975504,0.19760924415582382,4
-0.3968824357378652,-0.4222602716226171,0.3023607873278237,4
-0.3745302188945997,-0.40455163451410875,0.4033376956020033,4
-0.33562536134573573,-0.37372909870381305,0.49578193163642004,4
-0.2820010620687843,-0.33124502373477077,0.5753375180634086,4
-0.21618410092615192,-0.2791012615015928,0.6382557913771311,4
-0.14127577666229502,-0.21975482888165412,0.6815720391593347,4
-0.06080577354029315,-0.15600213296785226,0.7032451974877517,4
0.021434157570228082,-0.09084720421617751,0.7022540259777543,4
0.10156886669775042,-0.027360146369263344,0.6786452286841352,2
0.3654708179683098,0.18171727624377046,0.3694506201030392,4
0.3882518214872143,0.19976562138612172,0.26862980604683573,4
0.39344324623169324,0.20387854931272267,0.16391263284370622,4
0.3808004719889246,0.19386225863874237,0.06023337931995615,4
0.3509192269603454,0.17018871751877243,-0.03752258252915275,4
0.3052075170167999,0.13397342448203134,-0.12474898653024269,4
0.2458192803862722,0.08692284608174618,-0.19733571984134013,4
0.17555289396888424,0.03125400809950167,-0.2518624916897657,2
0.09771931366704409,-0.03040997082867826,-0.28575999765706805,2
0.015986061965473683,-0.09516348070336286,-0.2974309854412336,2
-0.06579558592527568,-0.15995533266096543,-0.28632551747095514,2
-0.143772074363619,-0.2217325311568926,-0.2529668839935322,2
-0.2142691470257656,-0.2775841312795996,-0.1989269456103091,4
-0.2739649780610633,-0.3248784026311869,-0.1267520671207063,4
-0.32004669670451463,-0.3613868366051141,-0.03984313267609085,4
-0.35034292989832017,-0.3853891538314474,0.057704704064117485,4
-0.36342611750699916,-0.39575436383317636,0.1612949837928519,4
-0.3586797790276556,-0.39199405735824305,0.26604652696485176,4
-0.33632756218438997,-0.37428542024973455,0.3670234352390315,4
-0.29742270463552584,-0.3434628844394388,0.45946767127344823,4
-0.2437984053585746,-0.30097880947039674,0.5390232577004366,4
-0.17798144421594198,-0.24883504723721853,0.6019415310141591,4
-0.10307311995208507,-0.18948861461727987,0.6452577787963627,4
-0.022603116830083175,-0.12573591870347794,0.6669309371247797,4
0.059636814280437725,-0.06058098995180346,0.6659397656147822,2
0.25248707445551233,0.14873425659037043,0.6659397656147822,4
0.3165704035732309,0.22839293502655994,0.6423309683211631,4
0.37595058721069813,0.30220537609324977,0.5972169930405649,4
0.4278296279252577,0.36669353360247703,0.5327236127115462,4
0.4697629825317115,0.41881872210836923,0.4518897588795289,4
0.4997747491085162,0.456124799928578,0.3585243270791394,4
0.5164507716024644,0.4768539026722869,0.257026701472018,4
0.5190052749378744,0.48002927390472994,0.15217945562880641,4
0.5073178907803639,0.4655012899628669,0.04892299740559869,4
0.48193932929923305,0.43395451023042153,-0.04787722333961619,4
0.44406542967470447,0.3868754206629498,-0.13365997500561477,4
0.3954808120915156,0.32648239048976535,-0.20438316972599957,4
0.3384747863399519,0.25562114253669377,-0.25671432676658723,2
0.2757334794155557,0.17763066261365762,-0.2881875991966114,2
0.21021326507080915,0.09618586632395772,-0.2973199647285548,2
0.14500145932511227,0.015124436843643237,-0.2836811058079991,0
0.08317084596811203,-0.061734006915887145,-0.24791368619990428,4
0.027634886822475835,-0.13076789095616578,-0.1917030686374822,4
-0.01898956073369118,-0.1887243349529991,-0.11769790043967676,4
-0.05450555022706907,-0.23287242815207468,-0.029385309107221147,4
-0.07723956632495735,-0.2611319100303987,0.06907341131251044,4
-0.08612038096764599,-0.27217119228388165,0.17303888062454437,4
-0.08072952969213062,-0.2654701033397546,0.2776122403303007,4
-0.06132102970008782,-0.24134439886901957,0.3778659881031942,4
-0.028809410553687492,-0.20093088336227136,0.46907616196294777,2
0.21727068470919716,0.1049585803714893,0.7032451974877518,4
0.2830375493968479,0.18670997497032954,0.7022540259777544,4
0.3471208785145666,0.2663686534065192,0.6786452286841352,4
0.4065010621520337,0.3401810944732089,0.6335312534035371,4
0.4583801028665933,0.4046692519824362,0.5690378730745184,4
0.500313457473047,0.4567944404883283,0.4882040192425011,4
0.5303252240498517,0.4941005183085372,0.3948385874421116,4
0.5470012465438,0.514829621052246,0.29334096183499014,4
0.5495557498792099,0.5180049922846891,0.1884937159917785,4
0.5378683657216994,0.5034770083428259,0.08523725776857083,4
0.5124898042405686,0.4719302286103806,-0.011562962976643942,4
0.4746159046160399,0.42485113904290883,-0.09734571464264274,4
0.42603128703285115,0.3644581088697245,-0.16806890936302732,4
0.3690252612812874,0.2935968609166527,-0.2204000664036151,2
0.30628395435689126,0.21560638099361673,-0.25187333883363927,2
0.24076374001214457,0.13416158470391665,-0.26100570436558257,2
0.1755519342664478,0.05310015522360235,-0.24736684544502685,4
0.11372132090944757,-0.023758288535928034,-0.21159942583693214,0
0.05818536176381129,-0.09279217257620677,-0.15538880827450985,4
0.011560914207644282,-0.15074861657304003,-0.0813836400767044,4
-0.02395507528573354,-0.19489670977211557,0.0069289512557511035,4
-0.04668909138362182,-0.22315619165043962,0.10538767167548269,4
-0.05556990602631051,-0.2341954739039225,0.20935314098751703,4
-0.050179054750795093,-0.2274943849597955,0.3139265006932729,4
-0.030770554758752455,-0.20336868048906062,0.414180248466166,2
0.1778380382608342,0.05594189309002918,0.72754807683246,4
0.2421895003216101,0.1359338737466748,0.7492212351608769,4
0.30795636500926094,0.21768526834551521,0.7482300636508795,4
0.3720396941269795,0.2973439467817047,0.7246212663572604,4
0.43141987776444674,0.37115638784839455,0.6795072910766622,4
0.4832989184790063,0.43564454535762176,0.6150139107476436,4
0.5252322730854599,0.48776973386351397,0.5341800569156264,4
0.5552440396622649,0.5250758116837229,0.4408146251152368,4
0.571920062156213,0.5458049144274317,0.33931699950811534,4
0.574474565491623,0.5489802856598748,0.23446975366490375,4
0.5627871813341125,0.5344523017180116,0.13121329544169613,4
0.5374086198529817,0.5029055219855663,0.03441307469648114,4
0.4995347202284531,0.4558264324180946,-0.05136967696951744,4
0.4509501026452642,0.3954334022449102,-0.12209287168990224,4
0.39394407689370053,0.3245721542918386,-0.1744240287304899,2
0.3312027699693043,0.2465816743688024,-0.20589730116051408,2
0.2656825556245578,0.1651368780791025,-0.2150296666924575,2
0.20047074987886102,0.0840754485987882,-0.20139080777190177,4
0.13864013652186064,0.0072170048392576425,-0.16562338816380695,0
0.08310417737622436,-0.0618168792010211,-0.10941277060138477,4
0.03647972982005751,-0.11977332319785418,-0.03540760240357954,4
0.0009637403266795352,-0.1639214163969299,0.052904988928876184,4
-0.02177027577120874,-0.19218089827525395,0.15136370934860782,4
-0.030651090413897436,-0.20322018052873683,0.2553291786606422,4
-0.025260239138382018,-0.1965190915846098,0.359902538366398,2
0.13604720352922972,0.003993863683667145,0.7377032506687335,0
0.1959510186141317,0.07845720397273749,0.7810194984509371,4
0.26030248067490774,0.15844918462938326,0.802692656779354,4
0.3260693453625585,0.24020057922822352,0.8017014852693565,4
0.39015267448027713,0.3198592576644132,0.7780926879757373,4
0.4495328581177443,0.39367169873110286,0.7329787126951393,4
0.5014118988323039,0.4581598562403302,0.6684853323661205,4
0.5433452534387575,0.5102850447462223,0.5876514785341033,4
0.5733570200155622,0.5475911225664312,0.4942860467337137,4
0.5900330425095106,0.5683202253101399,0.39278842112659224,4
0.5925875458449203,0.5714955965425831,0.2879411752833807,4
0.5809001616874101,0.5569676126007199,0.18468471706017292,4
0.555521600206279,0.5254208328682746,0.08788449631495815,4
0.5176477005817505,0.4783417433008028,0.0021017446489594027,4
0.4690630829985617,0.4179487131276185,-0.06862145007142523,4
0.4120570572469979,0.3470874651745467,-0.12095260711201306,2
0.34931575032260187,0.2690969852515107,-0.15242587954203712,2
0.28379553597785523,0.1876521889618108,-0.16155824507398053,2
0.21858373023215838,0.10659075948149634,-0.14791938615342481,4
0.156753116875158,0.02973231572196578,-0.11215196654532988,4
0.10121715772952194,-0.039301568318312684,-0.05594134898290787,4
0.05459271017335493,-0.09725801231514598,0.018063819214897636,4
0.01907672067997704,-0.1414061055142216,0.1063764105473532,4
-0.0036572954179113493,-0.1696655873925457,0.20483513096708522,4
-0.012538110060599877,-0.18070486964602858,0.3088006002791187,2
0.09386736689176808,-0.04843771391153539,0.7332322066599128,4
0.14650086401620957,0.016988269415675,0.7961504799736354,0
0.20640467910111168,0.09145160970474552,0.839466727755839,4
0.2707561411618876,0.17144359036139112,0.8611398860842558,4
0.3365230058495384,0.2531949849602315,0.8601487145742586,4
0.400606334967257,0.3328536633964211,0.8365399172806394,4
0.45998651860472417,0.4066661044631108,0.7914259420000411,4
0.5118655593192838,0.4711542619723381,0.7269325616710225,4
0.5537989139257375,0.5232794504782303,0.6460987078390054,4
0.5838106805025423,0.5605855282984391,0.5527332760386157,4
0.6004867029964907,0.581314631042148,0.45123565043149444,4
0.6030412063319004,0.5844900022745911,0.3463884045882827,4
0.5913538221743899,0.569962018332728,0.2431319463650751,4
0.5659752606932591,0.5384152386002826,0.14633172561986013,4
0.5281013610687306,0.4913361490328109,0.06054897395386155,4
0.4795167434855417,0.4309431188596265,-0.010174220766523245,2
0.422510717733978,0.3600818709065549,-0.06250537780711096,2
0.35976941080958197,0.2820913909835189,-0.09397865023713503,2
0.29424919646483527,0.20064659469381882,-0.10311101576907855,4
0.22903739071913837,0.11958516521350436,-0.08947215684852283,4
0.1672067773621382,0.04272672145397408,-0.05370473724042807,4
0.11167081821650193,-0.02630716258630466,0.002505880321994114,0
0.06504637066033492,-0.08426360658313796,0.07651104851979962,4
0.029530381166957026,-0.12841169978221356,0.16482363985225518,4
0.006796365069068749,-0.15667118166053762,0.26328236027198676,2
0.05328604451653385,-0.09888226094288373,0.7143456206398598,4
0.0961691304687565,-0.04557651042632573,0.7939012070668483,4
0.14880262759319812,0.019849472900884825,0.856819480380571,2
0.2087064426781001,0.09431281318995517,0.9001357281627745,4
0.27305790473887614,0.17430479384660094,0.9218088864911915,4
0.33882476942652684,0.2560561884454412,0.920817714981194,4
0.4029080985442455,0.33571486688163077,0.8972089176875748,4
0.46228828218171264,0.40952730794832054,0.8520949424069767,4
0.5141673228962722,0.4740154654575478,0.787601562077958,4
0.556100677502726,0.52614065396344,0.7067677082459407,4
0.5861124440795307,0.5634467317836488,0.6134022764455512,4
0.6027884665734791,0.5841758345273577,0.5119046508384297,4
0.6053429699088888,0.5873512057598007,0.40705740499521825,4
0.5936555857513783,0.5728232218179377,0.3038009467720104,4
0.5682770242702475,0.5412764420854923,0.20700072602679565,4
0.5304031246457188,0.49419735251802044,0.1212179743607969,4
0.4818185070625301,0.4338043223448361,0.05049477964041227,2
0.42481248131096644,0.36294307439176454,-0.0018363774001754485,2
0.3620711743865702,0.2849525944687284,-0.03330964983019963,2
0.2965509600418235,0.2035077981790283,-0.042442015362142926,4
0.23133915429612692,0.12244636869871418,-0.028803156441587263,4
0.16950854093912654,0.04558792493918363,0.0069642631665075005,4
0.11397258179349026,-0.023445959101095114,0.06317488072892974,0
0.06734813423732325,-0.08140240309792836,0.13718004892673524,4
0.03183214474394544,-0.1255504962970039,0.2254926402591907,2
0.016215430493709132,-0.14496282764458798,0.6819334295563491,4
0.04732745196014171,-0.1062890797663877,0.7743776655907656,4
0.09021053791236447,-0.05298332924982959,0.8539332520177543,4
0.14284403503680593,0.0124426540773808,0.9168515253314767,0
0.20274785012170804,0.08690599436645134,0.9601677731136803,4
0.26709931218248395,0.16689797502309694,0.9818409314420973,4
0.33286617687013476,0.2486493696219373,0.9808497599320998,4
0.39694950598785333,0.32830804805812686,0.9572409626384807,4
0.45632968962532056,0.4021204891248166,0.9121269873578824,4
0.5082087303398801,0.4666086466340439,0.8476336070288638,4
0.5501420849463339,0.518733835139936,0.7667997531968467,4
0.5801538515231386,0.556039912960145,0.673434321396457,4
0.596829874017087,0.5767690157038537,0.5719366957893356,4
0.5993843773524967,0.5799443869362968,0.4670894499461239,4
0.5876969931949863,0.5654164029944337,0.3638329917229163,4
0.5623184317138554,0.5338696232619883,0.2670327709777013,4
0.5244445320893267,0.48679053369451664,0.18125001931170284,4
0.47585991450613796,0.4263975035213322,0.11052682459131802,2
0.4188538887545742,0.3555362555682605,0.058195667550730246,2
0.35611258183017797,0.2775457756452243,0.026722395120706177,2
0.2905923674854315,0.19610097935552456,0.017590029588762768,4
0.22538056173973464,0.1150395498752101,0.031228888509318486,4
0.16354994838273426,0.03818110611567955,0.06699630811741342,4
0.10801398923709798,-0.030852777924599194,0.12320692567983571,4
0.061389541680931185,-0.08880922192143222,0.1972120938776409,2
-0.015597705852669869,-0.18450809523840553,0.6375228975942847,2
0.00227725100526463,-0.1622886590759782,0.7384998058684642,4
0.03338927247169726,-0.1236149111977778,0.8309440419028808,4
0.07627235842391991,-0.0703091606812198,0.9104996283298694,4
0.12890585554836154,-0.004883177354009247,0.973417901643592,0
0.1888096706332635,0.0695801629350611,1.0167341494257955,4
0.2531611326940395,0.14957214359170679,1.0384073077542126,4
0.3189279973816903,0.23132353819054713,1.0374161362442151,4
0.3830113264994089,0.31098221662673675,1.013807338950596,4
0.4423915101368761,0.38479465769342647,0.9686933636699977,4
0.4942705508514356,0.4492828152026537,0.9041999833409791,4
0.5362039054578893,0.5014080037085459,0.8233661295089618,4
0.566215672034694,0.5387140815287548,0.7300006977085723,4
0.5828916945286424,0.5594431842724635,0.6285030721014508,4
0.5854461978640522,0.5626185555049067,0.5236558262582393,4
0.5737588137065419,0.5480905715630435,0.4203993680350315,4
0.5483802522254109,0.5165437918305982,0.3235991472898167,4
0.5105063526008824,0.46946470226312653,0.23781639562381812,4
0.4619217350176935,0.4090716720899421,0.16709320090343333,2
0.40491570926612974,0.3382104241368703,0.11476204386284555,2
0.3421744023417338,0.2602199442138345,0.08328877143282154,4
0.27665418799698704,0.1787751479241344,0.07415640590087808,4
0.2114423822512902,0.09771371844381994,0.0877952648214338,4
0.14961176889428981,0.02085527468428939,0.12356268442952872,2
0.09407580974865376,-0.048178609355989076,0.17977330199195068,2
-0.040654327829091286,-0.21565468859110692,0.58320665140527,2
-0.03685870450696954,-0.21093654516996257,0.6879581945772699,4
-0.018983747649034988,-0.1887171090075352,0.7889351028514496,4
0.012128273817397589,-0.15004336112933492,0.8813793388858662,4
0.05501135976962035,-0.09673761061277679,0.9609349253128548,4
0.10764485689406181,-0.031311627285566405,1.0238531986265773,4
0.16754867197896384,0.043151713003504046,1.0671694464087809,4
0.2319001340397398,0.12314369366014975,1.0888426047371977,4
0.2976669987273906,0.20489508825899005,1.0878514332272005,4
0.3617503278451092,0.2845537666951797,1.0642426359335813,4
0.42113051148257635,0.35836620776186934,1.019128660652983,4
0.473009552197136,0.4228543652710967,0.9546352803239644,4
0.5149429068035897,0.4749795537769888,0.8738014264919473,4
0.5449546733803944,0.5122856315971978,0.7804359946915576,4
0.5616306958743428,0.5330147343409066,0.6789383690844362,4
0.5641851992097526,0.5361901055733496,0.5740911232412245,4
0.5524978150522422,0.5216621216314865,0.47083466501801685,4
0.5271192535711113,0.4901153418990412,0.3740344442728021,4
0.4892453539465827,0.44303625233156946,0.2882516926068034,2
0.4406607363633938,0.38264322215838503,0.21752849788641862,2
0.3836547106118304,0.3117819742053136,0.16519734084583093,2
0.32091340368743415,0.23379149428227744,0.13372406841580686,4
0.2553931893426874,0.15234669799257736,0.12459170288386334,4
0.19018138359699052,0.0712852685122629,0.13823056180441906,4
0.12835077023999036,-0.005573175247267379,0.17399798141251377,0
-0.05777376606208756,-0.23693497855084636,0.5215440754273762,2
-0.06823632625060239,-0.2499404470424285,0.6251343551561106,4
-0.06444070292848064,-0.24522230362128414,0.7298858983281107,4
-0.04656574607054614,-0.2230028674588568,0.8308628066022903,4
-0.015453724604113511,-0.18432911958065643,0.9233070426367069,4
0.027429361348109138,-0.13102336906409842,1.0028626290636955,4
0.08006285847255071,-0.06559738573688796,1.065780902377418,4
0.13996667355745274,0.008865954552182483,1.1090971501596216,0
0.2043181356182287,0.08885793520882819,1.1307703084880387,4
0.2700850003058795,0.17060932980766852,1.129779136978041,4
0.33416832942359803,0.25026800824385803,1.106170339684422,4
0.3935485130610653,0.32408044931054786,1.0610563644038238,4
0.4454275537756249,0.3885686068197751,0.9965629840748051,4
0.48736090838207863,0.4406937953256673,0.9157291302427879,4
0.5173726749588834,0.4779998731458761,0.8223636984423983,4
0.5340486974528316,0.498728975889585,0.7208660728352769,4
0.5366032007882415,0.501904347122028,0.6160188269920653,4
0.5249158166307311,0.487376363180165,0.5127623687688577,4
0.4995372551496002,0.4558295834477196,0.41596214802364273,4
0.4616633555250715,0.40875049388024776,0.33017939635764404,2
0.4130787379418828,0.34835746370706366,0.25945620163725946,2
0.3560727121903191,0.27749621575399186,0.20712504459667166,4
0.2933314052659229,0.1995057358309557,0.1756517721666475,4
0.22781119092117616,0.11806093954125564,0.16651940663470421,4
0.16259938517547956,0.036999510060941494,0.18015826555525985,2
-0.06614935170253433,-0.24734623671163125,0.45544071355294125,2
-0.0903770990035972,-0.2774624987420165,0.5529885502931493,2
-0.10083965919211202,-0.29046796723359863,0.656578830021884,4
-0.09704403586999027,-0.2857498238124543,0.7613303731938839,4
-0.07916907901205567,-0.26353038765002684,0.8623072814680637,4
-0.048057057545623144,-0.22485663977182657,0.9547515175024801,4
-0.005173971593400384,-0.1715508892552685,1.0343071039294687,4
0.04745952553104113,-0.10612490592805801,1.0972253772431912,4
0.10736334061594319,-0.031661565638987595,1.1405416250253948,4
0.17171480267671912,0.048330415017658106,1.1622147833538117,4
0.23748166736436988,0.13008180961649835,1.1612236118438144,4
0.30156499648208857,0.20974048805268802,1.137614814550195,4
0.3609451801195557,0.2835529291193777,1.092500839269597,4
0.4128242208341153,0.34804108662860506,1.028007458940578,4
0.454757575440569,0.40016627513449715,0.9471736051085611,4
0.4847693420173737,0.4374723529547061,0.8538081733081713,4
0.5014453645113219,0.4582014556984148,0.75231054770105,4
0.5039998678467319,0.4613768269308579,0.6474633018578385,4
0.4923124836892214,0.4468488429889948,0.5442068436346307,4
0.46693392220809044,0.41530206325654934,0.4474066228894157,4
0.42906002258356196,0.36822297368907775,0.3616238712234173,2
0.3804754050003731,0.3078299435158933,0.29090067650303253,2
0.32346937924880936,0.23696869556282157,0.23856951946244476,4
0.2607280723244131,0.15897821563978537,0.20709624703242063,4
0.19520785797966667,0.07753341935008566,0.19796388150047728,2
-0.06538642670515171,-0.24639788402967566,0.38801135974428846,4
-0.1022377483645219,-0.2922058597142707,0.4749202941889039,2
-0.1264654956655848,-0.3223221217446561,0.5724681309291122,4
-0.13692805585409967,-0.3353275902362382,0.6760584106578466,4
-0.13313243253197787,-0.33060944681509385,0.7808099538298466,4
-0.1152574756740434,-0.3083900106526665,0.8817868621040262,4
-0.08414545420761077,-0.2697162627744662,0.9742310981384429,4
-0.04126236825538812,-0.21641051225790814,1.0537866845654313,4
0.011371128869053448,-0.1509845289306977,1.116704957879154,4
0.07127494395395548,-0.07652118864162723,1.1600212056613577,4
0.13562640601473136,0.0034707920150183697,1.1816943639897746,0
0.20139327070238225,0.08522218661385879,1.180703192479777,4
0.2654765998201008,0.16488086505004831,1.1570943951861579,4
0.3248567834575681,0.23869330611673814,1.1119804199055596,4
0.3767358241721276,0.3031814636259654,1.047487039576541,4
0.4186691787785814,0.3553066521318576,0.9666531857445237,4
0.4486809453553861,0.3926127299520664,0.8732877539441343,4
0.4653569678493344,0.41334183269577524,0.771790128337013,4
0.46791147118474424,0.41651720392821834,0.6669428824938013,4
0.45622408702723377,0.40198921998635523,0.5636864242705935,4
0.43084552554610295,0.37044244025390993,0.46688620352537885,2
0.39297162592157436,0.3233633506864382,0.3811034518593801,2
0.3443870083383855,0.26297032051325375,0.3103802571389953,4
0.2873809825868217,0.192109072560182,0.25804910009840754,4
0.22463967566242576,0.11411859263714617,0.22657582766838352,2
-0.05552094013679765,-0.23413460693429494,0.3224332887749087,3
-0.10325939989838442,-0.293475821998226,0.3946081672645114,0
-0.14011072155775467,-0.3392837976828212,0.481517101709127,1
-0.16433846885881753,-0.36940005971320644,0.5790649384493352,3
-0.17480102904733236,-0.38240552820478857,0.6826552181780697,3
-0.1710054057252106,-0.3776873847836442,0.7874067613500696,2
-0.15313044886727606,-0.35546794862121683,0.8883836696242493,3
-0.12201842740084348,-0.3167942007430165,0.9808279056586658,4
-0.07913534144862072,-0.26348845022645845,1.0603834920856545,3
-0.026501844324179208,-0.19806246689924795,1.1233017653993769,4
0.033401970760722766,-0.12359912661017759,1.1666180131815804,4
0.09775343282149879,-0.043607145953531816,1.1882911715099975,4
0.16352029750914954,0.03814424864530843,1.1873,2
0.2276036266268682,0.11780292708149813,1.1636912027063808,2
0.28698381026433534,0.19161536814818778,1.1185772274257828,2
0.33886285097889496,0.2561035256574151,1.054083847096764,4
0.38079620558534866,0.3082287141633072,0.9732499932647467,3
0.41080797216215337,0.34553479198351605,0.8798845614643572,4
0.42748399465610165,0.36626389472722487,0.7783869358572357,4
0.4300384979915115,0.369439265959668,0.673539690014024,3
0.4183511138340011,0.35491128201780486,0.5702832317908166,4
0.3929725523528702,0.3233645022853595,0.47348301104560164,2
0.3550986527283415,0.2762854127178877,0.3877002593796029,1
0.30651403514515263,0.21589238254470328,0.3169770646592181,3
0.2495080093935891,0.1450311345916318,0.26464590761863055,2
-0.03701775425450621,-0.2111342517009561,0.2617965428714626,4
-0.09339391333003033,-0.2812125449028453,0.3158364812546855,2
-0.1411323730916172,-0.3405537599667765,0.3880113597442884,2
-0.1779836947509874,-0.38636173565137155,0.4749202941889038,2
-0.20221144205205033,-0.41647799768175686,0.5724681309291121,4
-0.21267400224056515,-0.429483466173339,0.6760584106578464,4
-0.2088783789184434,-0.4247653227521947,0.7808099538298465,4
-0.1910034220605089,-0.4025458865897673,0.8817868621040261,4
-0.15989140059407625,-0.363872138711567,0.9742310981384428,4
-0.11700831464185363,-0.3105663881950089,1.0537866845654313,4
-0.06437481751741214,-0.24514040486779856,1.116704957879154,4
-0.0044710024325100295,-0.17067706457872805,1.1600212056613575,4
0.059880459628265874,-0.09068508392208242,1.1816943639897743,4
0.12564732431591674,-0.008933689323242018,1.180703192479777,0
0.1897306534336353,0.07072498911294751,1.1570943951861579,4
0.24911083707110254,0.14453743017963733,1.1119804199055596,4
0.3009898777856621,0.20902558768886456,1.047487039576541,4
0.3429232323921158,0.2611507761947567,0.966653185744524,4
0.3729349989689206,0.2984568540149656,0.8732877539441343,4
0.38961102146286886,0.31918595675867445,0.7717901283370128,4
0.3921655247982787,0.3223613279911176,0.6669428824938014,4
0.3804781406407683,0.30783334404925444,0.5636864242705937,4
0.3550995791596374,0.2762865643168091,0.46688620352537863,2
0.3172256795351088,0.22920747474933725,0.3811034518593799,4
0.2686410619519201,0.16881444457615313,0.3103802571389953,2
-0.010748740170965942,-0.17848059630373836,0.20895832875807696,4
-0.07310615091649378,-0.2559938747035956,0.24231696223549987,4
-0.12948230999201799,-0.3260721679054849,0.29635690061872294,2
-0.17722076975360473,-0.38541338296941596,0.3685317791083257,2
-0.214072091412975,-0.4312213586540111,0.45544071355294125,4
-0.23829983871403787,-0.4613376206843964,0.5529885502931493,4
-0.2487623989025527,-0.4743430891759785,0.6565788300218839,4
-0.24496677558043095,-0.46962494575483416,0.7613303731938839,4
-0.2270918187224964,-0.44740550959240677,0.8623072814680635,4
-0.1959797972560638,-0.40873176171420644,0.9547515175024801,4
-0.15309671130384117,-0.35542601119764844,1.0343071039294687,4
-0.10046321417939955,-0.2900000278704379,1.0972253772431912,4
-0.04055939909449757,-0.21553668758136751,1.1405416250253948,4
0.023792062966278463,-0.13554470692472176,1.1622147833538117,4
0.08955892765392919,-0.05379331232588149,1.1612236118438144,4
0.15364225677164786,0.0258653661103082,1.137614814550195,4
0.213022440409115,0.09967780717699787,1.092500839269597,4
0.2649014811236745,0.16416596468622507,1.0280074589405783,4
0.3068348357301283,0.21629115319211728,0.9471736051085611,4
0.33684660230693303,0.25359723101232623,0.8538081733081713,4
0.3535226248008813,0.27432633375603493,0.7523105477010502,4
0.35607712813629117,0.27750170498847804,0.6474633018578385,4
0.34438974397878075,0.2629737210466149,0.5442068436346307,2
0.31901118249764976,0.23142694131416947,0.4474066228894157,2
0.2811372828731213,0.18434785174669788,0.3616238712234173,2
0.02204830475914371,-0.13771228273897834,0.16640838592202534,4
-0.04335207311247552,-0.21900811649490842,0.1775138538923037,4
-0.10570948385800347,-0.2965213948947658,0.21087248736972666,2
-0.16208564293352762,-0.366599688096655,0.2649124257529496,2
-0.20982410269511448,-0.4259409031605862,0.3370873042425525,2
-0.24667542435448464,-0.47174887884518124,0.4239962386871679,4
-0.2709031716555475,-0.5018651408755666,0.521544075427376,4
-0.2813657318440624,-0.5148706093671487,0.6251343551561106,4
-0.27757010852194064,-0.5101524659460044,0.7298858983281106,4
-0.25969515166400614,-0.487933029783577,0.8308628066022903,4
-0.22858313019757354,-0.4492592819053768,0.9233070426367068,4
-0.18570004424535086,-0.3959535313888186,1.0028626290636953,4
-0.13306654712090937,-0.3305275480616082,1.0657809023774178,4
-0.07316273203600726,-0.25606420777253774,1.1090971501596216,4
-0.00881126997523135,-0.17607222711589213,1.1307703084880385,4
0.05695559471241951,-0.0943208325170517,1.129779136978041,4
0.12103892383013805,-0.014662154080862182,1.106170339684422,0
0.1804191074676052,0.059150286985827506,1.0610563644038238,4
0.23229814818216485,0.12363844449505489,0.9965629840748051,4
0.27423150278861863,0.17576363300094708,0.9157291302427878,4
0.30424326936542323,0.21306971082115586,0.8223636984423985,4
0.3209192918593716,0.23379881356486473,0.720866072835277,4
0.3234737951947815,0.23697418479730784,0.6160188269920652,4
0.31178641103727106,0.22244620085544473,0.5127623687688575,2
0.2864078495561402,0.19089942112299943,0.41596214802364284,2
0.059827982016993735,-0.09075031613175348,0.1361516699553501,4
-0.005533693662367362,-0.17199804119029988,0.12448068217118458,4
-0.07093407153398673,-0.2532938749462301,0.13558615014146302,4
-0.13329148227951454,-0.33080715334608735,0.16894478361888587,2
-0.18966764135503872,-0.40088544654797664,0.22298472200210898,2
-0.23740610111662552,-0.46022666161190773,0.29515960049171175,2
-0.2742574227759958,-0.5060346372965029,0.3820685349363273,4
-0.2984851700770586,-0.5361508993268881,0.47961637167653537,4
-0.3089477302655735,-0.5491563678184702,0.58320665140527,4
-0.3051521069434517,-0.5444382243973259,0.6879581945772699,4
-0.2872771500855172,-0.5222187882348985,0.7889351028514495,4
-0.2561651286190846,-0.4835450403566982,0.8813793388858662,4
-0.21328204266686196,-0.43023928984014015,0.9609349253128546,4
-0.1606485455424203,-0.36481330651292965,1.0238531986265773,4
-0.10074473045751833,-0.2903499662238593,1.0671694464087809,4
-0.036393268396742284,-0.2103579855672135,1.0888426047371977,4
0.029373596290908438,-0.12860659096837324,1.0878514332272005,4
0.09345692540862696,-0.04894791253218372,1.064242635933581,4
0.15283710904609424,0.02486452853450611,1.019128660652983,4
0.20471614976065386,0.08935268604373346,0.9546352803239643,4
0.2466495043671075,0.14147787454962543,0.8738014264919473,4
0.27666127094391224,0.17878395236983438,0.7804359946915576,4
0.2933372934378605,0.1995130551135432,0.678938369084436,4
0.2958917967732704,0.2026884263459863,0.5740911232412244,2
0.28420441261576,0.1881604424041232,0.47083466501801696,2
0.10081011118082583,-0.03980754687119938,0.11961387893966718,4
0.038566983362694096,-0.1171787660633105,0.0857163729723649,4
-0.026794692316667146,-0.19842649112185706,0.07404538518819931,4
-0.09219507018828638,-0.27972232487778714,0.08515085315847776,4
-0.1545524809338143,-0.3572356032776445,0.11850948663590077,2
-0.21092864000933836,-0.42731389647953366,0.17254942501912374,2
-0.25866709977092517,-0.48665511154346475,0.24472430350872648,4
-0.29551842143029544,-0.5324630872280599,0.3316332379533421,4
-0.31974616873135825,-0.5625793492584451,0.42918107469355027,4
-0.33020872891987313,-0.5755848177500272,0.5327713544222847,4
-0.32641310559775133,-0.5708666743288829,0.6375228975942847,4
-0.3085381487398167,-0.5486472381664554,0.7384998058684644,4
-0.2774261272733842,-0.5099734902882552,0.8309440419028808,4
-0.23454304132116144,-0.45666773977169706,0.9104996283298696,4
-0.18190954419671995,-0.39124175644448667,0.973417901643592,4
-0.12200572911181787,-0.31677841615541613,1.0167341494257958,4
-0.05765426705104193,-0.23678643549877051,1.0384073077542126,4
0.008112597636608793,-0.15503504089993025,1.0374161362442151,4
0.07219592675432746,-0.07537636246374056,1.013807338950596,4
0.1315761103917947,-0.001563921397050797,0.9686933636699976,0
0.18345515110635413,0.06292423611217633,0.9041999833409791,4
0.2253885057128079,0.11504942461806854,0.8233661295089618,4
0.2554002722896126,0.15235550243827747,0.7300006977085721,4
0.272076294783561,0.17308460518198623,0.6285030721014506,2
0.27463079811897073,0.17625997641442928,0.5236558262582393,1
0.14306361212304913,0.012715599018691105,0.11757427447597735,0
0.08687193169238147,-0.05713337830258943,0.06304750262755199,4
0.02462880387424965,-0.13450459749470067,0.029149996660249533,4
-0.040732871805111454,-0.21575232255324706,0.017479008876084,4
-0.10613324967673082,-0.2970481563091773,0.02858447684636245,2
-0.16849066042225863,-0.37456143470903447,0.0619431103237853,2
-0.22486681949778276,-0.44463972791092365,0.11598304870700826,2
-0.2726052792593696,-0.5039809429748549,0.18815792719661115,4
-0.3094566009187399,-0.54978891865945,0.27506686164122673,4
-0.3336843482198027,-0.5799051806898353,0.3726146983814348,4
-0.3441469084083176,-0.5929106491814174,0.47620497811016926,4
-0.3403512850861958,-0.588192505760273,0.5809565212821693,4
-0.3224763282282613,-0.5659730695978458,0.681933429556349,4
-0.2913643067618287,-0.5272993217196453,0.7743776655907656,4
-0.24848122080960605,-0.4739935712030874,0.853933252017754,4
-0.1958477236851644,-0.40856758787587677,0.9168515253314767,4
-0.13594390860026245,-0.33410424758680646,0.9601677731136803,4
-0.07159244653948652,-0.2541122669301608,0.9818409314420972,4
-0.005825581851835654,-0.1723608723313204,0.9808497599320998,4
0.058257747265883,-0.09270219389513072,0.9572409626384806,4
0.11763793090335004,-0.018889752828441207,0.9121269873578824,0
0.16951697161790968,0.045598404680786166,0.8476336070288638,4
0.21145032622436347,0.09772359318667838,0.7667997531968465,4
0.24146209280116818,0.13502967100688731,0.6734343213964568,4
0.25813811529511643,0.15575877375059602,0.5719366957893357,1
0.1845974976095821,0.0643442280822593,0.13012896283616904,4
0.13710501956665708,0.0053087801951873315,0.05754222952507165,0
0.08091333913598933,-0.06454019712609334,0.003015457676646127,4
0.01867021131785765,-0.14191141631820442,-0.030882048290656217,4
-0.04669146436150359,-0.22315914137675097,-0.04255303607482186,4
-0.1120918422331228,-0.30445497513268105,-0.031447568104543466,2
-0.17444925297865066,-0.38196825353253827,0.0019110653728793836,2
-0.2308254120541749,-0.45204654673442757,0.0559510037561024,2
-0.27856387181576175,-0.5113877617983588,0.1281258822457053,4
-0.31541519347513197,-0.5571957374829538,0.2150348166903207,4
-0.3396429407761948,-0.5873119995133391,0.3125826534305287,4
-0.35010550096470966,-0.6003174680049214,0.4161729331592634,4
-0.34630987764258797,-0.595599324583777,0.5209244763312633,4
-0.3284349207846535,-0.5733798884213497,0.6219013846054431,4
-0.29732289931822087,-0.5347061405431494,0.7143456206398596,4
-0.25443981336599814,-0.4814003900265913,0.7939012070668483,4
-0.2018063162415567,-0.4159744066993809,0.8568194803805708,4
-0.14190250115665465,-0.34151106641031054,0.9001357281627744,4
-0.07755103909587865,-0.2615190857536648,0.9218088864911913,4
-0.011784174408227793,-0.17976769115482433,0.9208177149811939,4
0.05229915470949062,-0.10010901271863494,0.8972089176875748,4
0.1116793383469579,-0.02629657165194512,0.8520949424069766,0
0.16355837906151754,0.03819158585728225,0.787601562077958,4
0.20549173366797133,0.09031677436317447,0.7067677082459407,4
0.23550350024477593,0.12762285218338323,0.6134022764455513,1
0.2234546887252701,0.1126455965447526,0.15668636643032358,4
0.18689926118657052,0.06720543156746896,0.06945996242923363,4
0.13940678314364532,0.008169983680396738,-0.0031267708818639717,0
0.08321510271297766,-0.0616789936408838,-0.05765354273028939,4
0.020971974894845813,-0.13905021283299507,-0.09155104869759179,4
-0.04438970078451532,-0.2202979378915415,-0.10322203648175732,4
-0.10979007865613455,-0.3015937716474716,-0.09211656851147887,2
-0.17214748940166252,-0.3791070500473289,-0.0587579350340558,2
-0.2285236484771867,-0.4491853432492182,-0.004717996650832779,4
-0.27626210823877345,-0.5085265583131493,0.06745688183876997,4
-0.31311342989814356,-0.5543345339977443,0.15436581628338547,4
-0.3373411771992065,-0.5844507960281295,0.2519136530235938,4
-0.34780373738772125,-0.5974562645197117,0.35550393275232817,4
-0.34400811406559956,-0.5927381210985673,0.4602554759243283,4
-0.32613315720766495,-0.5705186849361399,0.5612323841985078,4
-0.2950211357412323,-0.5318449370579394,0.6536766202329245,4
-0.2521380497890096,-0.4785391865413815,0.7332322066599131,4
-0.19950455266456812,-0.41311320321417105,0.7961504799736354,4
-0.139600737579666,-0.3386498629251006,0.8394667277558391,4
-0.07524927551888999,-0.25865788226845476,0.8611398860842561,4
-0.00948241083123938,-0.1769064876696147,0.8601487145742586,4
0.05460091828647928,-0.09724780923342498,0.8365399172806394,4
0.11398110192394653,-0.023435368166735214,0.791425942000041,0
0.16586014263850613,0.04105278934249213,0.7269325616710223,4
0.20779349724495974,0.09317797784838412,0.6460987078390052,1
0.25780423253749396,0.1553437413296682,0.1959950989745305,4
0.2339083492122501,0.12564000227676062,0.0982391371254216,4
0.1973529216735505,0.08019983729947698,0.011012733124331653,4
0.1498604436306254,0.021164389412404873,-0.06157400018676584,2
0.09366876319995765,-0.048684587908875775,-0.11610077203519142,4
0.03142563538182591,-0.1260558071009869,-0.14999827800249366,4
-0.03393604029753519,-0.2073035321595333,-0.1616692657866593,2
-0.09933641816915456,-0.28859936591546353,-0.15056379781638085,2
-0.16169382891468248,-0.36611264431532087,-0.11720516433895778,2
-0.21806998799020655,-0.43619093751721005,-0.06316522595573482,4
-0.26580844775179335,-0.49553215258114114,0.009009652533867929,4
-0.3026597694111636,-0.5413401282657363,0.09591858697848349,4
-0.32688751671222643,-0.5714563902961215,0.1934664237186916,4
-0.3373500769007413,-0.5844618587877036,0.29705670344742624,4
-0.3335544535786195,-0.5797437153665593,0.4018082466194261,4
-0.3156794967206849,-0.5575242792041318,0.5027851548936059,4
-0.2845674752542524,-0.5188505313259316,0.5952293909280224,4
-0.2416843893020298,-0.46554478080937356,0.6747849773550109,4
-0.18905089217758814,-0.40011879748216306,0.7377032506687335,4
-0.12914707709268608,-0.3256554571930925,0.7810194984509371,4
-0.06479561503191025,-0.24566347653644707,0.802692656779354,4
0.0009712496557406081,-0.16391208193760665,0.8017014852693565,4
0.06505457877345927,-0.08425340350141695,0.7780926879757373,4
0.12443476241092652,-0.01044096243472719,0.732978712695139,0
0.17631380312548595,0.05404719507449993,0.6684853323661206,2
0.28602757669670553,0.19042672356117224,0.2462029308798035,4
0.2759172128907915,0.17785905221237658,0.14252367735605387,4
0.2520213295655477,0.14815531315946895,0.04476771550694458,4
0.21546590202684807,0.10271514818218531,-0.04245868849414541,4
0.16797342398392295,0.04367970029511321,-0.11504542180524291,4
0.11178174355325529,-0.02616927702616733,-0.16957219365366827,0
0.04953861573512361,-0.10354049621827839,-0.2034696996209706,4
-0.015823059944237633,-0.18478822127682498,-0.21514068740513625,2
-0.081223437815857,-0.26608405503275523,-0.2040352194348578,2
-0.1435808485613848,-0.3435973334326124,-0.17067658595743496,2
-0.19995700763690893,-0.4136756266345016,-0.116636647574212,4
-0.2476954673984958,-0.4730168416984328,-0.04446176908460914,4
-0.28454678905786596,-0.5188248173830279,0.042447165360006256,4
-0.3087745363589289,-0.5489410794134132,0.13999500210021454,4
-0.31923709654744375,-0.5619465479049953,0.24358528182894895,4
-0.31544147322532196,-0.5572284044838509,0.3483368250009491,4
-0.29756651636738746,-0.5350089683214236,0.44931373327512864,4
-0.2664544949009549,-0.49633522044322337,0.5417579693095451,4
-0.22357140894873223,-0.44302946992666525,0.6213135557365338,4
-0.17093791182429058,-0.3776034865994547,0.6842318290502565,4
-0.11103409673938872,-0.30314014631038455,0.7275480768324599,4
-0.046682634678612694,-0.22314816565373874,0.7492212351608769,4
0.019084230009038167,-0.14139677105489834,0.7482300636508794,4
0.08316755912675683,-0.06173809261870863,0.7246212663572602,4
0.14254774276422386,0.012074348447980894,0.6795072910766622,0
0.30679483571008126,0.21624143123200323,0.3049440664098083,4
0.31094639230911864,0.22140201693635797,0.20022689320667836,4
0.3008360285032046,0.2088343455875623,0.09654763968292873,4
0.27694014517796084,0.17913060653465485,-0.0012083221661802201,4
0.24038471763926114,0.13369044155737103,-0.08843472616727055,4
0.1928922395963361,0.07465499367029908,-0.16102145947836788,4
0.1367005591656685,0.004806016349018568,-0.21554823132679335,0
0.07445743134753668,-0.07256520284309266,-0.2494457372940958,4
0.009095755668175443,-0.15381292790163925,-0.26111672507826145,2
-0.05630462220344379,-0.2351087616575693,-0.2500112571079831,2
-0.11866203294897162,-0.3126220400574265,-0.21665262363056015,2
-0.17503819202449583,-0.38270033325931585,-0.16261268524733719,4
-0.22277665178608258,-0.44204154832324694,-0.0904378067577345,4
-0.2596279734454529,-0.4878495240078421,-0.003528872313118825,4
-0.2838557207465157,-0.5179657860382274,0.09401896442708918,4
-0.29431828093503065,-0.5309712545298095,0.19760924415582382,4
-0.2905226576129089,-0.5262531111086652,0.3023607873278237,4
-0.27264770075497446,-0.504033674946238,0.4033376956020033,4
-0.24153567928854186,-0.46535992706803764,0.49578193163642004,4
-0.19865259333631913,-0.4120541765514795,0.5753375180634086,4
-0.14601909621187775,-0.3466281932242693,0.6382557913771311,4
-0.08611528112697564,-0.27216485293519876,0.6815720391593347,4
-0.02176381906619962,-0.192172872278553,0.7032451974877517,4
0.04400304562145124,-0.11042147767971258,0.7022540259777543,4
0.10808637473916965,-0.030762799243523202,0.6786452286841352,2
0.31912745521737906,0.2315714739300516,0.3694506201030392,4
0.3373453106514168,0.2542171496119623,0.26862980604683573,4
0.34149686725045414,0.259377735316317,0.16391263284370622,4
0.33138650344454,0.24681006396752125,0.06023337931995615,4
0.3074906201192962,0.2171063249146137,-0.03752258252915275,4
0.2709351925805966,0.17166615993733006,-0.12474898653024269,4
0.2234427145376715,0.11263071205025797,-0.19733571984134013,4
0.16725103410700376,0.04278173472897732,-0.2518624916897657,4
0.10500790628887191,-0.034589484463133945,-0.28575999765706805,2
0.03964623060951078,-0.11583720952168036,-0.2974309854412336,2
-0.02575414726210845,-0.19713304327761044,-0.28632551747095514,2
-0.0881115580076364,-0.2746463216774678,-0.2529668839935322,2
-0.1444877170831605,-0.3447246148793569,-0.1989269456103091,4
-0.19222617684474735,-0.4040658299432882,-0.1267520671207063,4
-0.22907749850411746,-0.44987380562788315,-0.03984313267609085,4
-0.2533052458051804,-0.47999006765826835,0.057704704064117485,4
-0.26376780599369515,-0.4929955361498506,0.1612949837928519,4
-0.25997218267157346,-0.4882773927287062,0.26604652696485176,4
-0.24209722581363885,-0.4660579565662788,0.3670234352390315,4
-0.2109852043472062,-0.42738420868807836,0.45946767127344823,4
-0.16810211839498362,-0.3740784581715205,0.5390232577004366,4
-0.11546862127054203,-0.3086524748443099,0.6019415310141591,4
-0.05556480618563994,-0.23418913455523946,0.6452577787963627,4
0.008786655875136107,-0.15419715389859365,0.6669309371247797,4
0.0745535205627867,-0.07244575929975355,0.6659397656147822,2
0.21625483375514984,0.17438380360583688,0.6659397656147822,4
0.26110371224863727,0.26625739186103936,0.6423309683211631,4
0.30266108259039437,0.35138827718076887,0.5972169930405649,4
0.3389687592576268,0.42576508767587906,0.5327236127115462,4
0.368315922575476,0.4858831840406251,0.4518897588795289,4
0.38931973263199604,0.5289097983450033,0.3585243270791394,4
0.4009904887690858,0.5528175142117793,0.257026701472018,4
0.40277826433066044,0.5564797987850864,0.15217945562880641,4
0.3945988192362268,0.5397240850191076,0.04892299740559869,4
0.37683756937800067,0.503339903046544,-0.04787722333961619,4
0.3503314258033628,0.4490416774763509,-0.13365997500561477,4
0.3163293594213508,0.3793879436140725,-0.20438316972599957,4
0.2764335494263361,0.2976607891408111,-0.25671432676658723,2
0.23252388852832212,0.20771120196539258,-0.2881875991966114,2
0.18666940230746948,0.11377761146724395,-0.2973199647285548,2
0.14103075661761852,0.020286173476362922,-0.2836811058079991,0
0.09775844689519525,-0.06835779042714506,-0.24791368619990428,4
0.0588914666987302,-0.1479773719025585,-0.1917030686374822,4
0.026261230222854745,-0.2148208919939203,-0.11769790043967676,4
0.001405275963074104,-0.26573868044396687,-0.029385309107221147,4
-0.01450518218073149,-0.2983314883258382,0.06907341131251044,4
-0.020720442566181718,-0.3110635407813895,0.17303888062454437,4
-0.01694764179005598,-0.3033349028150016,0.2776122403303007,4
-0.003364554427584543,-0.2755097482628012,0.3778659881031942,4
0.019388783715085248,-0.22889919990194096,0.46907616196294777,2
0.19160855512923042,0.12389553878045163,0.7032451974877518,4
0.23763566021073815,0.21818274155747164,0.7022540259777544,4
0.28248453870422563,0.31005632981267434,0.6786452286841352,4
0.32404190904598273,0.3951872151324036,0.6335312534035371,4
0.36034958571321524,0.4695640256275139,0.5690378730745184,4
0.3896967490310643,0.5296821219922598,0.4882040192425011,4
0.4107005590875844,0.572708736296638,0.3948385874421116,4
0.4223713152246741,0.596616452163414,0.29334096183499014,4
0.42415909078624875,0.600278736736721,0.1884937159917785,4
0.4159796456918151,0.5835230229707424,0.08523725776857083,4
0.398218395833589,0.5471388409981788,-0.011562962976643942,4
0.37171225225895105,0.4928406154279856,-0.09734571464264274,4
0.33771018587693913,0.4231868815657073,-0.16806890936302732,4
0.29781437588192433,0.34145972709244576,-0.2204000664036151,2
0.25390471498391043,0.25151013991702736,-0.25187333883363927,2
0.20805022876305768,0.1575765494188785,-0.26100570436558257,2
0.16241158307320686,0.06408511142799768,-0.24736684544502685,4
0.11913927335078356,-0.024558852475510307,-0.21159942583693214,0
0.08027229315431843,-0.1041784339509239,-0.15538880827450985,4
0.047642056678443,-0.17102195404228565,-0.0813836400767044,4
0.022786102418662427,-0.22193974249233211,0.0069289512557511035,4
0.006875644274856832,-0.25453255037420347,0.10538767167548269,4
0.0006603838894065905,-0.2672646028297547,0.20935314098751703,4
0.004433184665532344,-0.25953596486336683,0.3139265006932729,4
0.01801627202800367,-0.23171081031116664,0.414180248466166,2
0.16401151868328367,0.0673626030936227,0.72754807683246,4
0.2090480506889847,0.1596206023328871,0.7492212351608769,4
0.2550751557704925,0.25390780510990735,0.7482300636508795,4
0.29992403426397996,0.3457813933651098,0.7246212663572604,4
0.34148140460573706,0.43091227868483933,0.6795072910766622,4
0.3777890812729695,0.5052890891799495,0.6150139107476436,4
0.40713624459081865,0.5654071855446955,0.5341800569156264,4
0.42814005464733873,0.6084337998490736,0.4408146251152368,4
0.4398108107844284,0.6323415157158496,0.33931699950811534,4
0.44159858634600313,0.6360038002891568,0.23446975366490375,4
0.4334191412515695,0.6192480865231782,0.13121329544169613,4
0.41565789139334336,0.5828639045506145,0.03441307469648114,4
0.3891517478187055,0.5285656789804214,-0.05136967696951744,4
0.35514968143669345,0.458911945118143,-0.12209287168990224,4
0.31525387144167877,0.3771847906448816,-0.1744240287304899,2
0.2713442105436648,0.287235203469463,-0.20589730116051408,2
0.22548972432281214,0.1933016129713144,-0.2150296666924575,2
0.1798510786329613,0.09981017498043358,-0.20139080777190177,4
0.1365787689105379,0.011166211076925402,-0.16562338816380695,0
0.0977117887140728,-0.06845337039848819,-0.10941277060138477,4
0.0650815522381975,-0.13529689048984972,-0.03540760240357954,4
0.040225597978416794,-0.1862146789398964,0.052904988928876184,4
0.0243151398346112,-0.21880748682176776,0.15136370934860782,4
0.018099879449160944,-0.23153953927731902,0.2553291786606422,4
0.02187268022528671,-0.22381090131093112,0.359902538366398,2
0.1347640982570418,0.00744883151163007,0.7377032506687335,0
0.17668793337965055,0.09333042533326529,0.7810194984509371,4
0.22172446538535168,0.1855884245725299,0.802692656779354,4
0.2677515704668594,0.2798756273495499,0.8017014852693565,4
0.3126004489603469,0.3717492156047526,0.7780926879757373,4
0.354157819302104,0.4568801009244819,0.7329787126951393,4
0.39046549596933644,0.5312569114195922,0.6684853323661205,4
0.4198126592871856,0.5913750077843382,0.5876514785341033,4
0.44081646934370566,0.6344016220887163,0.4942860467337137,4
0.45248722548079534,0.6583093379554923,0.39278842112659224,4
0.45427500104237,0.6619716225287994,0.2879411752833807,4
0.4460955559479364,0.6452159087628208,0.18468471706017292,4
0.42833430608971024,0.6088317267902571,0.08788449631495815,4
0.4018281625150723,0.554533501220064,0.0021017446489594027,4
0.3678260961330604,0.48487976735778554,-0.06862145007142523,4
0.3279302861380456,0.40315261288452403,-0.12095260711201306,2
0.2840206252400317,0.31320302570910563,-0.15242587954203712,2
0.23816613901917905,0.219269435210957,-0.16155824507398053,2
0.19252749332932811,0.12577799722007596,-0.14791938615342481,4
0.14925518360690473,0.03713403331656782,-0.11215196654532988,4
0.11038820341043978,-0.04248554815884544,-0.05594134898290787,4
0.07775796693456433,-0.10932906825020723,0.018063819214897636,4
0.0529020126747837,-0.16024685670025382,0.1063764105473532,4
0.03699155453097805,-0.1928396645821253,0.20483513096708522,4
0.03077629414552785,-0.20557171703767643,0.3088006002791187,2
0.10524443387203998,-0.053022635830262226,0.7332322066599128,4
0.14208011874860363,0.022435807259663165,0.7961504799736354,0
0.1840039538712125,0.10831740108129852,0.839466727755839,4
0.2290404858769135,0.20057540032056292,0.8611398860842558,4
0.27506759095842137,0.29486260309758316,0.8601487145742586,4
0.31991646945190877,0.38673619135278564,0.8365399172806394,4
0.3614738397936659,0.4718670766725151,0.7914259420000411,4
0.3977815164608983,0.5462438871676254,0.7269325616710225,4
0.42712867977874747,0.6063619835323713,0.6460987078390054,4
0.44813248983526754,0.6493885978367495,0.5527332760386157,4
0.4598032459723572,0.6732963137035255,0.45123565043149444,4
0.46159102153393194,0.6769585982768327,0.3463884045882827,4
0.4534115764394983,0.6602028845108541,0.2431319463650751,4
0.4356503265812722,0.6238187025382903,0.14633172561986013,4
0.4091441830066343,0.5695204769680973,0.06054897395386155,4
0.3751421166246223,0.49986674310581874,-0.010174220766523245,2
0.3352463066296076,0.41813958863255746,-0.06250537780711096,2
0.29133664573159374,0.3281900014571391,-0.09397865023713503,2
0.24548215951074095,0.23425641095899022,-0.10311101576907855,4
0.19984351382089005,0.1407649729681092,-0.08947215684852283,4
0.1565712040984668,0.05212100906460138,-0.05370473724042807,4
0.1177042239020017,-0.027498572410812206,0.002505880321994114,0
0.08507398742612625,-0.094342092502174,0.07651104851979962,4
0.06021803316634562,-0.1452598809522206,0.16482363985225518,4
0.04430757502254003,-0.17785268883409194,0.26328236027198676,2
0.0768434936997745,-0.11120238014262583,0.7143456206398598,4
0.10685532888024807,-0.0497226936761243,0.7939012070668483,4
0.14369101375681181,0.025735749413801228,0.856819480380571,4
0.1856148488794206,0.11161734323543644,0.9001357281627745,4
0.23065138088512172,0.20387534247470107,0.9218088864911915,4
0.2766784859666294,0.2981625452517211,0.920817714981194,4
0.32152736446011687,0.3900361335069237,0.8972089176875748,4
0.363084734801874,0.4751670188266531,0.8520949424069767,4
0.3993924114691065,0.5495438293217634,0.787601562077958,4
0.4287395747869556,0.6096619256865093,0.7067677082459407,4
0.44974338484347565,0.6526885399908875,0.6134022764455512,4
0.4614141409805653,0.6765962558576635,0.5119046508384297,4
0.46320191654214005,0.6802585404309706,0.40705740499521825,4
0.4550224714477064,0.6635028266649918,0.3038009467720104,4
0.4372612215894803,0.6271186446924282,0.20700072602679565,4
0.41075507801484235,0.572820419122235,0.1212179743607969,4
0.37675301163283037,0.5031666852599568,0.05049477964041227,2
0.3368572016378157,0.4214395307866953,-0.0018363774001754485,2
0.2929475407398017,0.33148994361127676,-0.03330964983019963,2
0.24709305451894895,0.23755635311312795,-0.042442015362142926,4
0.2014544088290982,0.1440649151222473,-0.028803156441587263,4
0.15818209910667486,0.05542095121873914,0.0069642631665075005,4
0.11931511891020971,-0.024198630256674448,0.06317488072892974,0
0.08668488243433428,-0.09104215034803619,0.13718004892673524,4
0.06182892817455371,-0.14195993879808266,0.2254926402591907,2
0.05089953156674375,-0.16434896874828636,0.6819334295563491,4
0.0726733577653113,-0.11974496503394542,0.7743776655907656,4
0.10268519294578494,-0.05826527856744378,0.8539332520177543,4
0.13952087782234857,0.01719316452248155,0.9168515253314767,0
0.18144471294495745,0.10307475834411693,0.9601677731136803,4
0.22648124495065847,0.19533275758338137,0.9818409314420973,4
0.2725083500321662,0.2896199603604015,0.9808497599320998,4
0.31735722852565373,0.3814935486156041,0.9572409626384807,4
0.35891459886741084,0.4666244339353335,0.9121269873578824,4
0.3952222755346433,0.5410012444304437,0.8476336070288638,4
0.4245694388524924,0.6011193407951896,0.7667997531968467,4
0.4455732489090125,0.6441459550995678,0.673434321396457,4
0.4572440050461022,0.6680536709663438,0.5719366957893356,4
0.45903178060767685,0.671715955539651,0.4670894499461239,4
0.4508523355132432,0.6549602417736723,0.3638329917229163,4
0.4330910856550171,0.6185760598011086,0.2670327709777013,4
0.4065849420803792,0.5642778342309156,0.18125001931170284,4
0.37258287569836723,0.49462410036863713,0.11052682459131802,2
0.33268706570335244,0.4128969458953756,0.058195667550730246,2
0.2887774048053384,0.322947358719957,0.026722395120706177,2
0.2429229185844859,0.22901376822180855,0.017590029588762768,4
0.19728427289463496,0.13552233023092752,0.031228888509318486,4
0.15401196317221155,0.04687836632741938,0.06699630811741342,4
0.11514498297574645,-0.03274121514799421,0.12320692567983571,4
0.08251474649987116,-0.09958473523935567,0.1972120938776409,2
0.02863502836225891,-0.20995813153732934,0.6375228975942847,2
0.0411448617188437,-0.18433155362611214,0.7384998058684642,4
0.06291868791741127,-0.13972754991177122,0.8309440419028808,4
0.09293052309788484,-0.07824786344526967,0.9104996283298694,4
0.12976620797444857,-0.002789420355344148,0.973417901643592,0
0.17169004309705735,0.08309217346629107,1.0167341494257955,4
0.21672657510275842,0.17535017270555558,1.0384073077542126,4
0.2627536801842662,0.2696373754825757,1.0374161362442151,4
0.30760255867775366,0.3615109637377783,1.013807338950596,4
0.34915992901951076,0.4466418490575077,0.9686933636699977,4
0.3854676056867432,0.521018659552618,0.9041999833409791,4
0.4148147690045924,0.5811367559173639,0.8233661295089618,4
0.43581857906111243,0.6241633702217421,0.7300006977085723,4
0.4474893351982021,0.648071086088518,0.6285030721014508,4
0.4492771107597768,0.6517333706618251,0.5236558262582393,4
0.4410976656653432,0.6349776568958465,0.4203993680350315,4
0.42333641580711706,0.5985934749232829,0.3235991472898167,4
0.3968302722324792,0.5442952493530897,0.23781639562381812,4
0.36282820585046716,0.47464151549081135,0.16709320090343333,2
0.32293239585545236,0.39291436101754984,0.11476204386284555,2
0.27902273495743857,0.30296477384213166,0.08328877143282154,4
0.23316824873658581,0.20903118334398277,0.07415640590087808,4
0.18752960304673488,0.11553974535310176,0.0877952648214338,4
0.1442572933243115,0.026895781449593602,0.12356268442952872,4
0.10539031312784657,-0.05272380002581966,0.17977330199195068,2
0.011099088673272667,-0.24588076230919884,0.58320665140527,2
0.01375546516813575,-0.24043913592883595,0.6879581945772699,4
0.026265298524720537,-0.21481255801761875,0.7889351028514496,4
0.048039124723288085,-0.17020855430327783,0.8813793388858662,4
0.07805095990376174,-0.10872886783677617,0.9609349253128548,4
0.11488664478032536,-0.033270424746850845,1.0238531986265773,4
0.15681047990293417,0.05261116907478445,1.0671694464087809,4
0.20184701190863524,0.14486916831404897,1.0888426047371977,4
0.24787411699014303,0.23915637109106908,1.0878514332272005,4
0.2927229954836305,0.3310299593462717,1.0642426359335813,4
0.33428036582538756,0.416160844666001,1.019128660652983,4
0.37058804249262006,0.4905376551611113,0.9546352803239644,4
0.39993520581046915,0.5506557515258572,0.8738014264919473,4
0.4209390158669893,0.5936823658302355,0.7804359946915576,4
0.43260977200407896,0.6175900816970115,0.6789383690844362,4
0.43439754756565363,0.6212523662703185,0.5740911232412245,4
0.42621810247122005,0.6044966525043399,0.47083466501801685,4
0.4084568526129939,0.5681124705317763,0.3740344442728021,4
0.38195070903835604,0.5138142449615831,0.2882516926068034,2
0.347948642656344,0.4441605110993047,0.21752849788641862,2
0.3080528326613294,0.36243335662604353,0.16519734084583093,2
0.2641431717633154,0.2724837694506251,0.13372406841580686,4
0.21828868554246267,0.17855017895247616,0.12459170288386334,4
0.17265003985261174,0.08505874096159514,0.13823056180441906,4
0.12937773013018852,-0.003585222941912676,0.17399798141251377,0
-0.0008819930801115539,-0.2704241847723086,0.5215440754273762,2
-0.008204242050097732,-0.28542391965014463,0.6251343551561106,4
-0.005547865555234621,-0.2799822932697817,0.7298858983281107,4
0.006961967801350152,-0.2543557153585645,0.8308628066022903,4
0.028735793999917728,-0.2097517116442236,0.9233070426367069,4
0.058747629180391295,-0.14827202517772206,1.0028626290636955,4
0.09558331405695497,-0.0728135820877966,1.065780902377418,4
0.1375071491795638,0.013068011733838685,1.1090971501596216,0
0.18254368118526487,0.10532601097310322,1.1307703084880387,4
0.22857078626677266,0.1996132137501233,1.129779136978041,4
0.2734196647602601,0.2914868020053258,1.106170339684422,4
0.31497703510201724,0.37661768732505535,1.0610563644038238,4
0.35128471176924964,0.4509944978201655,0.9965629840748051,4
0.38063187508709884,0.5111125941849116,0.9157291302427879,4
0.40163568514361886,0.5541392084892897,0.8223636984423983,4
0.4133064412807086,0.5780469243560656,0.7208660728352769,4
0.41509421684228326,0.5817092089293728,0.6160188269920653,4
0.4069147717478496,0.5649534951633942,0.5127623687688577,4
0.3891535218896235,0.5285693131908304,0.41596214802364273,4
0.36264737831498556,0.47427108762063724,0.33017939635764404,2
0.3286453119329737,0.4046173537583591,0.25945620163725946,2
0.2887495019379589,0.3228901992850976,0.20712504459667166,4
0.24483984103994494,0.23294061210967903,0.1756517721666475,4
0.1989853548190922,0.1390070216115302,0.16651940663470421,4
0.15334670912924145,0.045515583620649565,0.18015826555525985,2
-0.006743667682099941,-0.2824319115418255,0.45544071355294125,2
-0.02369951735214859,-0.3171662193646927,0.5529885502931493,2
-0.03102176632213477,-0.33216595424252865,0.656578830021884,4
-0.028365389827271686,-0.3267243278621658,0.7613303731938839,4
-0.01585555647068687,-0.30109774995094857,0.8623072814680637,4
0.005918269727880676,-0.2564937462366077,0.9547515175024801,4
0.0359301049083543,-0.19501405977010605,1.0343071039294687,4
0.07276578978491799,-0.11955561668018062,1.0972253772431912,4
0.11468962490752681,-0.03367402285854534,1.1405416250253948,4
0.1597261569132279,0.05858397638071921,1.1622147833538117,4
0.2057532619947356,0.15287117915773923,1.1612236118438144,4
0.2506021404882231,0.2447447674129419,1.137614814550195,4
0.29215951082998015,0.3298756527326712,1.092500839269597,4
0.3284671874972127,0.4042524632277815,1.028007458940578,4
0.3578143508150618,0.46437055959252743,0.9471736051085611,4
0.3788181608715818,0.5073971738969056,0.8538081733081713,4
0.39048891700867155,0.5313048897636816,0.75231054770105,4
0.3922766925702462,0.5349671743369887,0.6474633018578385,4
0.3840972474758126,0.51821146057101,0.5442068436346307,4
0.3663359976175864,0.48182727859844626,0.4474066228894157,4
0.3398298540429486,0.4275290530282532,0.3616238712234173,2
0.30582778766093655,0.35787531916597487,0.29090067650303253,2
0.2659319776659218,0.27614816469271336,0.23856951946244476,4
0.2220223167679078,0.18619857751729477,0.20709624703242063,4
0.17616783054705523,0.0922649870191463,0.19796388150047728,2
-0.006209732710581811,-0.2813381378873643,0.38801135974428846,4
-0.0320002225334419,-0.3341703362048654,0.4749202941889039,2
-0.048956072203490575,-0.36890464402773265,0.5724681309291122,4
-0.05627832117347675,-0.38390437890556867,0.6760584106578466,4
-0.05362194467861367,-0.3784627525252058,0.7808099538298466,4
-0.04111211132202888,-0.3528361746139886,0.8817868621040262,4
-0.019338285123461335,-0.30823217089964766,0.9742310981384429,4
0.01067355005701226,-0.24675248443314612,1.0537866845654313,4
0.047509234933575936,-0.17129404134322068,1.116704957879154,4
0.08943307005618477,-0.08541244752158537,1.1600212056613577,4
0.1344696020618858,0.006845551717679049,1.1816943639897746,0
0.1804967071433936,0.10113275449469927,1.180703192479777,4
0.22534558563688104,0.19300634274990175,1.1570943951861579,4
0.26690295597863817,0.27813722806963126,1.1119804199055596,4
0.3032106326458706,0.35251403856474145,1.047487039576541,4
0.3325577959637198,0.41263213492948747,0.9666531857445237,4
0.35356160602023984,0.45565874923386557,0.8732877539441343,4
0.3652323621573295,0.4795664651006415,0.771790128337013,4
0.3670201377189042,0.4832287496739487,0.6669428824938013,4
0.3588406926244706,0.46647303590797,0.5636864242705935,4
0.34107944276624447,0.43008885393540647,0.46688620352537885,2
0.3145732991916066,0.37579062836521326,0.3811034518593801,2
0.2805712328095946,0.3061368945029349,0.3103802571389953,4
0.2406754228145798,0.2244097400296734,0.25804910009840754,4
0.196765761916566,0.13446015285425522,0.22657582766838352,2
0.0006946527899041044,-0.2671944024822761,0.3224332887749087,3
-0.0327152279199554,-0.3356350352717625,0.3946081672645114,1
-0.058505717742815516,-0.3884672335892637,0.481517101709127,1
-0.07546156741286417,-0.4232015414121309,0.5790649384493352,3
-0.08278381638285034,-0.43820127628996686,0.6826552181780697,2
-0.08012743988798726,-0.432759649909604,0.7874067613500696,2
-0.06761760653140247,-0.40713307199838683,0.8883836696242493,3
-0.0458437803328349,-0.3625290682840459,0.9808279056586658,4
-0.015831945152361276,-0.30104938181754426,1.0603834920856545,2
0.021003739724202414,-0.22559093872761884,1.1233017653993769,3
0.06292757484681118,-0.13970934490598363,1.1666180131815804,4
0.10796410685251229,-0.047451345666719,1.1882911715099975,3
0.15399121193402002,0.04683585711030102,1.1873,2
0.19884009042750753,0.1387094453655037,1.1636912027063808,2
0.2403974607692646,0.223840330685233,1.1185772274257828,2
0.2767051374364971,0.2982171411803433,1.054083847096764,4
0.3060523007543462,0.3583352375450892,0.9732499932647467,3
0.3270561108108663,0.4013618518494673,0.8798845614643572,4
0.33872686694795595,0.4252695677162433,0.7783869358572357,3
0.3405146425095306,0.4289318522895504,0.673539690014024,2
0.332335197415097,0.4121761385235718,0.5702832317908166,4
0.31457394755687085,0.3757919565510081,0.47348301104560164,2
0.2880678039822329,0.32149373098081496,0.3877002593796029,1
0.2540657376002209,0.2518399971185365,0.3169770646592181,3
0.21416992760520626,0.1701128426452753,0.26464590761863055,2
0.013644153803699821,-0.24066715889859197,0.2617965428714626,4
-0.02581084241946946,-0.32149129986667435,0.3158364812546855,2
-0.05922072312932905,-0.3899319326561609,0.3880113597442884,2
-0.08501121295218914,-0.442764130973662,0.4749202941889038,2
-0.10196706262223781,-0.47749843879652926,0.5724681309291121,4
-0.10928931159222399,-0.49249817367436527,0.6760584106578464,4
-0.10663293509736091,-0.4870565472940024,0.7808099538298465,4
-0.09412310174077612,-0.4614299693827852,0.8817868621040261,4
-0.07234927554220857,-0.41682596566844426,0.9742310981384428,4
-0.04233744036173498,-0.3553462792019427,1.0537866845654313,4
-0.005501755485171317,-0.27988783611201734,1.116704957879154,4
0.03642207963743754,-0.194006242290382,1.1600212056613575,4
0.08145861164313857,-0.10174824305111753,1.1816943639897743,4
0.1274857167246464,-0.007461040274097321,1.180703192479777,0
0.17233459521813382,0.08441254798110517,1.1570943951861579,4
0.21389196555989096,0.16954343330083466,1.1119804199055596,4
0.2501996422271234,0.24392024379594485,1.047487039576541,4
0.27954680554497247,0.3040383401606907,0.966653185744524,4
0.3005506156014926,0.34706495446506896,0.8732877539441343,4
0.31222137173858233,0.37097267033184494,0.7717901283370128,4
0.314009147300157,0.3746349549051521,0.6669428824938014,4
0.30582970220572336,0.35787924113917347,0.5636864242705937,4
0.28806845234749723,0.32149505916660975,0.46688620352537863,2
0.26156230877285924,0.2671968335964166,0.3811034518593799,4
0.22756024239084743,0.19754309973413842,0.3103802571389953,2
0.03202858914744139,-0.20300637227890933,0.20895832875807696,4
-0.011612401047642135,-0.2924055835616319,0.24231696223549987,4
-0.05106739727081147,-0.3732297245297143,0.29635690061872294,2
-0.08447727798067098,-0.44167035731920073,0.3685317791083257,2
-0.11026776780353109,-0.4945025556367019,0.45544071355294125,4
-0.12722361747357974,-0.529236863459569,0.5529885502931493,4
-0.13454586644356592,-0.5442365983374051,0.6565788300218839,4
-0.13188948994870286,-0.5387949719570422,0.7613303731938839,4
-0.11937965659211805,-0.5131683940458249,0.8623072814680635,4
-0.09760583039355047,-0.4685643903314841,0.9547515175024801,4
-0.06759399521307691,-0.4070847038649826,1.0343071039294687,4
-0.03075831033651316,-0.331626260775057,1.0972253772431912,4
0.011165524786095588,-0.24574466695342184,1.1405416250253948,4
0.05620205679179671,-0.1534866677141572,1.1622147833538117,4
0.10222916187330444,-0.05919946493713719,1.1612236118438144,4
0.14707804036679195,0.0326741233180655,1.137614814550195,4
0.188635410708549,0.11780500863779482,1.092500839269597,4
0.22494308737578145,0.192181819132905,1.0280074589405783,4
0.25429025069363065,0.252299915497651,0.9471736051085611,4
0.2752940607501507,0.29532652980202917,0.8538081733081713,4
0.28696481688724035,0.31923424566880504,0.7523105477010502,4
0.288752592448815,0.32289653024211223,0.6474633018578385,4
0.28057314735438144,0.30614081647613356,0.5442068436346307,2
0.26281189749615524,0.26975663450356985,0.4474066228894157,2
0.23630575392151743,0.2154584089333768,0.3616238712234173,2
0.054981683240195686,-0.15598662091172966,0.16640838592202534,4
0.009211064875404407,-0.24974840687129335,0.1775138538923037,4
-0.0344299253196792,-0.339147618154016,0.21087248736972666,2
-0.07388492154284848,-0.4199717591220984,0.2649124257529496,2
-0.10729480225270804,-0.4884123919115849,0.3370873042425525,2
-0.13308529207556813,-0.541244590229086,0.4239962386871679,4
-0.15004114174561678,-0.5759788980519532,0.521544075427376,4
-0.157363390715603,-0.5909786329297892,0.6251343551561106,4
-0.1547070142207399,-0.5855370065494263,0.7298858983281106,4
-0.14219718086415511,-0.5599104286382092,0.8308628066022903,4
-0.12042335466558757,-0.5153064249238684,0.9233070426367068,4
-0.090411519485114,-0.45382673845736676,1.0028626290636953,4
-0.05357583460855034,-0.3783682953674414,1.0657809023774178,4
-0.011651999485941478,-0.292486701545806,1.1090971501596216,4
0.03338453251975955,-0.2002287023065416,1.1307703084880385,4
0.07941163760126738,-0.10594149952952137,1.129779136978041,4
0.12426051609475479,-0.014067911274318879,1.106170339684422,0
0.16581788643651185,0.07106297404541047,1.0610563644038238,4
0.20212556310374435,0.1454397845405208,0.9965629840748051,4
0.23147272642159356,0.20555788090526683,0.9157291302427878,4
0.2524765364781135,0.24858449520964487,0.8223636984423985,4
0.26414729261520326,0.27249221107642085,0.720866072835277,4
0.265935068176778,0.27615449564972805,0.6160188269920652,4
0.25775562308234434,0.2593987818837494,0.5127623687688575,2
0.23999437322411826,0.22301459991118583,0.41596214802364284,2
0.08142188505536642,-0.10182347800718196,0.1361516699553501,4
0.0356783525168253,-0.19552977825267542,0.12448068217118458,4
-0.010092265847966075,-0.2892915642122393,0.13558615014146302,4
-0.05373325604304957,-0.3786907754949618,0.16894478361888587,2
-0.09318825226621893,-0.45951491646304427,0.22298472200210898,2
-0.12659813297607847,-0.5279555492525306,0.29515960049171175,2
-0.15238862279893856,-0.5807877475700318,0.3820685349363273,4
-0.1693444724689872,-0.615522055392899,0.47961637167653537,4
-0.17666672143897338,-0.630521790270735,0.58320665140527,4
-0.17401034494411027,-0.6250801638903721,0.6879581945772699,4
-0.16150051158752554,-0.5994535859791549,0.7889351028514495,4
-0.13972668538895794,-0.554849582264814,0.8813793388858662,4
-0.10971485020848437,-0.49336989579831253,0.9609349253128546,4
-0.07287916533192063,-0.417911452708387,1.0238531986265773,4
-0.03095533020931185,-0.3320298588867518,1.0671694464087809,4
0.014081201796389262,-0.23977185964748715,1.0888426047371977,4
0.06010830687789699,-0.14548465687046713,1.0878514332272005,4
0.1049571853713844,-0.05361106861526462,1.064242635933581,4
0.14651455571314154,0.03151981670446489,1.019128660652983,4
0.18282223238037407,0.1058966271995752,0.9546352803239643,4
0.2121693956982231,0.16601472356432093,0.8738014264919473,4
0.2331732057547432,0.2090413378686992,0.7804359946915576,4
0.2448439618918329,0.23294905373547517,0.678938369084436,4
0.24663173745340758,0.23661133830878225,0.5740911232412244,2
0.23845229235897397,0.2198556245428037,0.47083466501801696,2
0.11010333086316416,-0.04306911376834915,0.11961387893966718,4
0.06654232186124329,-0.13230448239868853,0.0857163729723649,4
0.02079878932270207,-0.22601078264418217,0.07404538518819931,4
-0.024971829042089222,-0.3197725686037458,0.08515085315847776,4
-0.06861281923717283,-0.4091717798864685,0.11850948663590077,2
-0.10806781546034205,-0.4899959208545508,0.17254942501912374,2
-0.14147769617020156,-0.5584365536440372,0.24472430350872648,4
-0.1672681859930617,-0.6112687519615383,0.3316332379533421,4
-0.18422403566311035,-0.6460030597844055,0.42918107469355027,4
-0.19154628463309653,-0.6610027946622414,0.5327713544222847,4
-0.18888990813823342,-0.6555611682818787,0.6375228975942847,4
-0.17638007478164863,-0.6299345903706615,0.7384998058684644,4
-0.15460624858308109,-0.5853305866563205,0.8309440419028808,4
-0.1245944134026074,-0.5238509001898188,0.9104996283298696,4
-0.08775872852604377,-0.44839245709989356,0.973417901643592,4
-0.04583489340343491,-0.36251086327825816,1.0167341494257958,4
-0.000798361397733871,-0.2702528640389937,1.0384073077542126,4
0.04522874368377386,-0.17596566126197366,1.0374161362442151,4
0.09007762217726135,-0.08409207300677098,1.013807338950596,4
0.13163499251901847,0.001038812312958502,0.9686933636699976,0
0.16794266918625084,0.07541562280806853,0.9041999833409791,4
0.19728983250410004,0.13553371917281454,0.8233661295089618,4
0.21829364256062012,0.1785603334771927,0.7300006977085721,4
0.2299643986977098,0.20246804934396861,0.6285030721014506,2
0.23175217425928446,0.20613033391727575,0.5236558262582393,1
0.13967454939647644,0.01750796300579267,0.11757427447597735,0
0.1003486610152642,-0.06305169864617478,0.06304750262755199,4
0.05678765201334324,-0.1522870672765143,0.029149996660249533,4
0.01104411947480212,-0.24599336752200773,0.017479008876084,4
-0.034726498889989244,-0.3397551534815716,0.02858447684636245,2
-0.07836748908507277,-0.4291543647642941,0.0619431103237853,2
-0.11782248530824202,-0.5099785057323765,0.11598304870700826,2
-0.15123236601810164,-0.5784191385218629,0.18815792719661115,4
-0.17702285584096172,-0.6312513368393642,0.27506686164122673,4
-0.19397870551101037,-0.6659856446622313,0.3726146983814348,4
-0.20130095448099655,-0.6809853795400673,0.47620497811016926,4
-0.1986445779861335,-0.6755437531597044,0.5809565212821693,4
-0.1861347446295487,-0.6499171752484872,0.681933429556349,4
-0.1643609184309811,-0.6053131715341463,0.7743776655907656,4
-0.13434908325050754,-0.5438334850676447,0.853933252017754,4
-0.0975133983739438,-0.46837504197771934,0.9168515253314767,4
-0.055589563251335045,-0.3824934481560841,0.9601677731136803,4
-0.010553031245634004,-0.2902354489168197,0.9818409314420972,4
0.03547407383587381,-0.19594824613979944,0.9808497599320998,4
0.0803229523293613,-0.10407465788459676,0.9572409626384806,4
0.12188032267111829,-0.018943772564867612,0.9121269873578824,0
0.15818799933835082,0.05543303793024274,0.8476336070288638,4
0.18753516265620002,0.11555113429498877,0.7667997531968465,4
0.20853897271272004,0.1585777485993669,0.6734343213964568,4
0.22020972884980972,0.18248546446614278,0.5719366957893357,1
0.16874214324956954,0.07705335720369501,0.13012896283616904,4
0.13550441346201333,0.008965378114473187,0.05754222952507165,0
0.09617852508080102,-0.07159428353749438,0.003015457676646127,4
0.052617516078880155,-0.16082965216783368,-0.030882048290656217,4
0.0068739835403389404,-0.2545359524133273,-0.04255303607482186,4
-0.03889663482445235,-0.348297738372891,-0.031447568104543466,2
-0.08253762501953585,-0.4376969496556135,0.0019110653728793836,2
-0.12199262124270521,-0.518521090623696,0.0559510037561024,2
-0.15540250195256478,-0.5869617234131825,0.1281258822457053,4
-0.18119299177542492,-0.6397939217306836,0.2150348166903207,4
-0.1981488414454735,-0.6745282295535509,0.3125826534305287,4
-0.20547109041545975,-0.689527964431387,0.4161729331592634,4
-0.2028147139205967,-0.684086338051024,0.5209244763312633,4
-0.19030488056401185,-0.6584597601398068,0.6219013846054431,4
-0.16853105436544435,-0.613855756425466,0.7143456206398596,4
-0.13851921918497073,-0.5523760699589644,0.7939012070668483,4
-0.1016835343084071,-0.47691762686903905,0.8568194803805708,4
-0.05975969918579829,-0.39103603304740386,0.9001357281627744,4
-0.014723167180097196,-0.2987780338081393,0.9218088864911913,4
0.03130393790141063,-0.20449083103111904,0.9208177149811939,4
0.07615281639489796,-0.11261724277591671,0.8972089176875748,4
0.1177101867366551,-0.027486357456187206,0.8520949424069766,0
0.15401786340388762,0.04689045303892315,0.787601562077958,4
0.18336502672173682,0.10700854940366918,0.7067677082459407,4
0.20436883677825682,0.1500351637080472,0.6134022764455513,1
0.19593644583869435,0.13276128665221926,0.15668636643032358,4
0.17035303825777764,0.08035329935783293,0.06945996242923363,4
0.13711530847022127,0.01226532026861089,-0.0031267708818639717,0
0.09778942008900902,-0.06829434138335659,-0.05765354273028939,4
0.05422841108708806,-0.15752971001369614,-0.09155104869759179,4
0.008484878548546931,-0.2512360102591896,-0.10322203648175732,4
-0.037285739816244334,-0.34499779621875326,-0.09211656851147887,2
-0.08092673001132794,-0.434397007501476,-0.0587579350340558,2
-0.12038172623449728,-0.5152211484695584,-0.004717996650832779,4
-0.15379160694435678,-0.5836617812590448,0.06745688183876997,4
-0.17958209676721681,-0.6364939795765459,0.15436581628338547,4
-0.19653794643726552,-0.671228287399413,0.2519136530235938,4
-0.20386019540725164,-0.686228022277249,0.35550393275232817,4
-0.20120381891238853,-0.680786395896886,0.4602554759243283,4
-0.18869398555580374,-0.6551598179856688,0.5612323841985078,4
-0.16692015935723614,-0.6105558142713279,0.6536766202329245,4
-0.13690832417676257,-0.5490761278048263,0.7332322066599131,4
-0.10007263930019888,-0.473617684714901,0.7961504799736354,4
-0.05814880417759005,-0.3877360908932656,0.8394667277558391,4
-0.013112272171888928,-0.29547809165400096,0.8611398860842561,4
0.03291483290961872,-0.2011908888769811,0.8601487145742586,4
0.07776371140310621,-0.10931730062177843,0.8365399172806394,4
0.11932108174486335,-0.024186415302048948,0.791425942000041,0
0.15562875841209584,0.05019039519306135,0.7269325616710223,4
0.18497592172994493,0.1103084915578071,0.6460987078390052,1
0.21997606016508553,0.18200679072335116,0.1959950989745305,4
0.20325246633025626,0.1477482624002525,0.0982391371254216,4
0.17766905874933955,0.09534027510586617,0.011012733124331653,4
0.1444313289617833,0.027252296016644233,-0.06157400018676584,4
0.10510544058057095,-0.053307365635323366,-0.11610077203519142,4
0.06154443157865007,-0.14254273426566275,-0.14999827800249366,4
0.01580089904010895,-0.2362490345111562,-0.1616692657866593,2
-0.029969719324682426,-0.33001082047072006,-0.15056379781638085,2
-0.07361070951976603,-0.41941003175344277,-0.11720516433895778,2
-0.11306570574293529,-0.5002341727215249,-0.06316522595573482,4
-0.1464755864527948,-0.5686748055110113,0.009009652533867929,4
-0.17226607627565493,-0.6215070038285125,0.09591858697848349,4
-0.18922192594570353,-0.6562413116513798,0.1934664237186916,4
-0.19654417491568976,-0.6712410465292157,0.29705670344742624,4
-0.19388779842082665,-0.6657994201488528,0.4018082466194261,4
-0.18137796506424186,-0.6401728422376356,0.5027851548936059,4
-0.15960413886567426,-0.5955688385232948,0.5952293909280224,4
-0.1295923036852007,-0.5340891520567932,0.6747849773550109,4
-0.09275661880863698,-0.45863070896686775,0.7377032506687335,4
-0.050832783686028116,-0.3727491151452324,0.7810194984509371,4
-0.005796251680327186,-0.2804911159059681,0.802692656779354,4
0.04023085340118064,-0.1862039131289479,0.8017014852693565,4
0.08507973189466814,-0.0943303248737452,0.7780926879757373,4
0.12663710223642527,-0.009199439554015715,0.732978712695139,0
0.16294477890365763,0.06517737094109431,0.6684853323661206,2
0.23972823831037451,0.22246941861999314,0.2462029308798035,4
0.23265247486145252,0.2079746129629939,0.14252367735605387,4
0.2159288810266232,0.17371608463989513,0.04476771550694458,4
0.1903454734457065,0.1213080973455088,-0.04245868849414541,4
0.15710774365815022,0.05322011825628687,-0.11504542180524291,4
0.11778185527693796,-0.027339543395680583,-0.16957219365366827,0
0.0742208462750171,-0.11657491202601988,-0.2034696996209706,4
0.028477313736475884,-0.21028121227151353,-0.21514068740513625,2
-0.017293304628315492,-0.3040429982310774,-0.2040352194348578,2
-0.060934294823399016,-0.3934422095137999,-0.17067658595743496,2
-0.10038929104656827,-0.47426635048188226,-0.116636647574212,4
-0.13379917175642786,-0.5427069832713687,-0.04446176908460914,4
-0.15958966157928794,-0.5955391815888699,0.042447165360006256,4
-0.1765455112493366,-0.6302734894117371,0.13999500210021454,4
-0.18386776021932283,-0.6452732242895731,0.24358528182894895,4
-0.18121138372445972,-0.6398315979092102,0.3483368250009491,4
-0.16870155036787493,-0.614205019997993,0.44931373327512864,4
-0.14692772416930738,-0.5696010162836522,0.5417579693095451,4
-0.11691588898883379,-0.5081213298171505,0.6213135557365338,4
-0.08008020411227004,-0.43266288672722514,0.6842318290502565,4
-0.03815636898966135,-0.34678129290559007,0.7275480768324599,4
0.0068801630160397476,-0.2545232936663255,0.7492212351608769,4
0.052907268097547575,-0.16023609088930524,0.7482300636508794,4
0.09775614659103507,-0.06836250263410255,0.7246212663572602,4
0.13931351693279204,0.016768382685626592,0.6795072910766622,0
0.25426225657934964,0.2522425691421698,0.3049440664098083,4
0.2571677338701289,0.2581944821724289,0.20022689320667836,4
0.2500919704212069,0.24369967651542968,0.09654763968292873,4
0.23336837658637768,0.20944114819233112,-0.0012083221661802201,4
0.20778496900546087,0.15703316089794456,-0.08843472616727055,4
0.17454723921790466,0.08894518180872275,-0.16102145947836788,4
0.13522135083669246,0.008385520156755404,-0.21554823132679335,0
0.09166034183477148,-0.08084984847358412,-0.2494457372940958,4
0.045916809296230265,-0.17455614871907776,-0.26111672507826145,2
0.000146190931438972,-0.26831793467864146,-0.2500112571079831,2
-0.043494799263644524,-0.357717145961364,-0.21665262363056015,2
-0.08294979548681389,-0.4385412869294465,-0.16261268524733719,4
-0.1163596761966734,-0.5069819197189328,-0.0904378067577345,4
-0.14215016601953356,-0.5598141180364341,-0.003528872313118825,4
-0.15910601568958216,-0.5945484258593012,0.09401896442708918,4
-0.1664282646595684,-0.6095481607371374,0.19760924415582382,4
-0.16377188816470534,-0.6041065343567745,0.3023607873278237,4
-0.1512620548081206,-0.5784799564455574,0.4033376956020033,4
-0.129488228609553,-0.5338759527312165,0.49578193163642004,4
-0.09947639342907941,-0.47239626626471487,0.5753375180634086,4
-0.06264070855251586,-0.39693782317478965,0.6382557913771311,4
-0.020716873429906968,-0.3110562293531543,0.6815720391593347,4
0.02431965857579413,-0.2187982301138897,0.7032451974877517,4
0.07034676365730196,-0.12451102733686947,0.7022540259777543,4
0.11519564215078928,-0.032637439081667156,0.6786452286841352,2
0.26289327125046924,0.26992332983798517,0.3694506201030392,4
0.27564308303493795,0.2960415070938045,0.26862980604683573,4
0.2785485603257172,0.30199342012406355,0.16391263284370622,4
0.2714727968767951,0.2874986144670642,0.06023337931995615,4
0.25474920304196585,0.25324008614396554,-0.03752258252915275,4
0.22916579546104915,0.2008320988495792,-0.12474898653024269,4
0.19592806567349286,0.13274411976035727,-0.19733571984134013,4
0.15660217729228054,0.05218445810838968,-0.2518624916897657,4
0.11304116829035957,-0.03705091052194986,-0.28575999765706805,2
0.06729763575181844,-0.13075721076744334,-0.2974309854412336,2
0.021527017387027156,-0.22451899672700698,-0.28632551747095514,2
-0.022113972808056437,-0.3139182080097297,-0.2529668839935322,2
-0.06156896903122572,-0.39474234897781196,-0.1989269456103091,4
-0.09497884974108528,-0.4631829817672985,-0.1267520671207063,4
-0.12076933956394531,-0.5160151800847995,-0.03984313267609085,4
-0.13772518923399402,-0.5507494879076666,0.057704704064117485,4
-0.14504743820398014,-0.5657492227855027,0.1612949837928519,4
-0.14239106170911708,-0.5603075964051398,0.26604652696485176,4
-0.12988122835253224,-0.5346810184939226,0.3670234352390315,4
-0.10810740215396464,-0.4900770147795816,0.45946767127344823,4
-0.07809556697349113,-0.42859732831308023,0.5390232577004366,4
-0.04125988209692738,-0.3531388852231547,0.6019415310141591,4
0.0006639530256814519,-0.2672572914015193,0.6452577787963627,4
0.045700485031382576,-0.17499929216225468,0.6669309371247797,4
0.09172759011289022,-0.08071208938523483,0.6659397656147822,2
0.17524153787178057,0.19137156652656434,0.6659397656147822,4
0.1986282857938793,0.2908966294134488,0.6423309683211631,4
0.22029865475592836,0.3831174392889402,0.5972169930405649,4
0.23923153580839288,0.4636885466379835,0.5327236127115462,4
0.25453481057908456,0.5288134365543442,0.4518897588795289,4
0.2654873879387794,0.5754234207269224,0.3585243270791394,4
0.27157318185396145,0.6013222341978103,0.257026701472018,4
0.2725054293884434,0.6052895234850818,0.15217945562880641,4
0.2682402029883241,0.5871383497044145,0.04892299740559869,4
0.2589784803506875,0.5477239971393595,-0.04787722333961619,4
0.24515667434372054,0.48890367219995906,-0.13365997500561477,4
0.22742606920892205,0.41344899175694266,-0.20438316972599957,4
0.20662213201265872,0.32491538440590023,-0.25671432676658723,2
0.1837251453931202,0.2274745584808729,-0.2881875991966114,2
0.15981401658975103,0.12571793093356795,-0.2973199647285548,2
0.1360154392761731,0.024440279519960653,-0.2836811058079991,0
0.1134508036937638,-0.07158618738512139,-0.24791368619990428,4
0.09318335668324543,-0.15783669750296497,-0.1917030686374822,4
0.07616810143643732,-0.23024712216379545,-0.11769790043967676,4
0.0632067976945585,-0.2854054782680047,-0.029385309107221147,4
0.054910182786154144,-0.32071270111308275,0.06907341131251044,4
0.051669193651368114,-0.3345051124620115,0.17303888062454437,4
0.05363654587232419,-0.32613281315115744,0.2776122403303007,4
0.060719537706692854,-0.2959903063737735,0.3778659881031942,4
0.07258441819876948,-0.24549790866834165,0.46907616196294777,2
0.16238957089280945,0.13667850590681,0.7032451974877518,4
0.18639071295662898,0.23881819549578123,0.7022540259777544,4
0.20977746087872778,0.3383432583826658,0.6786452286841352,4
0.23144782984077678,0.43056406825815713,0.6335312534035371,4
0.2503807108932413,0.5111351756072006,0.5690378730745184,4
0.2656839856639329,0.5762600655235611,0.4882040192425011,4
0.2766365630236278,0.6228700496961393,0.3948385874421116,4
0.28272235693880987,0.6487688631670271,0.29334096183499014,4
0.2836546044732918,0.6527361524542986,0.1884937159917785,4
0.27938937807317255,0.6345849786736314,0.08523725776857083,4
0.27012765543553585,0.5951706261085764,-0.011562962976643942,4
0.25630584942856893,0.5363503011691758,-0.09734571464264274,4
0.23857524429377047,0.4608956207261596,-0.16806890936302732,4
0.21777130709750708,0.37236201337511693,-0.2204000664036151,2
0.19487432047796865,0.2749211874500898,-0.25187333883363927,2
0.1709631916745994,0.17316455990278465,-0.26100570436558257,2
0.14716461436102152,0.07188690848917755,-0.24736684544502685,4
0.12459997877861223,-0.024139558415904497,-0.21159942583693214,0
0.10433253176809383,-0.11039006853374823,-0.15538880827450985,4
0.08731727652128574,-0.18280049319457867,-0.0813836400767044,4
0.07435597277940693,-0.23795884929878783,0.0069289512557511035,4
0.06605935787100256,-0.2732660721438659,0.10538767167548269,4
0.06281836873621652,-0.28705848349279456,0.20935314098751703,4
0.06478572095717261,-0.2786861841819406,0.3139265006932729,4
0.07186871279154124,-0.24854367740455682,0.414180248466166,2
0.1479989114953387,0.07543735830100469,0.72754807683246,4
0.1714835125975894,0.17537884693210729,0.7492212351608769,4
0.195484654661409,0.2775185365210788,0.7482300636508795,4
0.21887140258350773,0.3770435994079631,0.7246212663572604,4
0.24054177154555678,0.46926440928345464,0.6795072910766622,4
0.25947465259802127,0.5498355166324979,0.6150139107476436,4
0.2747779273687129,0.6149604065488585,0.5341800569156264,4
0.28573050472840783,0.6615703907214369,0.4408146251152368,4
0.2918162986435899,0.6874692041923246,0.33931699950811534,4
0.29274854617807183,0.6914364934795961,0.23446975366490375,4
0.28848331977795255,0.6732853196989288,0.13121329544169613,4
0.2792215971403159,0.6338709671338739,0.03441307469648114,4
0.265399791133349,0.5750506421944733,-0.05136967696951744,4
0.24766918599855045,0.4995959617514571,-0.12209287168990224,4
0.22686524880228714,0.41106235440041455,-0.1744240287304899,2
0.20396826218274863,0.3136215284753873,-0.20589730116051408,2
0.18005713337937945,0.21186490092808233,-0.2150296666924575,2
0.15625855606580155,0.11058724951447525,-0.20139080777190177,4
0.13369392048339224,0.014560782609392989,-0.16562338816380695,0
0.11342647347287384,-0.07168972750845075,-0.10941277060138477,4
0.0964112182260658,-0.14410015216928096,-0.03540760240357954,4
0.08344991448418693,-0.19925850827349034,0.052904988928876184,4
0.07515329957578257,-0.23456573111856843,0.15136370934860782,4
0.07191231044099652,-0.2483581424674971,0.2553291786606422,4
0.07387966266195262,-0.23998584315664312,0.359902538366398,2
0.1327476483231841,0.010533809873956343,0.7377032506687335,0
0.15460911279843192,0.10356784923444788,0.7810194984509371,4
0.17809371390068268,0.20350933786555067,0.802692656779354,4
0.20209485596450222,0.30564902745452194,0.8017014852693565,4
0.22548160388660105,0.4051740903414065,0.7780926879757373,4
0.24715197284865,0.4973949002168978,0.7329787126951393,4
0.2660848539011146,0.5779660075659411,0.6684853323661205,4
0.2813881286718062,0.6430908974823019,0.5876514785341033,4
0.2923407060315011,0.68970088165488,0.4942860467337137,4
0.29842649994668313,0.7155996951257678,0.39278842112659224,4
0.2993587474811651,0.7195669844130393,0.2879411752833807,4
0.29509352108104575,0.701415810632372,0.18468471706017292,4
0.2858317984434091,0.6620014580673171,0.08788449631495815,4
0.2720099924364422,0.6031811331279164,0.0021017446489594027,4
0.2542793873016437,0.5277264526849003,-0.06862145007142523,4
0.23347545010538034,0.4391928453338576,-0.12095260711201306,2
0.21057846348584186,0.3417520194088305,-0.15242587954203712,2
0.18666733468247268,0.23999539186152552,-0.16155824507398053,2
0.16286875736889475,0.1387177404479182,-0.14791938615342481,4
0.1403041217864854,0.04269127354283596,-0.11215196654532988,4
0.1200366747759671,-0.04355923657500739,-0.05594134898290787,4
0.103021419529159,-0.11596966123583786,0.018063819214897636,4
0.09006011578728018,-0.17112801734004715,0.1063764105473532,4
0.08176350087887577,-0.2064352401851254,0.20483513096708522,4
0.07852251174408978,-0.2202276515340539,0.3088006002791187,2
0.11735442171625247,-0.05497388068610194,0.7332322066599128,4
0.13656263618411602,0.02676894047170718,0.7961504799736354,0
0.1584241006593639,0.11980297983219888,0.839466727755839,4
0.1819087017616146,0.21974446846330148,0.8611398860842558,4
0.2059098438254342,0.32188415805227294,0.8601487145742586,4
0.22929659174753297,0.42140922093915734,0.8365399172806394,4
0.2509669607095819,0.5136300308146488,0.7914259420000411,4
0.2698998417620465,0.594201138163692,0.7269325616710225,4
0.28520311653273817,0.6593260280800527,0.6460987078390054,4
0.296155693892433,0.705936012252631,0.5527332760386157,4
0.30224148780761506,0.7318348257235189,0.45123565043149444,4
0.303173735342097,0.7358021150107904,0.3463884045882827,4
0.29890850894197774,0.717650941230123,0.2431319463650751,4
0.2896467863043411,0.6782365886650681,0.14633172561986013,4
0.2758249802973742,0.6194162637256676,0.06054897395386155,4
0.25809437516257566,0.5439615832826512,-0.010174220766523245,2
0.23729043796631233,0.4554279759316088,-0.06250537780711096,2
0.2143934513467739,0.3579871500065817,-0.09397865023713503,2
0.19048232254340464,0.2562305224592766,-0.10311101576907855,4
0.1666837452298267,0.1549528710456692,-0.08947215684852283,4
0.14411910964741748,0.05892640414058732,-0.05370473724042807,4
0.12385166263689908,-0.027324105977256388,0.002505880321994114,0
0.10683640739009097,-0.09973453063808686,0.07651104851979962,4
0.09387510364821214,-0.15489288674229615,0.16482363985225518,4
0.08557848873980778,-0.19020010958737424,0.26328236027198676,2
0.10254456133912329,-0.11799898748117639,0.7143456206398598,4
0.11819443370209066,-0.0513991106498934,0.7939012070668483,4
0.13740264816995426,0.030343710507915886,0.856819480380571,4
0.1592641126452021,0.12337774986840742,0.9001357281627745,4
0.18274871374745286,0.22331923849951021,0.9218088864911915,4
0.2067498558112724,0.3254589280884815,0.920817714981194,4
0.2301366037333712,0.42498399097536593,0.8972089176875748,4
0.2518069726954202,0.5172048008508573,0.8520949424069767,4
0.27073985374788473,0.5977759081999007,0.787601562077958,4
0.2860431285185764,0.6629007981162613,0.7067677082459407,4
0.29699570587827123,0.7095107822888396,0.6134022764455512,4
0.3030814997934533,0.7354095957597274,0.5119046508384297,4
0.30401374732793524,0.7393768850469989,0.40705740499521825,4
0.2997485209278159,0.7212257112663315,0.3038009467720104,4
0.2904867982901793,0.6818113587012766,0.20700072602679565,4
0.27666499228321234,0.6229910337618759,0.1212179743607969,4
0.2589343871484139,0.5475363533188597,0.05049477964041227,2
0.23813044995215055,0.4590027459678173,-0.0018363774001754485,2
0.21523346333261204,0.36156192004279003,-0.03330964983019963,2
0.1913223345292428,0.2598052924954849,-0.042442015362142926,4
0.16752375721566495,0.15852764108187797,-0.028803156441587263,4
0.14495912163325564,0.06250117417679572,0.0069642631665075005,4
0.12469167462273724,-0.023749335941048014,0.06317488072892974,0
0.10767641937592914,-0.09615976060187843,0.13718004892673524,4
0.09471511563405033,-0.1513181167060876,0.2254926402591907,2
0.0890159086082914,-0.17557176409363465,0.6819334295563491,4
0.10037001603997298,-0.1272530213626384,0.7743776655907656,4
0.11601988840294039,-0.06065314453135519,0.8539332520177543,4
0.13522810287080392,0.02108967662645382,0.9168515253314767,0
0.1570895673460518,0.11412371598694558,0.9601677731136803,4
0.1805741684483025,0.21406520461804818,0.9818409314420973,4
0.20457531051212208,0.3162048942070195,0.9808497599320998,4
0.22796205843422085,0.415729957093904,0.9572409626384807,4
0.24963242739626984,0.5079507669693953,0.9121269873578824,4
0.2685653084487344,0.5885218743184387,0.8476336070288638,4
0.28386858321942604,0.6536467642347993,0.7667997531968467,4
0.29482116057912094,0.7002567484073775,0.673434321396457,4
0.30090695449430294,0.7261555618782655,0.5719366957893356,4
0.3018392020287849,0.730122851165537,0.4670894499461239,4
0.2975739756286656,0.7119716773848696,0.3638329917229163,4
0.28831225299102897,0.6725573248198146,0.2670327709777013,4
0.27449044698406205,0.6137369998804142,0.18125001931170284,4
0.25675984184926354,0.5382823194373978,0.11052682459131802,2
0.2359559046530002,0.4497487120863552,0.058195667550730246,2
0.21305891803346166,0.35230788616132785,0.026722395120706177,2
0.18914778923009254,0.25055125861402316,0.017590029588762768,4
0.1653492119165146,0.1492736072004158,0.031228888509318486,4
0.14278457633410527,0.05324714029533355,0.06699630811741342,4
0.12251712932358688,-0.033003369822510134,0.12320692567983571,4
0.10550187407677884,-0.10541379448334028,0.1972120938776409,2
0.07740593436713714,-0.22497937819692515,0.6375228975942847,2
0.08392927071545617,-0.1972185513191842,0.7384998058684642,4
0.09528337814713778,-0.1488998085881879,0.8309440419028808,4
0.11093325051010514,-0.0822999317569049,0.9104996283298694,4
0.13014146497796872,-0.0005571105990956203,0.973417901643592,0
0.15200292945321656,0.09247692876139592,1.0167341494257955,4
0.17548753055546729,0.19241841739249863,1.0384073077542126,4
0.19948867261928688,0.29455810698147,1.0374161362442151,4
0.22287542054138565,0.39408316986835445,1.013807338950596,4
0.24454578950343464,0.4863039797438458,0.9686933636699977,4
0.26347867055589913,0.566875087092889,0.9041999833409791,4
0.27878194532659084,0.6319999770092498,0.8233661295089618,4
0.2897345226862857,0.678609961181828,0.7300006977085723,4
0.29582031660146774,0.7045087746527159,0.6285030721014508,4
0.2967525641359497,0.7084760639399874,0.5236558262582393,4
0.2924873377358304,0.6903248901593201,0.4203993680350315,4
0.2832256150981938,0.6509105375942651,0.3235991472898167,4
0.26940380909122685,0.5920902126548646,0.23781639562381812,4
0.25167320395642834,0.5166355322118482,0.16709320090343333,2
0.23086926676016495,0.4281019248608056,0.11476204386284555,2
0.20797228014062658,0.3306610989357787,0.08328877143282154,4
0.1840611513372573,0.22890447138847356,0.07415640590087808,4
0.16026257402367938,0.12762681997486625,0.0877952648214338,4
0.13769793844127004,0.031600353069783996,0.12356268442952872,4
0.11743049143075174,-0.05465015704805935,0.17977330199195068,2
0.06826170122554359,-0.26389374036052754,0.58320665140527,2
0.06964688653136061,-0.25799892098971805,0.6879581945772699,4
0.07617022287967967,-0.23023809411197713,0.7889351028514496,4
0.08752433031136125,-0.1819193513809809,0.8813793388858662,4
0.10317420267432867,-0.11531947454969767,0.9609349253128548,4
0.1223824171421922,-0.03357665339188866,1.0238531986265773,4
0.14424388161744006,0.05945738596860299,1.0671694464087809,4
0.1677284827196908,0.1593988745997057,1.0888426047371977,4
0.19172962478351036,0.26153856418867705,1.0878514332272005,4
0.21511637270560913,0.36106362707556156,1.0642426359335813,4
0.23678674166765812,0.45328443695105286,1.019128660652983,4
0.25571962272012266,0.5338555443000962,0.9546352803239644,4
0.2710228974908143,0.5989804342164569,0.8738014264919473,4
0.2819754748505092,0.6455904183890351,0.7804359946915576,4
0.2880612687656912,0.6714892318599229,0.6789383690844362,4
0.2889935163001732,0.6754565211471945,0.5740911232412245,4
0.2847282899000539,0.6573053473665271,0.47083466501801685,4
0.27546656726241725,0.6178909948014722,0.3740344442728021,4
0.26164476125545033,0.5590706698620717,0.2882516926068034,2
0.24391415612065181,0.48361598941905537,0.21752849788641862,2
0.22311021892438854,0.3950823820680131,0.16519734084583093,2
0.20021323230485005,0.2976415561429858,0.13372406841580686,4
0.1763021035014808,0.19588492859568063,0.12459170288386334,4
0.15250352618790286,0.09460727718207333,0.13823056180441906,4
0.12993889060549363,-0.0014191897230085714,0.17399798141251377,0
0.06201408594033326,-0.2904812037489736,0.5215440754273762,2
0.05819585019763166,-0.3067301560904937,0.6251343551561106,4
0.05958103550344868,-0.3008353367196842,0.7298858983281107,4
0.06610437185176773,-0.27307450984194326,0.8308628066022903,4
0.07745847928344933,-0.224755767110947,0.9233070426367069,4
0.09310835164641669,-0.158155890279664,1.0028626290636955,4
0.11231656611428026,-0.07641306912185482,1.065780902377418,4
0.13417803058952812,0.01662097023863683,1.1090971501596216,0
0.15766263169177885,0.11656245886973955,1.1307703084880387,4
0.18166377375559842,0.21870214845871086,1.129779136978041,4
0.20505052167769716,0.3182272113455953,1.106170339684422,4
0.2267208906397462,0.41044802122108676,1.0610563644038238,4
0.24565377169221073,0.49101912857013,0.9965629840748051,4
0.2609570464629024,0.5561440184864908,0.9157291302427879,4
0.27190962382259726,0.602754002659069,0.8223636984423983,4
0.2779954177377793,0.6286528161299568,0.7208660728352769,4
0.27892766527226126,0.6326201054172284,0.6160188269920653,4
0.274662438872142,0.6144689316365609,0.5127623687688577,4
0.26540071623450534,0.575054579071506,0.41596214802364273,4
0.25157891022753837,0.5162342541321053,0.33017939635764404,2
0.2338483050927399,0.4407795736890894,0.25945620163725946,2
0.21304436789647657,0.3522459663380467,0.20712504459667166,4
0.19014738127693806,0.25480514041301944,0.1756517721666475,4
0.16623625247356882,0.15304851286571428,0.16651940663470421,4
0.142437675159991,0.051770861452107395,0.18015826555525985,2
0.05895747647934133,-0.30348896565923106,0.45544071355294125,2
0.050115735161417166,-0.34111603820592135,0.5529885502931493,2
0.04629749941871557,-0.35736499054744136,0.656578830021884,4
0.04768268472453259,-0.3514701711766319,0.7613303731938839,4
0.05420602107285165,-0.3237093442988908,0.8623072814680637,4
0.06556012850453322,-0.2753906015678947,0.9547515175024801,4
0.08121000086750062,-0.20879072473661153,1.0343071039294687,4
0.10041821533536417,-0.1270479035788024,1.0972253772431912,4
0.12227967981061204,-0.03401386421831075,1.1405416250253948,4
0.14576428091286275,0.06592762441279196,1.1622147833538117,4
0.1697654229766823,0.16806731400176317,1.1612236118438144,4
0.19315217089878112,0.26759237688864773,1.137614814550195,4
0.2148225398608301,0.35981318676413904,1.092500839269597,4
0.23375542091329465,0.44038429411318253,1.028007458940578,4
0.24905869568398628,0.505509184029543,0.9471736051085611,4
0.2600112730436812,0.5521191682021213,0.8538081733081713,4
0.26609706695886315,0.5780179816730091,0.75231054770105,4
0.26702931449334516,0.5819852709602806,0.6474633018578385,4
0.2627640880932258,0.5638340971796133,0.5442068436346307,4
0.2535023654555892,0.5244197446145582,0.4474066228894157,4
0.23968055944862232,0.4655994196751579,0.3616238712234173,2
0.2219499543138238,0.3901447392321415,0.29090067650303253,2
0.20114601711756042,0.30161113188109884,0.23856951946244476,4
0.1782490304980219,0.20417030595607152,0.20709624703242063,4
0.15433790169465275,0.10241367840876679,0.19796388150047728,2
0.059235900444558225,-0.302304099651365,0.38801135974428846,4
0.045787276877253924,-0.35953630272365433,0.4749202941889039,2
0.03694553555932972,-0.3971633752703447,0.5724681309291122,4
0.033127299816628125,-0.41341232761186475,0.6760584106578466,4
0.03451248512244515,-0.40751750824105526,0.7808099538298466,4
0.04103582147076419,-0.3797566813633143,0.8817868621040262,4
0.05238992890244577,-0.3314379386323181,0.9742310981384429,4
0.06803980126541315,-0.26483806180103503,1.0537866845654313,4
0.0872480157332767,-0.18309524064322588,1.116704957879154,4
0.10910948020852458,-0.0900612012827342,1.1600212056613577,4
0.13259408131077527,0.009880287348368412,1.1816943639897746,0
0.15659522337459486,0.11201997693733985,1.180703192479777,4
0.17998197129669363,0.2115450398242242,1.1570943951861579,4
0.20165234025874265,0.3037658496997157,1.1119804199055596,4
0.22058522131120717,0.384336957048759,1.047487039576541,4
0.23588849608189885,0.44946184696511976,0.9666531857445237,4
0.24684107344159373,0.496071831137698,0.8732877539441343,4
0.2529268673567757,0.5219706446085858,0.771790128337013,4
0.25385911489125773,0.5259379338958573,0.6669428824938013,4
0.24959388849113842,0.50778676011519,0.5636864242705935,4
0.2403321658535018,0.4683724075501351,0.46688620352537885,2
0.22651035984653486,0.4095520826107345,0.3811034518593801,2
0.20877975471173635,0.33409740216771816,0.3103802571389953,4
0.187975817515473,0.24556379481667548,0.25804910009840754,4
0.16507883089593456,0.14812296889164858,0.22657582766838352,2
0.06283623848378714,-0.28698243667531226,0.3224332887749087,3
0.04541443253199873,-0.3611229857901562,0.3946081672645114,0
0.03196580896469439,-0.41835518886244566,0.481517101709127,1
0.02312406764677022,-0.4559822614091359,0.5790649384493352,4
0.019305831904068635,-0.47223121375065596,0.6826552181780697,2
0.020691017209885643,-0.4663363943798465,0.7874067613500696,2
0.027214353558204687,-0.4385755675021055,0.8883836696242493,3
0.03856846098988628,-0.39025682477110923,0.9808279056586658,4
0.054218333352853684,-0.3236569479398261,1.0603834920856545,2
0.07342654782071723,-0.24191412678201699,1.1233017653993769,3
0.09528801229596506,-0.14888008742152545,1.1666180131815804,4
0.11877261339821582,-0.048938598790422616,1.1882911715099975,4
0.14277375546203536,0.053201090798548616,1.1873,2
0.16616050338413416,0.15272615368543316,1.1636912027063808,2
0.18783087234618315,0.24494696356092446,1.1185772274257828,2
0.20676375339864772,0.3255180709099679,1.054083847096764,3
0.22206702816933935,0.39064296082632854,0.9732499932647467,3
0.23301960552903422,0.43725294499890677,0.8798845614643572,4
0.23910539944421627,0.46315175846979456,0.7783869358572357,4
0.24003764697869823,0.4671190477570661,0.673539690014024,3
0.23577242057857895,0.44896787397639876,0.5702832317908166,4
0.22651069794094228,0.4095535214113438,0.47348301104560164,2
0.21268889193397533,0.3507331964719432,0.3877002593796029,2
0.1949582867991768,0.2752785160289268,0.3169770646592181,3
0.1741543496029135,0.18674490867788443,0.26464590761863055,2
0.06958884247522426,-0.258245934313521,0.2617965428714626,4
0.04901477057122765,-0.3458013228141034,0.3158364812546855,2
0.031592964619439196,-0.41994187192894755,0.3880113597442884,2
0.018144341052134888,-0.4771740750012369,0.4749202941889038,2
0.009302599734210687,-0.5148011475479273,0.5724681309291121,4
0.005484363991509089,-0.5310500998894474,0.6760584106578464,4
0.006869549297326111,-0.5251552805186379,0.7808099538298465,4
0.013392885645645156,-0.49739445364089685,0.8817868621040261,4
0.024746993077326737,-0.4490757109099006,0.9742310981384428,4
0.04039686544029411,-0.38247583407861757,1.0537866845654313,4
0.05960507990815766,-0.30073301292080845,1.116704957879154,4
0.08146654438340553,-0.20769897356031677,1.1600212056613575,4
0.10495114548565625,-0.10775748492921415,1.1816943639897743,4
0.12895228754947582,-0.005617795340242718,1.180703192479777,0
0.1523390354715746,0.09390726754664168,1.1570943951861579,4
0.17400940443362362,0.18612807742213314,1.1119804199055596,4
0.19294228548608816,0.26669918477117643,1.047487039576541,4
0.2082455602567798,0.3318240746875371,0.966653185744524,4
0.2191981376164747,0.37843405886011544,0.8732877539441343,4
0.2252839315316567,0.40433287233100323,0.7717901283370128,4
0.22621617906613872,0.4083001616182748,0.6669428824938014,4
0.22195095266601939,0.39014898783760743,0.5636864242705937,4
0.21268923002838275,0.3507346352725525,0.46688620352537863,2
0.1988674240214158,0.29191431033315185,0.3811034518593799,4
0.18113681888661734,0.21645962989013576,0.3103802571389953,2
0.07917552935607104,-0.21744865810088546,0.20895832875807696,4
0.05641864287313687,-0.3142932713779442,0.24231696223549987,4
0.03584457096914019,-0.40184865987852686,0.29635690061872294,2
0.01842276501735178,-0.47598920899337077,0.3685317791083257,2
0.004974141450047445,-0.5332214120656603,0.45544071355294125,4
-0.003867599867876728,-0.5708484846123505,0.5529885502931493,4
-0.00768583561057834,-0.5870974369538706,0.6565788300218839,4
-0.006300650304761318,-0.5812026175830611,0.7613303731938839,4
0.00022268604355775434,-0.5534417907053202,0.8623072814680635,4
0.011576793475239336,-0.5051230479743238,0.9547515175024801,4
0.027226665838206696,-0.4385231711430408,1.0343071039294687,4
0.046434880306070306,-0.3567803499852315,1.0972253772431912,4
0.06829634478131813,-0.26374631062474,1.1405416250253948,4
0.09178094588356889,-0.1638048219936372,1.1622147833538117,4
0.11578208794738842,-0.06166513240466596,1.1612236118438144,4
0.13916883586948722,0.0378599304822186,1.137614814550195,4
0.1608392048315362,0.1300807403577099,1.092500839269597,4
0.17977208588400073,0.21065184770675316,1.0280074589405783,4
0.1950753606546924,0.275776737623114,0.9471736051085611,4
0.2060279380143873,0.3223867217956922,0.8538081733081713,4
0.21211373192956928,0.34828553526657996,0.7523105477010502,4
0.2130459794640513,0.3522528245538515,0.6474633018578385,4
0.20878075306393196,0.33410165077318416,0.5442068436346307,2
0.19951903042629532,0.29468729820812906,0.4474066228894157,2
0.1856972244193284,0.23586697326872869,0.3616238712234173,2
0.0911445739255447,-0.16651297788400624,0.16640838592202534,4
0.06727717857715496,-0.268083492557833,0.1775138538923037,4
0.04452029209422073,-0.36492810583489205,0.21087248736972666,2
0.023946220190224105,-0.45248349433547447,0.2649124257529496,2
0.006524414238435652,-0.5266240434503187,0.3370873042425525,2
-0.006924209328868669,-0.5838562465226079,0.4239962386871679,4
-0.01576595064679287,-0.6214833190692983,0.521544075427376,4
-0.019584186389494468,-0.6377322714108183,0.6251343551561106,4
-0.018199001083677446,-0.6318374520400089,0.7298858983281106,4
-0.011675664735358415,-0.6040766251622679,0.8308628066022903,4
-0.0003215573036768199,-0.5557578824312718,0.9233070426367068,4
0.015328315059290568,-0.4891580055999886,1.0028626290636953,4
0.03453652952715412,-0.40741518444217945,1.0657809023774178,4
0.056397994002402,-0.31438114508168774,1.1090971501596216,4
0.0798825951046527,-0.2144396564505852,1.1307703084880385,4
0.1038837371684723,-0.11229996686161374,1.129779136978041,4
0.12727048509057104,-0.012774903974729343,1.106170339684422,0
0.14894085405262003,0.07944590590076199,1.0610563644038238,4
0.1678737351050846,0.16001701324980538,0.9965629840748051,4
0.1831770098757763,0.22514190316616617,0.9157291302427878,4
0.19412958723547113,0.2717518873387443,0.8223636984423985,4
0.20021538115065318,0.29765070080963224,0.720866072835277,4
0.20114762868513514,0.30161799009690377,0.6160188269920652,4
0.19688240228501586,0.28346681631623644,0.5127623687688575,2
0.18762067964737922,0.2440524637511815,0.41596214802364284,2
0.10493199416060381,-0.10783898565075781,0.1361516699553501,4
0.08107872289763277,-0.20934939361397237,0.12448068217118458,4
0.05721132754924299,-0.3109199082877993,0.13558615014146302,4
0.03445444106630881,-0.40776452156485815,0.16894478361888587,2
0.01388036916231214,-0.49531991006544074,0.22298472200210898,2
-0.003541436789476257,-0.5694604591802848,0.29515960049171175,2
-0.016990060356780634,-0.6266926622525743,0.3820685349363273,4
-0.02583180167470478,-0.6643197347992644,0.47961637167653537,4
-0.029650037417406405,-0.6805686871407844,0.58320665140527,4
-0.028264852111589356,-0.674673867769975,0.6879581945772699,4
-0.021741515763270325,-0.646913040892234,0.7889351028514495,4
-0.010387408331588743,-0.5985942981612378,0.8813793388858662,4
0.005262464031378644,-0.5319944213299548,0.9609349253128546,4
0.02447067849924224,-0.45025160017214544,1.0238531986265773,4
0.04633214297449008,-0.3572175608116539,1.0671694464087809,4
0.06981674407674082,-0.2572760721805511,1.0888426047371977,4
0.09381788614056036,-0.15513638259157989,1.0878514332272005,4
0.11720463406265913,-0.055611319704695475,1.064242635933581,4
0.13887500302470815,0.036609490170796,1.019128660652983,4
0.15780788407717272,0.11718059751983943,0.9546352803239643,4
0.17311115884786432,0.18230548743619993,0.8738014264919473,4
0.18406373620755923,0.22891547160877826,0.7804359946915576,4
0.19014953012274127,0.2548142850796661,0.678938369084436,4
0.19108177765722323,0.2587815743669376,0.5740911232412244,2
0.18681655125710395,0.24063040058627025,0.47083466501801696,2
0.11988812607916907,-0.044191403066895715,0.11961387893966718,4
0.09717294632482731,-0.1408585284435507,0.0857163729723649,4
0.07331967506185622,-0.24236893640676546,0.07404538518819931,4
0.049452279713466496,-0.3439394510805922,0.08515085315847776,4
0.02669539323053227,-0.4407840643576512,0.11850948663590077,2
0.006121321326535645,-0.5283394528582337,0.17254942501912374,2
-0.011300484625252794,-0.6024800019730776,0.24472430350872648,4
-0.0247491081925571,-0.6597122050453671,0.3316332379533421,4
-0.0335908495104813,-0.6973392775920574,0.42918107469355027,4
-0.03740908525318287,-0.7135882299335774,0.5327713544222847,4
-0.03602389994736588,-0.7076934105627679,0.6375228975942847,4
-0.029500563599046792,-0.6799325836850268,0.7384998058684644,4
-0.01814645616736521,-0.6316138409540306,0.8309440419028808,4
-0.002496583804397809,-0.5650139641227474,0.9104996283298696,4
0.016711630663465746,-0.4832711429649383,0.973417901643592,4
0.03857309513871364,-0.3902371036044466,1.0167341494257958,4
0.062057696240964334,-0.29029561497334394,1.0384073077542126,4
0.08605883830478386,-0.18815592538437276,1.0374161362442151,4
0.10944558622688268,-0.08863086249748818,1.013807338950596,4
0.13111595518893168,0.003589947378003291,0.9686933636699976,0
0.15004883624139617,0.0841610547270464,0.9041999833409791,4
0.16535211101208785,0.14928594464340716,0.8233661295089618,4
0.17630468837178276,0.1958959288159854,0.7300006977085721,4
0.18239048228696478,0.22179474228687324,0.6285030721014506,2
0.18332272982144673,0.2257620315741447,0.5236558262582393,1
0.13530823594185593,0.02143069235734267,0.11757427447597735,0
0.11480148818633389,-0.0658381902924451,0.06304750262755199,4
0.09208630843199209,-0.16250531566910023,0.029149996660249533,4
0.06823303716902106,-0.26401572363231474,0.017479008876084,4
0.04436564182063128,-0.36558623830614173,0.02858447684636245,2
0.021608755337697086,-0.4624308515832006,0.0619431103237853,2
0.001034683433700459,-0.549986240083783,0.11598304870700826,2
-0.016387122518087993,-0.6241267891986272,0.18815792719661115,4
-0.02983574608539233,-0.6813589922709166,0.27506686164122673,4
-0.0386774874033165,-0.7189860648176069,0.3726146983814348,4
-0.0424957231460181,-0.735235017159127,0.47620497811016926,4
-0.04111053784020108,-0.7293401977883175,0.5809565212821693,4
-0.03458720149188205,-0.7015793709105765,0.681933429556349,4
-0.023233094060200438,-0.6532606281795802,0.7743776655907656,4
-0.007583221697233078,-0.5866607513482972,0.853933252017754,4
0.011624992770630518,-0.5049179301904879,0.9168515253314767,4
0.03348645724587836,-0.4118838908299963,0.9601677731136803,4
0.05697105834812907,-0.3119424021988937,0.9818409314420972,4
0.08097220041194865,-0.2098027126099223,0.9808497599320998,4
0.10435894833404745,-0.11027764972303773,0.9572409626384806,4
0.12602931729609637,-0.018056839847546566,0.9121269873578824,0
0.14496219834856094,0.06251426750149684,0.8476336070288638,4
0.16026547311925263,0.1276391574178576,0.7667997531968465,4
0.17121805047894753,0.17424914159043584,0.6734343213964568,4
0.17730384439412952,0.20014795506132363,0.5719366957893357,1
0.15046572734362976,0.08593518396061876,0.13012896283616904,4
0.13313369064270564,0.012176658475880828,0.05754222952507165,0
0.11262694288718358,-0.07509222417390705,0.003015457676646127,4
0.08991176313284185,-0.17175934955056196,-0.030882048290656217,4
0.06605849186987076,-0.2732697575137767,-0.04255303607482186,4
0.04219109652148102,-0.37484027218760346,-0.031447568104543466,2
0.019434210038546826,-0.47168488546466236,0.0019110653728793836,2
-0.0011398618654498288,-0.559240273965245,0.0559510037561024,2
-0.01856166781723831,-0.6333808230800891,0.1281258822457053,4
-0.032010291384542616,-0.6906130261523785,0.2150348166903207,4
-0.04085203270246679,-0.7282400986990688,0.3125826534305287,4
-0.044670268445168415,-0.7444890510405889,0.4161729331592634,4
-0.043285083139351394,-0.7385942316697794,0.5209244763312633,4
-0.036761746791032335,-0.7108334047920385,0.6219013846054431,4
-0.02540763935935078,-0.6625146620610423,0.7143456206398596,4
-0.009757766996383394,-0.5959147852297592,0.7939012070668483,4
0.009450447471480175,-0.5141719640719501,0.8568194803805708,4
0.03131191194672801,-0.42113792471145844,0.9001357281627744,4
0.05479651304897876,-0.32119643608035564,0.9218088864911913,4
0.07879765511279835,-0.21905674649138426,0.9208177149811939,4
0.10218440303489705,-0.11953168360450007,0.8972089176875748,4
0.12385477199694607,-0.02731087372900852,0.8520949424069766,0
0.14278765304941066,0.05326023362003489,0.787601562077958,4
0.1580909278201023,0.11838512353639567,0.7067677082459407,4
0.16904350517979716,0.16499510770897377,0.6134022764455513,1
0.16464637847544106,0.14628261663367034,0.15668636643032358,4
0.15130573932946795,0.0895099539968273,0.06945996242923363,4
0.13397370262854377,0.015751428512089147,-0.0031267708818639717,0
0.11346695487302173,-0.07151745413769868,-0.05765354273028939,4
0.09075177511867993,-0.16818457951435384,-0.09155104869759179,4
0.06689850385570889,-0.26969498747756837,-0.10322203648175732,4
0.04303110850731916,-0.37126550215139514,-0.09211656851147887,2
0.020274222024384933,-0.4681101154284542,-0.0587579350340558,2
-0.0002998498796117216,-0.5556655039290369,-0.004717996650832779,4
-0.017721655831400146,-0.6298060530438808,0.06745688183876997,4
-0.031170279398704454,-0.68703825611617,0.15436581628338547,4
-0.04001202071662863,-0.7246653286628603,0.2519136530235938,4
-0.0438302564593302,-0.7409142810043804,0.35550393275232817,4
-0.0424450711535132,-0.7350194616335708,0.4602554759243283,4
-0.035921734805194144,-0.7072586347558297,0.5612323841985078,4
-0.024567627373512535,-0.6589398920248335,0.6536766202329245,4
-0.008917755010545148,-0.5923400151935504,0.7332322066599131,4
0.010290459457318407,-0.5105971940357413,0.7961504799736354,4
0.03215192393256629,-0.41756315467524957,0.8394667277558391,4
0.055636525034817044,-0.3176216660441467,0.8611398860842561,4
0.07963766709863654,-0.21548197645517572,0.8601487145742586,4
0.10302441502073534,-0.11595691356829115,0.8365399172806394,4
0.12469478398278434,-0.023736103692799673,0.791425942000041,0
0.1436276650352489,0.05683500365624376,0.7269325616710223,4
0.1589309398059405,0.12195989357260421,0.6460987078390052,1
0.17718199629423276,0.1996294161073284,0.1959950989745305,4
0.16846136633637301,0.16251774723142134,0.0982391371254216,4
0.15512072719039993,0.1057450845945783,0.011012733124331653,4
0.13778869048947578,0.03198655910984026,-0.06157400018676584,4
0.1172819427339537,-0.05528232353994768,-0.11610077203519142,4
0.09456676297961195,-0.15194944891660264,-0.14999827800249366,4
0.0707134917166409,-0.25345985687981715,-0.1616692657866593,2
0.04684609636825113,-0.3550303715536442,-0.15056379781638085,2
0.024089209885316903,-0.4518749848307032,-0.11720516433895778,2
0.0035151379813202627,-0.5394303733312856,-0.06316522595573482,4
-0.013906667970468134,-0.6135709224461295,0.009009652533867929,4
-0.027355291537772497,-0.670803125518419,0.09591858697848349,4
-0.03619703285569664,-0.7084301980651092,0.1934664237186916,4
-0.04001526859839824,-0.7246791504066293,0.29705670344742624,4
-0.03863008329258122,-0.7187843310358198,0.4018082466194261,4
-0.03210674694426219,-0.6910235041580788,0.5027851548936059,4
-0.020752639512580606,-0.6427047614270825,0.5952293909280224,4
-0.005102767149613219,-0.5761048845957996,0.6747849773550109,4
0.014105447318250378,-0.4943620634379903,0.7377032506687335,4
0.03596691179349827,-0.4013280240774985,0.7810194984509371,4
0.05945151289574891,-0.3013865354463961,0.802692656779354,4
0.0834526549595685,-0.19924684585742472,0.8017014852693565,4
0.10683940288166731,-0.09972178297054014,0.7780926879757373,4
0.12850977184371631,-0.007500973095048671,0.732978712695139,0
0.1474426528961808,0.07307013425399443,0.6684853323661206,2
0.18748190181502167,0.24346187832482385,0.2462029308798035,4
0.18379219759732604,0.22775990704077176,0.14252367735605387,4
0.17507156763946627,0.1906482381648646,0.04476771550694458,4
0.1617309284934932,0.13387557552802154,-0.04245868849414541,4
0.14439889179256904,0.06011705004328351,-0.11504542180524291,4
0.123892144037047,-0.027151832606504264,-0.16957219365366827,0
0.10117696428270526,-0.12381895798315916,-0.2034696996209706,4
0.07732369301973416,-0.22532936594637396,-0.21514068740513625,2
0.05345629767134438,-0.3268998806202009,-0.2040352194348578,2
0.0306994111884102,-0.4237444938972597,-0.17067658595743496,2
0.010125339284413573,-0.5112998823978422,-0.116636647574212,4
-0.007296466667374879,-0.5854404315126863,-0.04446176908460914,4
-0.020745090234679187,-0.6426726345849757,0.042447165360006256,4
-0.029586831552603388,-0.680299707131666,0.13999500210021454,4
-0.03340506729530501,-0.6965486594731861,0.24358528182894895,4
-0.032019881989487964,-0.6906538401023766,0.3483368250009491,4
-0.025496545641168933,-0.6628930132246357,0.44931373327512864,4
-0.014142438209487351,-0.6145742704936394,0.5417579693095451,4
0.00150743415348005,-0.5479743936623563,0.6213135557365338,4
0.020715648621343632,-0.466231572504547,0.6842318290502565,4
0.04257711309659143,-0.3731975331440556,0.7275480768324599,4
0.06606171419884216,-0.2732560445129529,0.7492212351608769,4
0.09006285626266175,-0.17111635492398147,0.7482300636508794,4
0.11344960418476056,-0.0715912920370969,0.7246212663572602,4
0.13511997314680949,0.02062951783839427,0.6795072910766622,0
0.19506076293639968,0.27571461531196895,0.3049440664098083,4
0.19657584351980167,0.2821622193501214,0.20022689320667836,4
0.19288613930210607,0.2664602480660693,0.09654763968292873,4
0.18416550934424636,0.2293485791901623,-0.0012083221661802201,4
0.1708248701982732,0.17257591655331908,-0.08843472616727055,4
0.15349283349734905,0.09881739106858116,-0.16102145947836788,4
0.13298608574182708,0.011548508418793499,-0.21554823132679335,0
0.11027090598748528,-0.08511861695786162,-0.2494457372940958,4
0.08641763472451418,-0.18662902492107641,-0.26111672507826145,2
0.06255023937612444,-0.28819953959490313,-0.2500112571079831,2
0.03979335289319026,-0.38504415287196203,-0.21665262363056015,2
0.01921928098919358,-0.4725995413725446,-0.16261268524733719,4
0.001797475037405169,-0.5467400904873886,-0.0904378067577345,4
-0.01165114852989918,-0.6039722935596782,-0.003528872313118825,4
-0.020492889847823353,-0.6415993661063685,0.09401896442708918,4
-0.02431112559052498,-0.6578483184478886,0.19760924415582382,4
-0.022925940284707957,-0.6519534990770791,0.3023607873278237,4
-0.016402603936388926,-0.6241926721993382,0.4033376956020033,4
-0.005048496504707345,-0.5758739294683419,0.49578193163642004,4
0.010601375858260056,-0.5092740526370588,0.5753375180634086,4
0.029809590326123556,-0.4275312314792498,0.6382557913771311,4
0.05167105480137145,-0.3344971921187581,0.6815720391593347,4
0.07515565590362219,-0.23455570348765536,0.7032451974877517,4
0.09915679796744177,-0.13241601389868393,0.7022540259777543,4
0.12254354588954049,-0.03289095101179974,0.6786452286841352,2
0.19956146331522234,0.29486787636944517,0.3694506201030392,4
0.2062099380212481,0.3231612442811858,0.26862980604683573,4
0.20772501860465006,0.3296088483193382,0.16391263284370622,4
0.20403531438695444,0.313906877035286,0.06023337931995615,4
0.1953146844290947,0.2767952081593789,-0.03752258252915275,4
0.18197404528312158,0.22002254552253586,-0.12474898653024269,4
0.16464200858219744,0.14626402003779782,-0.19733571984134013,4
0.14413526082667538,0.05899513738800989,-0.2518624916897657,4
0.12142008107233358,-0.03767198798864525,-0.28575999765706805,2
0.09756680980936253,-0.13918239595185986,-0.2974309854412336,2
0.07369941446097278,-0.24075291062568663,-0.28632551747095514,2
0.05094252797803857,-0.3375975239027456,-0.2529668839935322,2
0.03036845607404194,-0.42515291240332803,-0.1989269456103091,4
0.012946650122253503,-0.49929346151817217,-0.1267520671207063,4
-0.0005019734450508045,-0.5565256645904615,-0.03984313267609085,4
-0.00934371476297502,-0.5941527371371518,0.057704704064117485,4
-0.01316195050567659,-0.6104016894786718,0.1612949837928519,4
-0.011776765199859568,-0.6045068701078623,0.26604652696485176,4
-0.005253428851540509,-0.5767460432301212,0.3670234352390315,4
0.006100678580141114,-0.5284273004991249,0.45946767127344823,4
0.021750550943108446,-0.46182742366784196,0.5390232577004366,4
0.04095876541097204,-0.3800846025100327,0.6019415310141591,4
0.06282022988621991,-0.28705056314954097,0.6452577787963627,4
0.08630483098847068,-0.18710907451843817,0.6669309371247797,4
0.11030597305229017,-0.08496938492946714,0.6659397656147822,2
0.13148435027247962,0.19885374947455633,0.6659397656147822,4
0.1322473290019954,0.30108679689303247,0.6423309683211631,4
0.13295431188964943,0.395816849359182,0.5972169930405649,4
0.13357198586379926,0.4785802217122918,0.5327236127115462,4
0.13407124609360402,0.5454770994013762,0.4518897588795289,4
0.13442856741021714,0.5933552979563008,0.3585243270791394,4
0.13462711281400594,0.6199587940893383,0.257026701472018,4
0.13465752683487892,0.6240340296336696,0.15217945562880641,4
0.13451837636253874,0.6053889792715412,0.04892299740559869,4
0.13421621817471674,0.5649021987775515,-0.04787722333961619,4
0.13376528998145373,0.5044814274233608,-0.13365997500561477,4
0.1331868395434383,0.42697369520073275,-0.20438316972599957,4
0.13250812347638172,0.33603117061539384,-0.25671432676658723,2
0.13176112291782147,0.2359390703108628,-0.2881875991966114,2
0.13098103657420274,0.13141373943002443,-0.2973199647285548,2
0.13020462215593986,0.02738041717865338,-0.2836811058079991,0
0.12946846435212717,-0.07125884071052398,-0.24791368619990428,4
0.1288072509580237,-0.1598561471072755,-0.1917030686374822,4
0.1282521383842772,-0.23423679217510415,-0.11769790043967676,4
0.12782928356518103,-0.29089595592299194,-0.029385309107221147,4
0.127558611442525,-0.3271638555116418,0.06907341131251044,4
0.12745287610126804,-0.3413315455642744,0.17303888062454437,4
0.12751705979636987,-0.3327314437645798,0.2776122403303007,4
0.1277481381886696,-0.30176878737132146,0.3778659881031942,4
0.12813522285190945,-0.2499025384169364,0.46907616196294777,2
0.13106506250018835,0.14267254146913255,0.7032451974877518,4
0.13184808547284702,0.24759135715403882,0.7022540259777544,4
0.1326110642023628,0.3498244045725151,0.6786452286841352,4
0.13331804709001685,0.44455445703866453,0.6335312534035371,4
0.13393572106416665,0.5273178293917743,0.5690378730745184,4
0.13443498129397144,0.5942147070808587,0.4882040192425011,4
0.13479230261058453,0.6420929056357834,0.3948385874421116,4
0.13499084801437336,0.6686964017688207,0.29334096183499014,4
0.1350212620352463,0.6727716373131521,0.1884937159917785,4
0.13488211156290617,0.6541265869510237,0.08523725776857083,4
0.13457995337508416,0.6136398064570341,-0.011562962976643942,4
0.13412902518182115,0.5532190351028431,-0.09734571464264274,4
0.13355057474380572,0.4757113028802152,-0.16806890936302732,4
0.1328718586767491,0.38476877829487616,-0.2204000664036151,2
0.13212485811818886,0.2846766779903453,-0.25187333883363927,2
0.13134477177457016,0.1801513471095067,-0.26100570436558257,2
0.13056835735630729,0.07611802485813586,-0.24736684544502685,4
0.1298321995524946,-0.022521233031041483,-0.21159942583693214,0
0.1291709861583911,-0.11111853942779319,-0.15538880827450985,4
0.1286158735846446,-0.18549918449562178,-0.0813836400767044,4
0.12819301876554845,-0.24215834824350949,0.0069289512557511035,4
0.12792234664289243,-0.27842624783215925,0.10538767167548269,4
0.12781661130163546,-0.2925939378847919,0.20935314098751703,4
0.12788079499673727,-0.28399383608509726,0.3139265006932729,4
0.12811187338903698,-0.25303117969183914,0.414180248466166,2
0.13059557580368183,0.07976507911201743,0.72754807683246,4
0.13136174693495095,0.18242588283247474,0.7492212351608769,4
0.13214476990760965,0.2873446985173812,0.7482300636508795,4
0.13290774863712543,0.3895777459358573,0.7246212663572604,4
0.13361473152477946,0.48430779840200694,0.6795072910766622,4
0.13423240549892929,0.5670711707551166,0.6150139107476436,4
0.13473166572873405,0.633968048444201,0.5341800569156264,4
0.13508898704534716,0.6818462469991257,0.4408146251152368,4
0.13528753244913597,0.7084497431321632,0.33931699950811534,4
0.13531794647000894,0.7125249786764946,0.23446975366490375,4
0.13517879599766877,0.6938799283143661,0.13121329544169613,4
0.13487663780984677,0.6533931478203765,0.03441307469648114,4
0.13442570961658376,0.5929723764661856,-0.05136967696951744,4
0.13384725917856832,0.5154646442435575,-0.12209287168990224,4
0.13316854311151172,0.4245221196582188,-0.1744240287304899,2
0.1324215425529515,0.3244300193536877,-0.20589730116051408,2
0.13164145620933276,0.21990468847284933,-0.2150296666924575,2
0.1308650417910699,0.11587136622147848,-0.20139080777190177,4
0.1301288839872572,0.017232108332300926,-0.16562338816380695,0
0.1294676705931537,-0.07136519806445078,-0.10941277060138477,4
0.12891255801940724,-0.14574584313227915,-0.03540760240357954,4
0.12848970320031106,-0.20240500688016708,0.052904988928876184,4
0.12821903107765503,-0.23867290646881686,0.15136370934860782,4
0.12811329573639807,-0.25284059652144947,0.2553291786606422,4
0.1281774794314999,-0.24424049472175488,0.359902538366398,2
0.13009801242131838,0.013095565408608283,0.7377032506687335,0
0.130811229686337,0.10866097457879335,0.7810194984509371,4
0.1315774008176061,0.2113217782992509,0.802692656779354,4
0.13236042379026478,0.31624059398415716,0.8017014852693565,4
0.13312340251978055,0.4184736414026335,0.7780926879757373,4
0.13383038540743458,0.5132036938687827,0.7329787126951393,4
0.1344480593815844,0.5959670662218927,0.6684853323661205,4
0.13494731961138917,0.662863943910977,0.5876514785341033,4
0.1353046409280023,0.7107421424659017,0.4942860467337137,4
0.13550318633179112,0.7373456385989391,0.39278842112659224,4
0.13553360035266407,0.7414208741432704,0.2879411752833807,4
0.13539444988032392,0.722775823781142,0.18468471706017292,4
0.1350922916925019,0.6822890432871525,0.08788449631495815,4
0.13464136349923891,0.6218682719329615,0.0021017446489594027,4
0.13406291306122348,0.5443605397103335,-0.06862145007142523,4
0.13338419699416687,0.4534180151249945,-0.12095260711201306,2
0.13263719643560662,0.3533259148204636,-0.15242587954203712,2
0.13185711009198792,0.24880058393962523,-0.16155824507398053,2
0.13108069567372505,0.1447672616882542,-0.14791938615342481,4
0.13034453786991235,0.04612800379907663,-0.11215196654532988,4
0.12968332447580885,-0.04246930259767468,-0.05594134898290787,4
0.12912821190206236,-0.11684994766550334,0.018063819214897636,4
0.1287053570829662,-0.17350911141339115,0.1063764105473532,4
0.12843468496031016,-0.20977701100204105,0.20483513096708522,4
0.12832894961905322,-0.22394470105467357,0.3088006002791187,2
0.12959581756640196,-0.0541945285741794,0.7332322066599128,4
0.1302224741293313,0.029772438832254576,0.7961504799736354,0
0.1309356913943499,0.12533784800243986,0.839466727755839,4
0.13170186252561902,0.22799865172289716,0.8611398860842558,4
0.1324848854982777,0.33291746740780365,0.8601487145742586,4
0.13324786422779347,0.43515051482627976,0.8365399172806394,4
0.1339548471154475,0.5298805672924292,0.7914259420000411,4
0.13457252108959733,0.612643939645539,0.7269325616710225,4
0.1350717813194021,0.6795408173346233,0.6460987078390054,4
0.1354291026360152,0.7274190158895482,0.5527332760386157,4
0.13562764803980404,0.7540225120225856,0.45123565043149444,4
0.135658062060677,0.758097747566917,0.3463884045882827,4
0.13551891158833684,0.7394526972047886,0.2431319463650751,4
0.1352167534005148,0.6989659167107989,0.14633172561986013,4
0.13476582520725183,0.638545145356608,0.06054897395386155,4
0.1341873747692364,0.5610374131339799,-0.010174220766523245,2
0.1335086587021798,0.4700948885486412,-0.06250537780711096,2
0.13276165814361954,0.3700027882441103,-0.09397865023713503,2
0.13198157180000084,0.2654774573632717,-0.10311101576907855,4
0.13120515738173796,0.1614441351119007,-0.08947215684852283,4
0.13046899957792527,0.06280487722272347,-0.05370473724042807,4
0.12980778618382177,-0.025792429174028193,0.002505880321994114,0
0.12925267361007528,-0.10017307424185685,0.07651104851979962,4
0.12882981879097913,-0.15683223798974466,0.16482363985225518,4
0.12855914666832308,-0.19310013757839445,0.26328236027198676,2
0.1291126546874721,-0.1189344899933293,0.7143456206398598,4
0.1296232224574055,-0.0505224923651973,0.7939012070668483,4
0.13024987902033486,0.03344447504123687,0.856819480380571,4
0.13096309628535346,0.12900988421142195,0.9001357281627745,4
0.13172926741662258,0.23167068793187948,0.9218088864911915,4
0.13251229038928125,0.33658950361678575,0.920817714981194,4
0.13327526911879703,0.43882255103526197,0.8972089176875748,4
0.13398225200645109,0.5335526035014113,0.8520949424069767,4
0.1345999259806009,0.6163159758545212,0.787601562077958,4
0.13509918621040568,0.6832128535436056,0.7067677082459407,4
0.13545650752701877,0.7310910520985302,0.6134022764455512,4
0.1356550529308076,0.7576945482315677,0.5119046508384297,4
0.13568546695168054,0.761769783775899,0.40705740499521825,4
0.1355463164793404,0.7431247334137706,0.3038009467720104,4
0.13524415829151837,0.702637952919781,0.20700072602679565,4
0.1347932300982554,0.64221718156559,0.1212179743607969,4
0.13421477966023995,0.5647094493429621,0.05049477964041227,2
0.13353606359318335,0.4737669247576233,-0.0018363774001754485,2
0.1327890630346231,0.3736748244530922,-0.03330964983019963,2
0.1320089766910044,0.2691494935722536,-0.042442015362142926,4
0.13123256227274152,0.16511617132088302,-0.028803156441587263,4
0.13049640446892882,0.06647691343170543,0.0069642631665075005,4
0.12983519107482533,-0.02212039296504626,0.06317488072892974,0
0.12928007850107884,-0.09650103803287487,0.13718004892673524,4
0.12885722368198269,-0.15316020178076256,0.2254926402591907,2
0.12867129044533748,-0.1780737683892078,0.6819334295563491,4
0.12904171144153015,-0.12844031754242563,0.7743776655907656,4
0.12955227921146356,-0.06002831991429348,0.8539332520177543,4
0.13017893577439288,0.02393864749214044,0.9168515253314767,0
0.1308921530394115,0.11950405666232576,0.9601677731136803,4
0.13165832417068063,0.22216486038278307,0.9818409314420973,4
0.1324413471433393,0.32708367606768946,0.9808497599320998,4
0.13320432587285508,0.4293167234861657,0.9572409626384807,4
0.1339113087605091,0.5240467759523151,0.9121269873578824,4
0.13452898273465894,0.6068101483054249,0.8476336070288638,4
0.1350282429644637,0.6737070259945093,0.7667997531968467,4
0.13538556428107681,0.721585224549434,0.673434321396457,4
0.13558410968486562,0.7481887206824714,0.5719366957893356,4
0.1356145237057386,0.7522639562268028,0.4670894499461239,4
0.13547537323339842,0.7336189058646743,0.3638329917229163,4
0.13517321504557642,0.6931321253706846,0.2670327709777013,4
0.1347222868523134,0.6327113540164939,0.18125001931170284,4
0.13414383641429797,0.5552036217938658,0.11052682459131802,2
0.13346512034724137,0.4642610972085268,0.058195667550730246,2
0.13271811978868114,0.3641689969039957,0.026722395120706177,2
0.1319380334450624,0.2596436660231575,0.017590029588762768,4
0.13116161902679954,0.1556103437717865,0.031228888509318486,4
0.13042546122298684,0.05697108588260893,0.06699630811741342,4
0.12976424782888335,-0.03162622051414272,0.12320692567983571,4
0.1292091352551369,-0.10600686558197105,0.1972120938776409,2
0.12829252194679577,-0.2288257177870827,0.6375228975942847,2
0.12850534191200957,-0.20030954459165531,0.7384998058684642,4
0.1288757629082022,-0.15067609374487304,0.8309440419028808,4
0.12938633067813562,-0.08226409611674106,0.9104996283298694,4
0.13001298724106497,0.0017028712896931177,0.973417901643592,0
0.13072620450608358,0.09726828045987819,1.0167341494257955,4
0.1314923756373527,0.19992908418033561,1.0384073077542126,4
0.13227539861001136,0.30484789986524197,1.0374161362442151,4
0.13303837733952714,0.4070809472837182,1.013807338950596,4
0.13374536022718117,0.5018109997498676,0.9686933636699977,4
0.134363034201331,0.5845743721029774,0.9041999833409791,4
0.13486229443113576,0.6514712497920618,0.8233661295089618,4
0.13521961574774888,0.6993494483469864,0.7300006977085723,4
0.1354181611515377,0.7259529444800239,0.6285030721014508,4
0.13544857517241066,0.7300281800243553,0.5236558262582393,4
0.1353094247000705,0.7113831296622268,0.4203993680350315,4
0.13500726651224848,0.6708963491682373,0.3235991472898167,4
0.1345563383189855,0.6104755778140464,0.23781639562381812,4
0.13397788788097006,0.5329678455914183,0.16709320090343333,2
0.13329917181391346,0.44202532100607933,0.11476204386284555,2
0.1325521712553532,0.3419332207015487,0.08328877143282154,4
0.13177208491173448,0.2374078898207101,0.07415640590087808,4
0.1309956704934716,0.13337456756933905,0.0877952648214338,4
0.13025951268965894,0.03473530968016147,0.12356268442952872,4
0.12959829929555544,-0.053861996716589845,0.17977330199195068,2
0.12799419678384413,-0.2687989036051405,0.58320665140527,2
0.12803938762988637,-0.26274369167380757,0.6879581945772699,4
0.12825220759510017,-0.23422751847838016,0.7889351028514496,4
0.1286226285912928,-0.184594067631598,0.8813793388858662,4
0.12913319636122622,-0.11618207000346585,0.9609349253128548,4
0.12975985292415557,-0.032215102597031926,1.0238531986265773,4
0.13047307018917417,0.06335030657315328,1.0671694464087809,4
0.1312392413204433,0.1660111102936107,1.0888426047371977,4
0.13202226429310196,0.27092992597851706,1.0878514332272005,4
0.13278524302261774,0.3731629733969933,1.0642426359335813,4
0.13349222591027177,0.4678930258631427,1.019128660652983,4
0.1341098998844216,0.5506563982162526,0.9546352803239644,4
0.13460916011422636,0.6175532759053368,0.8738014264919473,4
0.13496648143083947,0.6654314744602616,0.7804359946915576,4
0.1351650268346283,0.6920349705932991,0.6789383690844362,4
0.13519544085550125,0.6961102061376304,0.5740911232412245,4
0.13505629038316108,0.6774651557755019,0.47083466501801685,4
0.13475413219533908,0.6369783752815124,0.3740344442728021,4
0.13430320400207607,0.5765576039273215,0.2882516926068034,2
0.13372475356406066,0.49904987170469345,0.21752849788641862,2
0.13304603749700405,0.40810734711935487,0.16519734084583093,2
0.1322990369384438,0.3080152468148238,0.13372406841580686,4
0.13151895059482507,0.2034899159339852,0.12459170288386334,4
0.1307425361765622,0.09945659368261413,0.13823056180441906,4
0.13000637837274953,0.0008173357934369222,0.17399798141251377,0
0.12779037205418564,-0.2961097871804395,0.5215440754273762,2
0.12766580438596337,-0.3128008584246667,0.6251343551561106,4
0.1277109952320056,-0.30674564649333375,0.7298858983281107,4
0.12792381519721938,-0.2782294732979064,0.8308628066022903,4
0.12829423619341201,-0.22859602245112412,0.9233070426367069,4
0.12880480396334545,-0.16018402482299213,1.0028626290636955,4
0.12943146052627477,-0.07621705741655811,1.065780902377418,4
0.13014467779129338,0.019348351753627112,1.1090971501596216,0
0.1309108489225625,0.12200915547408452,1.1307703084880387,4
0.1316938718952212,0.2269279711589909,1.129779136978041,4
0.13245685062473697,0.329161018577467,1.106170339684422,4
0.133163833512391,0.4238910710436166,1.0610563644038238,4
0.1337815074865408,0.5066544433967263,0.9965629840748051,4
0.1342807677163456,0.5735513210858108,0.9157291302427879,4
0.1346380890329587,0.6214295196407353,0.8223636984423983,4
0.1348366344367475,0.6480330157737728,0.7208660728352769,4
0.13486704845762046,0.6521082513181042,0.6160188269920653,4
0.13472789798528031,0.6334632009559757,0.5127623687688577,4
0.1344257397974583,0.5929764204619862,0.41596214802364273,4
0.1339748116041953,0.5325556491077952,0.33017939635764404,2
0.13339636116617987,0.4550479168851675,0.25945620163725946,2
0.13271764509912326,0.36410539229982847,0.20712504459667166,4
0.13197064454056304,0.2640132919952974,0.1756517721666475,4
0.1311905581969443,0.1594879611144588,0.16651940663470421,4
0.13041414377868144,0.055454638863088164,0.18015826555525985,2
0.12769065199003043,-0.30947147821188364,0.45544071355294125,2
0.12740219544276152,-0.3481223484580672,0.5529885502931493,2
0.12727762777453924,-0.36481341970229436,0.656578830021884,4
0.12732281862058148,-0.35875820777096146,0.7613303731938839,4
0.12753563858579525,-0.33024203457553397,0.8623072814680637,4
0.1279060595819879,-0.2806085837287518,0.9547515175024801,4
0.12841662735192133,-0.2121965861006197,1.0343071039294687,4
0.12904328391485065,-0.12822961869418564,1.0972253772431912,4
0.12975650117986925,-0.03266420952400046,1.1405416250253948,4
0.13052267231113837,0.06999659419645694,1.1622147833538117,4
0.13130569528379704,0.17491540988136323,1.1612236118438144,4
0.13206867401331285,0.27714845729983956,1.137614814550195,4
0.13277565690096688,0.3718785097659889,1.092500839269597,4
0.13339333087511668,0.4546418821190988,1.028007458940578,4
0.13389259110492147,0.5215387598081831,0.9471736051085611,4
0.13424991242153456,0.5694169583631078,0.8538081733081713,4
0.1344484578253234,0.5960204544961452,0.75231054770105,4
0.13447887184619634,0.6000956900404766,0.6474633018578385,4
0.1343397213738562,0.5814506396783481,0.5442068436346307,4
0.1340375631860342,0.5409638591843584,0.4474066228894157,4
0.13358663499277118,0.4805430878301677,0.3616238712234173,2
0.13300818455475574,0.4030353556075396,0.29090067650303253,2
0.13232946848769914,0.3120928310222006,0.23856951946244476,4
0.1315824679291389,0.21200073071766948,0.20709624703242063,4
0.13080238158552018,0.1074753998368313,0.19796388150047728,2
0.12769973540615803,-0.3082543731003361,0.38801135974428846,4
0.1272609820678445,-0.3670438112663106,0.4749202941889039,2
0.12697252552057559,-0.40569468151249427,0.5724681309291122,4
0.1268479578523533,-0.4223857527567214,0.6760584106578466,4
0.12689314869839555,-0.4163305408253885,0.7808099538298466,4
0.12710596866360935,-0.38781436762996113,0.8817868621040262,4
0.127476389659802,-0.3381809167831789,0.9742310981384429,4
0.1279869574297354,-0.26976891915504686,1.0537866845654313,4
0.12861361399266474,-0.18580195174861286,1.116704957879154,4
0.12932683125768335,-0.09023654257842766,1.1600212056613577,4
0.13009300238895247,0.012424261142029658,1.1816943639897746,0
0.13087602536161114,0.11734307682693614,1.180703192479777,4
0.13163900409112692,0.21957612424541226,1.1570943951861579,4
0.13234598697878094,0.31430617671156186,1.1119804199055596,4
0.13296366095293077,0.3970695490646716,1.047487039576541,4
0.13346292118273553,0.4639664267537561,0.9666531857445237,4
0.13382024249934865,0.5118446253086806,0.8732877539441343,4
0.13401878790313748,0.538448121441718,0.771790128337013,4
0.13404920192401043,0.5425233569860495,0.6669428824938013,4
0.13391005145167026,0.523878306623921,0.5636864242705935,4
0.13360789326384825,0.4833915261299315,0.46688620352537885,2
0.13315696507058525,0.42297075477574064,0.3811034518593801,2
0.13257851463256984,0.34546302255311256,0.3103802571389953,4
0.13189979856551323,0.25452049796777354,0.25804910009840754,4
0.13115279800695298,0.15442839766324284,0.22657582766838352,2
0.12781719429151261,-0.2925158219040311,0.3224332887749087,2
0.1272488182430238,-0.36867366650548933,0.3946081672645114,0
0.12681006490471028,-0.4274631046714639,0.481517101709127,1
0.1265216083574414,-0.4661139749176475,0.5790649384493352,3
0.1263970406892191,-0.48280504616187464,0.6826552181780697,2
0.12644223153526132,-0.47674983423054174,0.7874067613500696,2
0.12665505150047512,-0.4482336610351143,0.8883836696242493,3
0.12702547249666776,-0.3986002101883321,0.9808279056586658,4
0.12753604026660117,-0.3301882125602,1.0603834920856545,3
0.12816269682953052,-0.24622124515376592,1.1233017653993769,3
0.12887591409454913,-0.15065583598358084,1.1666180131815804,4
0.12964208522581824,-0.047995032263123336,1.1882911715099975,3
0.1304251081984769,0.056923783421782934,1.1873,2
0.1311880869279927,0.15915683084025925,1.1636912027063808,2
0.13189506981564672,0.25388688330640863,1.1185772274257828,2
0.13251274378979655,0.3366502556595185,1.054083847096764,3
0.1330120040196013,0.40354713334860287,0.9732499932647467,3
0.13336932533621443,0.45142533190352746,0.8798845614643572,4
0.13356787074000326,0.47802882803656493,0.7783869358572357,4
0.1335982847608762,0.48210406358089625,0.673539690014024,2
0.13345913428853606,0.46345901321876787,0.5702832317908166,4
0.13315697610071403,0.42297223272477824,0.47348301104560164,2
0.13270604790745105,0.3625514613705873,0.3877002593796029,1
0.13212759746943561,0.2850437291479591,0.3169770646592181,3
0.131448881402379,0.19410120456262048,0.26464590761863055,2
0.12803749397710684,-0.26299742600074844,0.2617965428714626,4
0.1273662771283784,-0.35293511530918426,0.3158364812546855,2
0.1267979010798896,-0.42909295991064267,0.3880113597442884,2
0.12635914774157608,-0.48788239807661715,0.4749202941889038,2
0.12607069119430717,-0.5265332683228009,0.5724681309291121,4
0.1259461235260849,-0.543224339567028,0.6760584106578464,4
0.12599131437212713,-0.5371691276356951,0.7808099538298465,4
0.1262041343373409,-0.5086529544402677,0.8817868621040261,4
0.12657455533353354,-0.4590195035934855,0.9742310981384428,4
0.12708512310346698,-0.39060750596535343,1.0537866845654313,4
0.1277117796663963,-0.30664053855891943,1.116704957879154,4
0.1284249969314149,-0.21107512938873416,1.1600212056613575,4
0.12919116806268402,-0.10841432566827687,1.1816943639897743,4
0.1299741910353427,-0.0034955099833703864,1.180703192479777,0
0.1307371697648585,0.09873753743510573,1.1570943951861579,4
0.13144415265251252,0.19346758990125532,1.1119804199055596,4
0.13206182662666233,0.27623096225436505,1.047487039576541,4
0.13256108685646711,0.3431278399434494,0.966653185744524,4
0.1329184081730802,0.3910060384983741,0.8732877539441343,4
0.13311695357686903,0.4176095346314116,0.7717901283370128,4
0.13314736759774198,0.42168477017574296,0.6669428824938014,4
0.13300821712540184,0.4030397198136145,0.5636864242705937,4
0.13270605893757983,0.3625529393196249,0.46688620352537863,2
0.13225513074431683,0.30213216796543396,0.3811034518593799,4
0.1316766803063014,0.2246244357428062,0.3103802571389953,2
0.12835025392992194,-0.2210900937910575,0.20895832875807696,4
0.12760782405492094,-0.3205697590551754,0.24231696223549987,4
0.1269366072061925,-0.41050744836361136,0.29635690061872294,2
0.12636823115770368,-0.4866652929650696,0.3685317791083257,2
0.12592947781939015,-0.5454547311310443,0.45544071355294125,4
0.12564102127212123,-0.5841056013772279,0.5529885502931493,4
0.12551645360389896,-0.600796672621455,0.6565788300218839,4
0.1255616444499412,-0.594741460690122,0.7613303731938839,4
0.125774464415155,-0.5662252874946947,0.8623072814680635,4
0.12614488541134763,-0.5165918366479124,0.9547515175024801,4
0.12665545318128105,-0.44817983901978037,1.0343071039294687,4
0.1272821097442104,-0.3642128716133462,1.0972253772431912,4
0.127995327009229,-0.2686474624431611,1.1405416250253948,4
0.12876149814049812,-0.1659866587227036,1.1622147833538117,4
0.12954452111315679,-0.061067843037797345,1.1612236118438144,4
0.13030749984267256,0.041165204380678964,1.137614814550195,4
0.1310144827303266,0.13589525684682835,1.092500839269597,4
0.13163215670447642,0.21865862919993811,1.0280074589405783,4
0.13213141693428118,0.2855555068890226,0.9471736051085611,4
0.1324887382508943,0.3334337054439473,0.8538081733081713,4
0.13268728365468313,0.36003720157698466,0.7523105477010502,4
0.13271769767555608,0.364112437121316,0.6474633018578385,4
0.1325785472032159,0.3454673867591876,0.5442068436346307,2
0.1322763890153939,0.30498060626519785,0.4474066228894157,2
0.1318254608221309,0.24455983491100713,0.3616238712234173,2
0.12874073688418108,-0.16876850101976795,0.16640838592202534,4
0.12796207731849782,-0.2731026550686851,0.1775138538923037,4
0.12721964744349679,-0.37258232033280314,0.21087248736972666,2
0.12654843059476836,-0.46252000964123896,0.2649124257529496,2
0.12598005454627956,-0.5386778542426974,0.3370873042425525,2
0.12554130120796603,-0.5974672924086719,0.4239962386871679,4
0.1252528446606971,-0.6361181626548555,0.521544075427376,4
0.12512827699247484,-0.6528092338990827,0.6251343551561106,4
0.12517346783851707,-0.6467540219677499,0.7298858983281106,4
0.12538628780373084,-0.6182378487723225,0.8308628066022903,4
0.1257567087999235,-0.5686043979255403,0.9233070426367068,4
0.12626727656985692,-0.5001924002974082,1.0028626290636953,4
0.12689393313278624,-0.4162254328909742,1.0657809023774178,4
0.12760715039780487,-0.3206600237207889,1.1090971501596216,4
0.128373321529074,-0.2179992200003316,1.1307703084880385,4
0.12915634450173266,-0.11308040431542511,1.129779136978041,4
0.12991932323124844,-0.010847356896948997,1.106170339684422,0
0.13062630611890247,0.0838826955692004,1.0610563644038238,4
0.1312439800930523,0.16664606792231035,0.9965629840748051,4
0.13174324032285706,0.23354294561139483,0.9157291302427878,4
0.13210056163947018,0.2814211441663193,0.8223636984423985,4
0.13229910704325898,0.3080246402993569,0.720866072835277,4
0.13232952106413196,0.31209987584368826,0.6160188269920652,4
0.13219037059179178,0.2934548254815598,0.5127623687688575,2
0.13188821240396978,0.25296804498757025,0.41596214802364284,2
0.1291905432621044,-0.10849804394876351,0.1361516699553501,4
0.1284123444863003,-0.2127704558392941,0.12448068217118458,4
0.12763368492061702,-0.31710460988821143,0.13558615014146302,4
0.12689125504561602,-0.41658427515232926,0.16894478361888587,2
0.12622003819688757,-0.5065219644607654,0.22298472200210898,2
0.1256516621483988,-0.5826798090622236,0.29515960049171175,2
0.12521290881008526,-0.6414692472281982,0.3820685349363273,4
0.12492445226281634,-0.6801201174743817,0.47961637167653537,4
0.12479988459459405,-0.6968111887186089,0.58320665140527,4
0.12484507544063629,-0.690755976787276,0.6879581945772699,4
0.12505789540585008,-0.6622398035918486,0.7889351028514495,4
0.12542831640204272,-0.6126063527450664,0.8813793388858662,4
0.12593888417197613,-0.5441943551169344,0.9609349253128546,4
0.12656554073490547,-0.46022738771050015,1.0238531986265773,4
0.12727875799992408,-0.36466197854031507,1.0671694464087809,4
0.1280449291311932,-0.2620011748198575,1.0888426047371977,4
0.12882795210385187,-0.15708235913495125,1.0878514332272005,4
0.12959093083336765,-0.05484931171647515,1.064242635933581,4
0.1302979137210217,0.039880740749674425,1.019128660652983,4
0.1309155876951715,0.1226441131027843,0.9546352803239643,4
0.1314148479249763,0.18954099079186856,0.8738014264919473,4
0.13177216924158938,0.23741918934679326,0.7804359946915576,4
0.1319707146453782,0.2640226854798307,0.678938369084436,4
0.13200112866625116,0.268097921024162,0.5740911232412244,2
0.13186197819391102,0.24945287066203367,0.47083466501801696,2
0.1296784781630025,-0.043118669752710205,0.11961387893966718,4
0.128937408945195,-0.14241601783548835,0.0857163729723649,4
0.12815921016939089,-0.24668842972601918,0.07404538518819931,4
0.12738055060370762,-0.3510225837749363,0.08515085315847776,4
0.12663812072870662,-0.45050224903905434,0.11850948663590077,2
0.12596690387997816,-0.5404399383474902,0.17254942501912374,2
0.1253985278314894,-0.6165977829489484,0.24472430350872648,4
0.12495977449317584,-0.675387221114923,0.3316332379533421,4
0.12467131794590694,-0.7140380913611066,0.42918107469355027,4
0.12454675027768465,-0.7307291626053337,0.5327713544222847,4
0.12459194112372689,-0.7246739506740009,0.6375228975942847,4
0.12480476108894067,-0.6961577774785733,0.7384998058684644,4
0.1251751820851333,-0.6465243266317912,0.8309440419028808,4
0.12568574985506673,-0.5781123290036589,0.9104996283298696,4
0.12631240641799607,-0.49414536159722494,0.973417901643592,4
0.12702562368301468,-0.39857995242703964,1.0167341494257958,4
0.1277917948142838,-0.29591914870658237,1.0384073077542126,4
0.12857481778694246,-0.1910003330216761,1.0374161362442151,4
0.12933779651645827,-0.08876728560319981,1.013807338950596,4
0.1300447794041123,0.00596276686294974,0.9686933636699976,0
0.1306624533782621,0.08872613921605933,0.9041999833409791,4
0.1311617136080669,0.15562301690514382,0.8233661295089618,4
0.13151903492467998,0.20350121546006852,0.7300006977085721,4
0.1317175803284688,0.23010471159310594,0.6285030721014506,2
0.13174799434934176,0.23417994713743726,0.5236558262582393,1
0.1301815500681351,0.024288941944363367,0.11757427447597735,0
0.12951252962967455,-0.06535444595515748,0.06304750262755199,4
0.12877146041186707,-0.1646517940379358,0.029149996660249533,4
0.12799326163606295,-0.2689242059284664,0.017479008876084,4
0.1272146020703797,-0.3732583599773837,0.02858447684636245,2
0.12647217219537868,-0.4727380252415016,0.0619431103237853,2
0.12580095534665026,-0.5626757145499375,0.11598304870700826,2
0.12523257929816145,-0.6388335591513958,0.18815792719661115,4
0.12479382595984792,-0.6976229973173704,0.27506686164122673,4
0.124505369412579,-0.7362738675635541,0.3726146983814348,4
0.12438080174435673,-0.7529649388077813,0.47620497811016926,4
0.12442599259039896,-0.7469097268764483,0.5809565212821693,4
0.12463881255561275,-0.7183935536810209,0.681933429556349,4
0.12500923355180538,-0.6687601028342387,0.7743776655907656,4
0.12551980132173882,-0.6003481052061066,0.853933252017754,4
0.12614645788466813,-0.5163811377996725,0.9168515253314767,4
0.12685967514968677,-0.42081572862948735,0.9601677731136803,4
0.12762584628095588,-0.31815492490903,0.9818409314420972,4
0.12840886925361455,-0.21323610922412356,0.9808497599320998,4
0.12917184798313033,-0.11100306180564727,0.9572409626384806,4
0.12987883087078436,-0.016273009339498053,0.9121269873578824,0
0.1304965048449342,0.06649036301361187,0.8476336070288638,4
0.13099576507473895,0.13338724070269636,0.7667997531968465,4
0.13135308639135207,0.18126543925762106,0.6734343213964568,4
0.13155163179514087,0.20786893539065843,0.5719366957893357,1
0.1306760542023095,0.09054854085843193,0.13012896283616904,4
0.13011060682219314,0.014783114395267187,0.05754222952507165,0
0.1294415863837326,-0.07486027350425377,0.003015457676646127,4
0.12870051716592512,-0.17415762158703188,-0.030882048290656217,4
0.127922318390121,-0.2784300334775627,-0.04255303607482186,4
0.12714365882443773,-0.38276418752647984,-0.031447568104543466,2
0.12640122894943673,-0.4822438527905977,0.0019110653728793836,2
0.12573001210070828,-0.5721815420990337,0.0559510037561024,2
0.12516163605221947,-0.6483393867004922,0.1281258822457053,4
0.12472288271390596,-0.7071288248664667,0.2150348166903207,4
0.12443442616663704,-0.7457796951126503,0.3125826534305287,4
0.12430985849841476,-0.7624707663568775,0.4161729331592634,4
0.124355049344457,-0.7564155544255446,0.5209244763312633,4
0.12456786930967079,-0.7278993812301172,0.6219013846054431,4
0.12493829030586343,-0.678265930383335,0.7143456206398596,4
0.12544885807579684,-0.6098539327552029,0.7939012070668483,4
0.12607551463872618,-0.525886965348769,0.8568194803805708,4
0.1267887319037448,-0.4303215561785838,0.9001357281627744,4
0.1275549030350139,-0.32766075245812637,0.9218088864911913,4
0.12833792600767258,-0.22274193677321985,0.9208177149811939,4
0.12910090473718835,-0.12050888935474398,0.8972089176875748,4
0.12980788762484238,-0.025778836888594343,0.8520949424069766,0
0.1304255615989922,0.05698453546451559,0.787601562077958,4
0.13092482182879697,0.12388141315360006,0.7067677082459407,4
0.1312821431454101,0.17175961170852455,0.6134022764455513,1
0.13113868950416058,0.15253797112947193,0.15668636643032358,4
0.13070345909331305,0.09422057706741403,0.06945996242923363,4
0.1301380117131967,0.018455150604248953,-0.0031267708818639717,0
0.12946899127473616,-0.07118823729527186,-0.05765354273028939,4
0.12872792205692868,-0.1704855853780502,-0.09155104869759179,4
0.12794972328112456,-0.2747579972685808,-0.10322203648175732,4
0.1271710637154413,-0.3790921513174979,-0.09211656851147887,2
0.12642863384044029,-0.478571816581616,-0.0587579350340558,2
0.12575741699171183,-0.568509505890052,-0.004717996650832779,4
0.12518904094322303,-0.6446673504915102,0.06745688183876997,4
0.12475028760490951,-0.7034567886574847,0.15436581628338547,4
0.12446183105764061,-0.7421076589036684,0.2519136530235938,4
0.12433726338941832,-0.7587987301478953,0.35550393275232817,4
0.12438245423546056,-0.7527435182165625,0.4602554759243283,4
0.12459527420067434,-0.724227345021135,0.5612323841985078,4
0.12496569519686698,-0.6745938941743528,0.6536766202329245,4
0.1254762629668004,-0.6061818965462207,0.7332322066599131,4
0.12610291952972974,-0.5222149291397866,0.7961504799736354,4
0.12681613679474835,-0.4266495199696013,0.8394667277558391,4
0.12758230792601746,-0.3239887162491438,0.8611398860842561,4
0.12836533089867613,-0.21906990056423775,0.8601487145742586,4
0.1291283096281919,-0.11683685314576146,0.8365399172806394,4
0.12983529251584597,-0.02210680067961191,0.791425942000041,0
0.13045296648999577,0.060656571673497965,0.7269325616710223,4
0.13095222671980056,0.12755344936258217,0.6460987078390052,1
0.13154765657341433,0.20733628747329547,0.1959950989745305,4
0.1312631512121735,0.16921484455311842,0.0982391371254216,4
0.13082792080132596,0.11089745049106052,0.011012733124331653,4
0.1302624734212096,0.03513202402789566,-0.06157400018676584,4
0.12959345298274907,-0.05451136387162537,-0.11610077203519142,4
0.1288523837649416,-0.15380871195440352,-0.14999827800249366,4
0.12807418498913747,-0.2580811238449341,-0.1616692657866593,2
0.1272955254234542,-0.3624152778938515,-0.15056379781638085,2
0.1265530955484532,-0.4618949431579695,-0.11720516433895778,2
0.12588187869972475,-0.5518326324664053,-0.06316522595573482,4
0.12531350265123598,-0.6279904770678636,0.009009652533867929,4
0.12487474931292243,-0.6867799152338382,0.09591858697848349,4
0.12458629276565353,-0.7254307854800217,0.1934664237186916,4
0.12446172509743124,-0.7421218567242489,0.29705670344742624,4
0.12450691594347348,-0.7360666447929161,0.4018082466194261,4
0.12471973590868726,-0.7075504715974885,0.5027851548936059,4
0.1250901569048799,-0.6579170207507063,0.5952293909280224,4
0.1256007246748133,-0.5895050231225744,0.6747849773550109,4
0.12622738123774266,-0.5055380557161402,0.7377032506687335,4
0.12694059850276126,-0.40997264654595483,0.7810194984509371,4
0.12770676963403038,-0.3073118428254978,0.802692656779354,4
0.12848979260668905,-0.20239302714059126,0.8017014852693565,4
0.12925277133620483,-0.10015997972211498,0.7780926879757373,4
0.1299597542238589,-0.005429927255965424,0.732978712695139,0
0.1305774281980087,0.07733344509714417,0.6684853323661206,2
0.13188368485979948,0.2523613902802419,0.2462029308798035,4
0.13176331045606948,0.23623218294007156,0.14252367735605387,4
0.13147880509482865,0.1981107400198944,0.04476771550694458,4
0.1310435746839811,0.13979334595783652,-0.04245868849414541,4
0.13047812730386477,0.06402791949467164,-0.11504542180524291,4
0.1298091068654042,-0.02561546840484919,-0.16957219365366827,0
0.12906803764759675,-0.12491281648762732,-0.2034696996209706,4
0.12828983887179263,-0.22918522837815813,-0.21514068740513625,2
0.12751117930610936,-0.33351938242707546,-0.2040352194348578,2
0.12676874943110833,-0.4329990476911933,-0.17067658595743496,2
0.1260975325823799,-0.5229367369996292,-0.116636647574212,4
0.1255291565338911,-0.5990945816010876,-0.04446176908460914,4
0.12509040319557757,-0.6578840197670621,0.042447165360006256,4
0.12480194664830867,-0.6965348900132458,0.13999500210021454,4
0.12467737898008638,-0.713225961257473,0.24358528182894895,4
0.12472256982612862,-0.70717074932614,0.3483368250009491,4
0.1249353897913424,-0.6786545761307127,0.44931373327512864,4
0.12530581078753505,-0.6290211252839305,0.5417579693095451,4
0.12581637855746847,-0.5606091276557984,0.6213135557365338,4
0.12644303512039778,-0.4766421602493642,0.6842318290502565,4
0.12715625238541642,-0.3810767510791792,0.7275480768324599,4
0.12792242351668554,-0.27841594735872177,0.7492212351608769,4
0.1287054464893442,-0.17349713167381528,0.7482300636508794,4
0.12946842521885998,-0.07126408425533899,0.7246212663572602,4
0.130175408106514,0.023465968210810227,0.6795072910766622,0
0.1321309406924115,0.2854916942874847,0.3049440664098083,4
0.1321803692945621,0.2921147316435843,0.20022689320667836,4
0.1320599948908321,0.275985524303414,0.09654763968292873,4
0.13177548952959126,0.23786408138323709,-0.0012083221661802201,4
0.1313402591187437,0.17954668732117898,-0.08843472616727055,4
0.13077481173862737,0.10378126085801422,-0.16102145947836788,4
0.13010579130016683,0.014137872958493496,-0.21554823132679335,0
0.12936472208235936,-0.08515947512428486,-0.2494457372940958,4
0.12858652330655523,-0.18943188701481567,-0.26111672507826145,2
0.12780786374087197,-0.2937660410637328,-0.2500112571079831,2
0.12706543386587096,-0.39324570632785066,-0.21665262363056015,2
0.1263942170171425,-0.4831833956362867,-0.16261268524733719,4
0.1258258409686537,-0.559341240237745,-0.0904378067577345,4
0.12538708763034018,-0.6181306784037196,-0.003528872313118825,4
0.1250986310830713,-0.6567815486499032,0.09401896442708918,4
0.124974063414849,-0.6734726198941304,0.19760924415582382,4
0.12501925426089122,-0.6674174079627976,0.3023607873278237,4
0.12523207422610502,-0.6389012347673703,0.4033376956020033,4
0.12560249522229766,-0.589267783920588,0.49578193163642004,4
0.12611306299223107,-0.5208557862924559,0.5753375180634086,4
0.12673971955516042,-0.4368888188860221,0.6382557913771311,4
0.12745293682017902,-0.3413234097158368,0.6815720391593347,4
0.12821910795144814,-0.2386626059953793,0.7032451974877517,4
0.1290021309241068,-0.13374379031047282,0.7022540259777543,4
0.1297651096536226,-0.031510742891996936,0.6786452286841352,2
0.1322777733631361,0.3051660977905792,0.3694506201030392,4
0.13249467589277888,0.33422930196696715,0.26862980604683573,4
0.13254410449492948,0.34085233932306674,0.16391263284370622,4
0.1324237300911995,0.3247231319828963,0.06023337931995615,4
0.13213922472995865,0.28660168906271927,-0.03752258252915275,4
0.13170399431911112,0.22828429500066136,-0.12474898653024269,4
0.13113854693899477,0.1525188685374965,-0.19733571984134013,4
0.13046952650053423,0.06287548063797545,-0.2518624916897657,4
0.12972845728272675,-0.03642186744480288,-0.28575999765706805,2
0.12895025850692263,-0.14069427933533352,-0.2974309854412336,2
0.12817159894123936,-0.24502843338425062,-0.28632551747095514,2
0.12742916906623836,-0.3445080986483687,-0.2529668839935322,2
0.1267579522175099,-0.4344457879568045,-0.1989269456103091,4
0.12618957616902113,-0.5106036325582629,-0.1267520671207063,4
0.1257508228307076,-0.5693930707242374,-0.03984313267609085,4
0.12546236628343868,-0.608043940970421,0.057704704064117485,4
0.1253377986152164,-0.6247350122146481,0.1612949837928519,4
0.12538298946125864,-0.6186798002833152,0.26604652696485176,4
0.12559580942647242,-0.5901636270878877,0.3670234352390315,4
0.12596623042266505,-0.5405301762411054,0.45946767127344823,4
0.1264767981925985,-0.4721181786129735,0.5390232577004366,4
0.1271034547555278,-0.38815121120653934,0.6019415310141591,4
0.12781667202054642,-0.29258580203635404,0.6452577787963627,4
0.12858284315181556,-0.1899249983158965,0.6669309371247797,4
0.12936586612447423,-0.08500618263099045,0.6659397656147822,2
0.08715672573768557,0.1964587063914476,0.6659397656147822,4
0.06525803750609128,0.29632174046685267,0.6423309683211631,4
0.04496651790942638,0.38885571745639447,0.5972169930405649,4
0.027238304441062622,0.4697004313937816,0.5327236127115462,4
0.012908751471915753,0.53504647501564,0.4518897588795289,4
0.0026530683076166073,0.5818147392363868,0.3585243270791394,4
-0.0030454967102400976,0.6078015009337429,0.257026701472018,4
-0.003918426891909466,0.6117822625006265,0.15217945562880641,4
7.541027965893288e-05,0.5935694502381762,0.04892299740559869,4
0.008747824982408364,0.5540212528385159,-0.04787722333961619,4
0.02169017256969885,0.4950011834874838,-0.13365997500561477,4
0.03829260892800776,0.41929027102321503,-0.20438316972599957,4
0.057772826364317076,0.33045601770790456,-0.25671432676658723,2
0.07921291598663092,0.23268429832957951,-0.2881875991966114,2
0.10160261962027259,0.1305821215572406,-0.2973199647285548,2
0.12388693322734234,0.028960547444908183,-0.2836811058079991,0
0.14501581875365352,-0.06739200997655208,-0.24791368619990428,4
0.1639936819782497,-0.1539354130257789,-0.1917030686374822,4
0.17992628496657537,-0.226591731902338,-0.11769790043967676,4
0.19206288260998677,-0.2819373969579676,-0.029385309107221147,4
0.19983159777559842,-0.31736451748230543,0.06907341131251044,4
0.2028663681875033,-0.33120376565324605,0.17303888062454437,4
0.20102419530087712,-0.32280303535358723,0.2776122403303007,4
0.19439188240109162,-0.2925581694463013,0.3778659881031942,4
0.18328194442824525,-0.24189430763756947,0.46907616196294777,2
0.09919094353370893,0.141579916889286,0.7032451974877518,4
0.0767169540329652,0.2440664565206908,0.7022540259777544,4
0.05481826580137086,0.34392949059609607,0.6786452286841352,4
0.03452674620470603,0.4364634675856377,0.6335312534035371,4
0.016798532736342214,0.5173081815230249,0.5690378730745184,4
0.002468979767195373,0.5826542251448831,0.4882040192425011,4
-0.0077867033971037725,0.6294224893656301,0.3948385874421116,4
-0.013485268414960477,0.655409251062986,0.29334096183499014,4
-0.014358198596629818,0.6593900126298696,0.1884937159917785,4
-0.010364361425061419,0.6411772003674194,0.08523725776857083,4
-0.0016919467223120155,0.6016290029677591,-0.011562962976643942,4
0.0112504008649785,0.5426089336167268,-0.09734571464264274,4
0.027852837223287394,0.4668980211524582,-0.16806890936302732,4
0.04733305465959674,0.37806376783714757,-0.2204000664036151,2
0.06877314428191056,0.2802920484588227,-0.25187333883363927,2
0.09116284791555226,0.1781898716864836,-0.26100570436558257,2
0.11344716152262198,0.07656829757415139,-0.24736684544502685,4
0.13457604704893314,-0.019784259847308874,-0.21159942583693214,0
0.15355391027352935,-0.10632766289653582,-0.15538880827450985,4
0.16948651326185502,-0.17898398177309485,-0.0813836400767044,4
0.18162311090526642,-0.2343296468287244,0.0069289512557511035,4
0.18939182607087804,-0.26975676735306225,0.10538767167548269,4
0.19242659648278296,-0.2835960155240029,0.20935314098751703,4
0.19058442359615674,-0.275195285224344,0.3139265006932729,4
0.1839521106963713,-0.24495041931705822,0.414180248466166,2
0.11266594932083224,0.08013080414543068,0.72754807683246,4
0.09067563414342421,0.1804116780802489,0.7492212351608769,4
0.06820164464268044,0.2828982177116539,0.7482300636508795,4
0.046302956411086144,0.382761251787059,0.7246212663572604,4
0.02601143681442125,0.4752952287766008,0.6795072910766622,4
0.00828322334605748,0.5561399427139879,0.6150139107476436,4
-0.006046329623089375,0.6214859863358462,0.5341800569156264,4
-0.016302012787388548,0.6682542505565932,0.4408146251152368,4
-0.022000577805245253,0.6942410122539492,0.33931699950811534,4
-0.022873507986914593,0.6982217738208328,0.23446975366490375,4
-0.018879670815346195,0.6800089615583825,0.13121329544169613,4
-0.010207256112596791,0.6404607641587222,0.03441307469648114,4
0.002735091474693724,0.5814406948076901,-0.05136967696951744,4
0.019337527833002632,0.5057297823434214,-0.12209287168990224,4
0.038817745269311935,0.4168955290281109,-0.1744240287304899,2
0.06025783489162578,0.3191238096497858,-0.20589730116051408,2
0.08264753852526745,0.21702163287744694,-0.2150296666924575,2
0.10493185213233716,0.11540005876511471,-0.20139080777190177,4
0.12606073765864836,0.019047501343654252,-0.16562338816380695,0
0.14503860088324458,-0.0674959017055727,-0.10941277060138477,4
0.1609712038715702,-0.1401522205821315,-0.03540760240357954,4
0.17310780151498167,-0.19549788563776127,0.052904988928876184,4
0.1808765166805933,-0.2309250061620991,0.15136370934860782,4
0.18391128709249818,-0.24476425433303972,0.2553291786606422,4
0.182069114205872,-0.23636352403338085,0.359902538366398,2
0.1269468001025444,0.015006853653165524,0.7377032506687335,0
0.10647634408086064,0.10835682172491327,0.7810194984509371,4
0.08448602890345257,0.20863769565973173,0.802692656779354,4
0.06201203940270884,0.31112423529113653,0.8017014852693565,4
0.0401133511711145,0.4109872693665418,0.7780926879757373,4
0.019821831574449666,0.5035212463560834,0.7329787126951393,4
0.002093618106085854,0.5843659602934707,0.6684853323661205,4
-0.012235934863060988,0.6497120039153289,0.5876514785341033,4
-0.022491618027360133,0.6964802681360759,0.4942860467337137,4
-0.028190183045216838,0.7224670298334318,0.39278842112659224,4
-0.029063113226886206,0.7264477914003155,0.2879411752833807,4
-0.02506927605531778,0.7082349791378652,0.18468471706017292,4
-0.016396861352568376,0.6686867817382048,0.08788449631495815,4
-0.0034545137652778612,0.6096667123871725,0.0021017446489594027,4
0.013147922593031033,0.533955799922904,-0.06862145007142523,4
0.03262814002934038,0.4451215466075933,-0.12095260711201306,2
0.0540682296516542,0.34734982722926844,-0.15242587954203712,2
0.07645793328529586,0.2452476504569295,-0.16155824507398053,2
0.09874224689236562,0.14362607634459712,-0.14791938615342481,4
0.11987113241867683,0.04727351892313668,-0.11215196654532988,4
0.13884899564327297,-0.03926988412608999,-0.05594134898290787,4
0.15478159863159863,-0.11192620300264909,0.018063819214897636,4
0.16691819627501006,-0.16727186805827868,0.1063764105473532,4
0.1746869114406217,-0.20269898858261662,0.20483513096708522,4
0.17772168185252657,-0.21653823675355713,0.3088006002791187,2
0.1413605814229028,-0.05072329054212425,0.7332322066599128,4
0.12337455354427355,0.0312971161566369,0.7961504799736354,0
0.10290409752258975,0.12464708422838482,0.839466727755839,4
0.08091378234518173,0.22492795816320307,0.8611398860842558,4
0.058439792844437954,0.3274144977946081,0.8601487145742586,4
0.03654110461284367,0.4272775318700131,0.8365399172806394,4
0.01624958501617879,0.5198115088595548,0.7914259420000411,4
-0.0014786284521849935,0.600656222796942,0.7269325616710225,4
-0.015808181421331863,0.6660022664188002,0.6460987078390054,4
-0.026063864585631008,0.7127705306395473,0.5527332760386157,4
-0.03176242960348771,0.7387572923369033,0.45123565043149444,4
-0.03263535978515708,0.742738053903787,0.3463884045882827,4
-0.028641522613588682,0.7245252416413367,0.2431319463650751,4
-0.01996910791083925,0.6849770442416764,0.14633172561986013,4
-0.007026760323548764,0.6259569748906443,0.06054897395386155,4
0.009575676034760144,0.5502460624263755,-0.010174220766523245,2
0.02905589347106946,0.461411809111065,-0.06250537780711096,2
0.050495983093383254,0.3636400897327402,-0.09397865023713503,2
0.07288568672702497,0.261537912960401,-0.10311101576907855,4
0.09517000033409473,0.15991633884806866,-0.08947215684852283,4
0.11629888586040586,0.06356378142660855,-0.05370473724042807,4
0.1352767490850021,-0.02297962162261845,0.002505880321994114,0
0.15120935207332775,-0.09563594049917755,0.07651104851979962,4
0.16334594971673916,-0.15098160555480714,0.16482363985225518,4
0.17111466488235078,-0.18640872607914497,0.26328236027198676,2
0.15522811513184306,-0.11396242051520343,0.7143456206398598,4
0.1405740179960447,-0.04713638115887302,0.7939012070668483,4
0.12258799011741539,0.0348840255398883,0.856819480380571,4
0.10211753409573164,0.12823399361163607,0.9001357281627745,4
0.08012721891832357,0.2285148675464545,0.9218088864911915,4
0.057653229417579846,0.3310014071778593,0.920817714981194,4
0.03575454118598553,0.43086444125326445,0.8972089176875748,4
0.015463021589320669,0.5233984182428062,0.8520949424069767,4
-0.0022651918790431436,0.6042431321801934,0.787601562077958,4
-0.016594744848189985,0.6695891758020517,0.7067677082459407,4
-0.02685042801248913,0.7163574400227986,0.6134022764455512,4
-0.032548993030345835,0.7423442017201546,0.5119046508384297,4
-0.0334219232120152,0.7463249632870382,0.40705740499521825,4
-0.029428086040446777,0.7281121510245879,0.3038009467720104,4
-0.020755671337697373,0.6885639536249276,0.20700072602679565,4
-0.007813323750406859,0.6295438842738953,0.1212179743607969,4
0.008789112607902036,0.5538329718096268,0.05049477964041227,2
0.028269330044211338,0.46499871849431623,-0.0018363774001754485,2
0.0497094196665252,0.3672269991159912,-0.03330964983019963,2
0.0720991233001669,0.2651248223436521,-0.042442015362142926,4
0.09438343690723658,0.1635032482313201,-0.028803156441587263,4
0.11551232243354778,0.06715069080985962,0.0069642631665075005,4
0.134490185658144,-0.019392712239367324,0.06317488072892974,0
0.15042278864646966,-0.09204903111592637,0.13718004892673524,4
0.16255938628988106,-0.1473946961715559,0.2254926402591907,2
0.16789596229609333,-0.17173070506479568,0.6819334295563491,4
0.15726429774732226,-0.12324787961498544,0.7743776655907656,4
0.14261020061152382,-0.05642184025865486,0.8539332520177543,4
0.12462417273289461,0.025598566440106232,0.9168515253314767,0
0.1041537167112108,0.11894853451185418,0.9601677731136803,4
0.08216340153380278,0.21922940844667244,0.9818409314420973,4
0.05968941203305904,0.32171594807807735,0.9808497599320998,4
0.037790723801464726,0.4215789821534825,0.9572409626384807,4
0.017499204204799848,0.5141129591430242,0.9121269873578824,4
-0.00022900926356395068,0.5949576730804115,0.8476336070288638,4
-0.014558562232710764,0.6603037167022695,0.7667997531968467,4
-0.024814245397009965,0.7070719809230167,0.673434321396457,4
-0.030512810414866642,0.7330587426203726,0.5719366957893356,4
-0.03138574059653601,0.7370395041872563,0.4670894499461239,4
-0.027391903424967584,0.718826691924806,0.3638329917229163,4
-0.018719488722218153,0.6792784945251457,0.2670327709777013,4
-0.0057771411349276935,0.6202584251741136,0.18125001931170284,4
0.010825295223381215,0.5445475127098448,0.11052682459131802,2
0.03030551265969056,0.4557132593945341,0.058195667550730246,2
0.05174560228200442,0.35794154001620904,0.026722395120706177,2
0.07413530591564604,0.2558393632438703,0.017590029588762768,4
0.09641961952271581,0.15421778913153794,0.031228888509318486,4
0.11754850504902702,0.0578652317100775,0.06699630811741342,4
0.13652636827362322,-0.028678171339149502,0.12320692567983571,4
0.15245897126194882,-0.10133449021570827,0.1972120938776409,2
0.1787672132768095,-0.22130609951984986,0.6375228975942847,2
0.1726589459196931,-0.19345100131605258,0.7384998058684642,4
0.16202728137092204,-0.14496817586624222,0.8309440419028808,4
0.14737318423512363,-0.07814213650991182,0.9104996283298694,4
0.12938715635649434,0.003878270188849496,0.973417901643592,0
0.1089167003348106,0.09722823826059725,1.0167341494257955,4
0.08692638515740254,0.1975091121954156,1.0384073077542126,4
0.0644523956566588,0.2999956518268205,1.0374161362442151,4
0.04255370742506448,0.3998586859022256,1.013807338950596,4
0.022262187828399616,0.49239266289176736,0.9686933636699977,4
0.004533974360035858,0.5732373768291544,0.9041999833409791,4
-0.009795578609111039,0.6385834204510128,0.8233661295089618,4
-0.020051261773410184,0.6853516846717598,0.7300006977085723,4
-0.02574982679126689,0.7113384463691157,0.6285030721014508,4
-0.02662275697293623,0.7153192079359993,0.5236558262582393,4
-0.02262891980136783,0.6971063956735492,0.4203993680350315,4
-0.013956505098618427,0.6575581982738888,0.3235991472898167,4
-0.0010141575113279122,0.5985381289228566,0.23781639562381812,4
0.015588278846980996,0.5228272164585879,0.16709320090343333,2
0.03506849628329034,0.4339929631432773,0.11476204386284555,2
0.05650858590560409,0.3362212437649526,0.08328877143282154,4
0.07889828953924581,0.2341190669926135,0.07415640590087808,4
0.10118260314631558,0.1324974928802811,0.0877952648214338,4
0.12231148867262678,0.03614493545882065,0.12356268442952872,4
0.14128935189722291,-0.05039846759040602,0.17977330199195068,2
0.18732961414382143,-0.260352608630658,0.58320665140527,2
0.18603256586433797,-0.25443777139649754,0.6879581945772699,4
0.17992429850722155,-0.22658267319270017,0.7889351028514496,4
0.1692926339584505,-0.17809984774288992,0.8813793388858662,4
0.15463853682265205,-0.11127380838655936,0.9609349253128548,4
0.13665250894402284,-0.02925340168779826,1.0238531986265773,4
0.11618205292233906,0.0640965663839496,1.0671694464087809,4
0.094191737744931,0.16437744031876794,1.0888426047371977,4
0.07171774824418727,0.26686397995017286,1.0878514332272005,4
0.04981906001259295,0.366727014025578,1.0642426359335813,4
0.02952754041592809,0.45926099101511964,1.019128660652983,4
0.011799326947564276,0.540105704952507,0.9546352803239644,4
-0.0025302260215825656,0.605451748574365,0.8738014264919473,4
-0.012785909185881711,0.6522200127951122,0.7804359946915576,4
-0.018484474203738416,0.6782067744924681,0.6789383690844362,4
-0.019357404385407756,0.6821875360593518,0.5740911232412245,4
-0.015363567213839385,0.6639747237969015,0.47083466501801685,4
-0.006691152511089954,0.6244265263972412,0.3740344442728021,4
0.006251195076200533,0.5654064570462091,0.2882516926068034,2
0.02285363143450944,0.48969554458194026,0.21752849788641862,2
0.0423338488708187,0.40086129126663006,0.16519734084583093,2
0.06377393849313256,0.303089571888305,0.13372406841580686,4
0.08616364212677427,0.20098739511596583,0.12459170288386334,4
0.10844795573384404,0.09936582100363343,0.13823056180441906,4
0.12957684126015517,0.0030132635821733408,0.17399798141251377,0
0.19317970410833868,-0.28703035879050115,0.5215440754273762,2
0.19675499189108947,-0.30333448997417195,0.6251343551561106,4
0.19545794361160596,-0.2974196527400115,0.7298858983281107,4
0.18934967625448956,-0.2695645545362142,0.8308628066022903,4
0.1787180117057185,-0.2210817290864038,0.9233070426367069,4
0.16406391456992014,-0.1542556897300734,1.0028626290636955,4
0.14607788669129085,-0.0722352830313122,1.065780902377418,4
0.12560743066960708,0.021114685040435663,1.1090971501596216,0
0.10361711549219903,0.12139555897525399,1.1307703084880387,4
0.08114312599145529,0.22388209860665892,1.129779136978041,4
0.05924443775986099,0.32374513268206395,1.106170339684422,4
0.0389529181631961,0.41627910967160575,1.0610563644038238,4
0.021224704694832328,0.4971238236089929,0.9965629840748051,4
0.006895151725685458,0.5624698672308512,0.9157291302427879,4
-0.003360531438613673,0.6092381314515981,0.8223636984423983,4
-0.009059096456470378,0.6352248931489541,0.7208660728352769,4
-0.009932026638139774,0.6392056547158378,0.6160188269920653,4
-0.0059381894665713475,0.6209928424533876,0.5127623687688577,4
0.002734225236178084,0.5814446450537273,0.41596214802364273,4
0.015676572823468585,0.522424575702695,0.33017939635764404,2
0.03227900918177745,0.44671366323842654,0.25945620163725946,2
0.05175922661808678,0.35787940992311584,0.20712504459667166,4
0.07319931624040063,0.26010769054479077,0.1756517721666475,4
0.09558901987404234,0.1580055137724517,0.16651940663470421,4
0.11787333348111201,0.05638393966011969,0.18015826555525985,2
0.1960418266169905,-0.3000822929788289,0.45544071355294125,2
0.20432098270960258,-0.33783714104316553,0.5529885502931493,2
0.20789627049235335,-0.35414127222683633,0.656578830021884,4
0.20659922221286986,-0.34822643499267586,0.7613303731938839,4
0.20049095485575344,-0.32037133678887847,0.8623072814680637,4
0.1898592903069824,-0.2718885113390682,0.9547515175024801,4
0.17520519317118396,-0.20506247198273767,1.0343071039294687,4
0.1572191652925547,-0.12304206528397647,1.0972253772431912,4
0.13674870927087093,-0.029692097212228638,1.1405416250253948,4
0.11475839409346288,0.07058877672258972,1.1622147833538117,4
0.09228440459271915,0.17307531635399453,1.1612236118438144,4
0.07038571636112483,0.2729383504293998,1.137614814550195,4
0.050094196764459975,0.3654723274189414,1.092500839269597,4
0.03236598329609616,0.44631704135632866,1.028007458940578,4
0.018036430326949335,0.5116630849781868,0.9471736051085611,4
0.007780747162650162,0.5584313491989339,0.8538081733081713,4
0.0020821821447934707,0.5844181108962897,0.75231054770105,4
0.0012092519631241028,0.5883988724631734,0.6474633018578385,4
0.005203089134692529,0.5701860602007232,0.5442068436346307,4
0.013875503837441974,0.5306378628010627,0.4474066228894157,4
0.026817851424732433,0.4716177934500307,0.3616238712234173,2
0.04342028778304134,0.39590688098576193,0.29090067650303253,2
0.06290050521935069,0.3070726276704513,0.23856951946244476,4
0.08434059484166455,0.20930090829212625,0.20709624703242063,4
0.10673029847530617,0.10719873151978751,0.19796388150047728,2
0.19578111830342765,-0.298893403355591,0.38801135974428846,4
0.20837402842609506,-0.35631995783176723,0.4749202941889039,2
0.2166531845187072,-0.39407480589610394,0.5724681309291122,4
0.22022847230145798,-0.41037893707977474,0.6760584106578466,4
0.21893142402197446,-0.40446409984561427,0.7808099538298466,4
0.21282315666485807,-0.376609001641817,0.8817868621040262,4
0.202191492116087,-0.3281261761920067,0.9742310981384429,4
0.1875373949802886,-0.2613001368356762,1.0537866845654313,4
0.16955136710165936,-0.17927973013691498,1.116704957879154,4
0.14908091107997556,-0.08592976206516713,1.1600212056613577,4
0.12709059590256755,0.014351111869651096,1.1816943639897746,0
0.10461660640182377,0.11683765150105611,1.180703192479777,4
0.08271791817022948,0.2167006855764612,1.1570943951861579,4
0.06242639857356459,0.30923466256600296,1.1119804199055596,4
0.04469818510520082,0.3900793765033901,1.047487039576541,4
0.030368632136053952,0.45542542012524845,0.9666531857445237,4
0.020112948971754807,0.5021936843459953,0.8732877539441343,4
0.014414383953898116,0.5281804460433513,0.771790128337013,4
0.013541453772228734,0.532161207610235,0.6669428824938013,4
0.017535290943797147,0.5139483953477847,0.5636864242705935,4
0.02620770564654655,0.4744001979481245,0.46688620352537885,2
0.03915005323383705,0.4153801285970923,0.3811034518593801,2
0.05575248959214596,0.3396692161328235,0.3103802571389953,4
0.0752327070284553,0.25083496281751294,0.25804910009840754,4
0.09667279665076907,0.15306324343918826,0.22657582766838352,2
0.1924098637573895,-0.2835197104636967,0.3224332887749087,3
0.2087231493086929,-0.35791202902007724,0.3946081672645114,2
0.22131605943136035,-0.4153385834962535,0.481517101709127,1
0.22959521552397244,-0.4530934315605902,0.5790649384493352,4
0.23317050330672323,-0.469397562744261,0.6826552181780697,3
0.23187345502723972,-0.4634827255101005,0.7874067613500696,2
0.22576518767012332,-0.43562762730630317,0.8883836696242493,3
0.21513352312135225,-0.38714480185649286,0.9808279056586658,4
0.20047942598555385,-0.32031876250016234,1.0603834920856545,3
0.18249339810692458,-0.2382983558014011,1.1233017653993769,3
0.16202294208524082,-0.14494838772965335,1.1666180131815804,4
0.14003262690783275,-0.04466751379483492,1.1882911715099975,3
0.11755863740708904,0.05781902583656988,1.1873,2
0.0956599491754947,0.15768205991197518,1.1636912027063808,2
0.07536842957882985,0.2502160369015168,1.1185772274257828,2
0.05764021611046603,0.331060750838904,1.054083847096764,3
0.043310663141319206,0.3964067944607622,0.9732499932647467,3
0.03305497997702006,0.44317505868150914,0.8798845614643572,4
0.027356414959163355,0.4691618203788651,0.7783869358572357,4
0.026483484777494,0.47314258194574876,0.673539690014024,3
0.0304773219490624,0.4549297696832985,0.5702832317908166,4
0.03914973665181182,0.4153815722836382,0.47348301104560164,2
0.05209208423910233,0.3563615029326059,0.3877002593796029,2
0.06869452059741127,0.2806505904683371,0.3169770646592181,3
0.08817473803372053,0.19181633715302684,0.26464590761863055,2
0.18608691667417526,-0.25468562353802343,0.2617965428714626,4
0.20535189476265475,-0.34253833612818285,0.3158364812546855,2
0.2216651803139582,-0.4169306546845636,0.3880113597442884,2
0.2342580904366256,-0.4743572091607398,0.4749202941889038,2
0.24253724652923772,-0.5121120572250765,0.5724681309291121,4
0.24611253431198848,-0.5284161884087473,0.6760584106578464,4
0.24481548603250503,-0.5225013511745868,0.7808099538298465,4
0.2387072186753886,-0.49464625297078957,0.8817868621040261,4
0.22807555412661756,-0.44616342752097926,0.9742310981384428,4
0.21342145699081916,-0.3793373881646488,1.0537866845654313,4
0.19543542911218992,-0.29731698146588764,1.116704957879154,4
0.17496497309050613,-0.20396701339413967,1.1600212056613575,4
0.15297465791309808,-0.10368613945932147,1.1816943639897743,4
0.1305006684123543,-0.001199599827916452,1.180703192479777,0
0.10860198018076002,0.09866343424748861,1.1570943951861579,4
0.08831046058409513,0.19119741123703046,1.1119804199055596,4
0.07058224711573136,0.2720421251744175,1.047487039576541,4
0.056252694146584514,0.3373881687962757,0.966653185744524,4
0.04599701098228534,0.3841564330170228,0.8732877539441343,4
0.040298445964428636,0.41014319471437877,0.7717901283370128,4
0.03942551578275927,0.4141239562812625,0.6669428824938014,4
0.04341935295432768,0.39591114401881217,0.5636864242705937,4
0.0520917676570771,0.35636294661915185,0.46688620352537863,2
0.06503411524436761,0.29734287726811953,0.3811034518593799,4
0.08163655160267647,0.2216319648038512,0.3103802571389953,2
0.17711021465998866,-0.2137498063033574,0.20895832875807696,4
0.19841911848327987,-0.3109232883909617,0.24231696223549987,4
0.21768409657175938,-0.3987760009811213,0.29635690061872294,2
0.23399738212306279,-0.4731683195375019,0.3685317791083257,2
0.2465902922457302,-0.5305948740136782,0.45544071355294125,4
0.25486944833834235,-0.5683497220780148,0.5529885502931493,4
0.2584447361210931,-0.5846538532616856,0.6565788300218839,4
0.2571476878416096,-0.5787390160275251,0.7613303731938839,4
0.2510394204844932,-0.5508839178237278,0.8623072814680635,4
0.2404077559357221,-0.5024010923739175,0.9547515175024801,4
0.22575365879992376,-0.4355750530175871,1.0343071039294687,4
0.20776763092129447,-0.35355464631882577,1.0972253772431912,4
0.1872971748996107,-0.26020467824707805,1.1405416250253948,4
0.16530685972220263,-0.15992380431225955,1.1622147833538117,4
0.1428328702214589,-0.05743726468085476,1.1612236118438144,4
0.12093418198986457,0.04242576939455052,1.137614814550195,4
0.10064266239319972,0.13495974638409214,1.092500839269597,4
0.08291444892483595,0.21580446032147924,1.0280074589405783,4
0.06858489595568908,0.28115050394333757,0.9471736051085611,4
0.0583292127913899,0.3279187681640846,0.8538081733081713,4
0.05263064777353324,0.35390552986144047,0.7523105477010502,4
0.05175771759186386,0.3578862914283241,0.6474633018578385,4
0.05575155476343227,0.33967347916587387,0.5442068436346307,2
0.06442396946618172,0.3001252817662134,0.4474066228894157,2
0.07736631705347218,0.24110521241518143,0.3616238712234173,2
0.1659027403959295,-0.1626411566666992,0.16640838592202534,4
0.18825149326125248,-0.26455658855602165,0.1775138538923037,4
0.20956039708454374,-0.36173007064362617,0.21087248736972666,2
0.22882537517302326,-0.4495827832337856,0.2649124257529496,2
0.24513866072432666,-0.5239751017901663,0.3370873042425525,2
0.25773157084699405,-0.5814016562663425,0.4239962386871679,4
0.26601072693960615,-0.6191565043306791,0.521544075427376,4
0.269586014722357,-0.6354606355143501,0.6251343551561106,4
0.2682889664428735,-0.6295457982801896,0.7298858983281106,4
0.2621806990857571,-0.6016907000763924,0.8308628066022903,4
0.25154903453698607,-0.553207874626582,0.9233070426367068,4
0.23689493740118764,-0.48638183527025153,1.0028626290636953,4
0.2189089095225584,-0.4043614285714904,1.0657809023774178,4
0.19843845350087458,-0.3110114604997425,1.1090971501596216,4
0.17644813832346656,-0.2107305865649242,1.1307703084880385,4
0.1539741488227228,-0.1082440469335192,1.129779136978041,4
0.1320754605911285,-0.00838101285811414,1.106170339684422,0
0.11178394099446365,0.08415296413142755,1.0610563644038238,4
0.09405572752609984,0.1649976780688148,0.9965629840748051,4
0.07972617455695297,0.23034372169067316,0.9157291302427878,4
0.06947049139265384,0.27711198591142,0.8223636984423985,4
0.06377192637479713,0.30309874760877603,0.720866072835277,4
0.06289899619312775,0.3070795091756597,0.6160188269920652,4
0.06689283336469616,0.28886669691320943,0.5127623687688575,2
0.07556524806744556,0.2493184995135492,0.41596214802364284,2
0.15299259067133972,-0.10376791694427452,0.1361516699553501,4
0.17532811814319754,-0.20562303801021314,0.12448068217118458,4
0.19767687100852055,-0.3075384698995358,0.13558615014146302,4
0.21898577483181175,-0.40471195198714016,0.16894478361888587,2
0.2382507529202913,-0.4925646645772997,0.22298472200210898,2
0.2545640384715947,-0.5669569831336803,0.29515960049171175,2
0.2671569485942621,-0.6243835376098565,0.3820685349363273,4
0.2754361046868742,-0.6621383856741933,0.47961637167653537,4
0.27901139246962503,-0.6784425168578639,0.58320665140527,4
0.2777143441901415,-0.6725276796237035,0.6879581945772699,4
0.27160607683302507,-0.6446725814199062,0.7889351028514495,4
0.260974412284254,-0.5961897559700958,0.8813793388858662,4
0.24632031514845565,-0.5293637166137655,0.9609349253128546,4
0.22833428726982635,-0.44734330991500415,1.0238531986265773,4
0.20786383124814262,-0.35399334184325637,1.0671694464087809,4
0.18587351607073455,-0.25371246790843793,1.0888426047371977,4
0.1633995265699908,-0.15122592827703313,1.0878514332272005,4
0.14150083833839652,-0.05136289420162808,1.064242635933581,4
0.12120931874173162,0.041171082787913746,1.019128660652983,4
0.1034811052733678,0.12201579672530101,0.9546352803239643,4
0.089151552304221,0.18736184034715905,0.8738014264919473,4
0.07889586913992183,0.23413010456790614,0.7804359946915576,4
0.07319730412206513,0.2601168662652621,0.678938369084436,4
0.07232437394039577,0.26409762783214574,0.5740911232412244,2
0.07631821111196417,0.24588481556969552,0.47083466501801696,2
0.13898809243472193,-0.03990419735423152,0.11961387893966718,4
0.16025794325886816,-0.1368995888209221,0.0857163729723649,4
0.18259347073072602,-0.23875470988686096,0.07404538518819931,4
0.20494222359604902,-0.3406701417761834,0.08515085315847776,4
0.22625112741934025,-0.43784362386378795,0.11850948663590077,2
0.24551610550781974,-0.5256963364539473,0.17254942501912374,2
0.2618293910591232,-0.6000886550103278,0.24472430350872648,4
0.27442230118179056,-0.6575152094865041,0.3316332379533421,4
0.28270145727440266,-0.6952700575508408,0.42918107469355027,4
0.28627674505715345,-0.7115741887345116,0.5327713544222847,4
0.28497969677767,-0.7056593515003511,0.6375228975942847,4
0.27887142942055354,-0.6778042532965537,0.7384998058684644,4
0.26823976487178247,-0.6293214278467435,0.8309440419028808,4
0.253585667735984,-0.5624953884904129,0.9104996283298696,4
0.23559963985735483,-0.4804749817916517,0.973417901643592,4
0.21512918383567103,-0.3871250137199038,1.0167341494257958,4
0.193138868658263,-0.28684413978508555,1.0384073077542126,4
0.17066487915751927,-0.18435760015368072,1.0374161362442151,4
0.1487661909259249,-0.08449456607827545,1.013807338950596,4
0.12847467132926002,0.008039410911266325,0.9686933636699976,0
0.1107464578608963,0.08888412484865325,0.9041999833409791,4
0.09641690489174944,0.15423016847051163,0.8233661295089618,4
0.08616122172745026,0.20099843269125867,0.7300006977085721,4
0.08046265670959359,0.2269851943886146,0.6285030721014506,2
0.07958972652792422,0.23096595595549818,0.5236558262582393,1
0.1245491383952495,0.025940740205851145,0.11757427447597735,0
0.14375107605832166,-0.061624493605488204,0.06304750262755199,4
0.16502092688246794,-0.15861988507217895,0.029149996660249533,4
0.18735645435432574,-0.26047500613811764,0.017479008876084,4
0.20970520721964878,-0.36239043802744025,0.02858447684636245,2
0.23101411104293998,-0.45956392011504454,0.0619431103237853,2
0.2502790891314195,-0.547416632705204,0.11598304870700826,2
0.2665923746827229,-0.6218089512615846,0.18815792719661115,4
0.27918528480539034,-0.6792355057377609,0.27506686164122673,4
0.28746444089800244,-0.7169903538020976,0.3726146983814348,4
0.29103972868075323,-0.7332944849857684,0.47620497811016926,4
0.2897426804012697,-0.727379647751608,0.5809565212821693,4
0.2836344130441533,-0.6995245495478107,0.681933429556349,4
0.27300274849538225,-0.6510417240980003,0.7743776655907656,4
0.25834865135958385,-0.5842156847416698,0.853933252017754,4
0.24036262348095458,-0.5021952780429085,0.9168515253314767,4
0.21989216745927082,-0.40884530997116086,0.9601677731136803,4
0.1979018522818628,-0.3085644360363426,0.9818409314420972,4
0.17542786278111905,-0.20607789640493757,0.9808497599320998,4
0.1535291745495247,-0.1062148623295323,0.9572409626384806,4
0.13323765495285989,-0.01368088533999083,0.9121269873578824,0
0.11550944148449607,0.0671638285973964,0.8476336070288638,4
0.1011798885153492,0.13250987221925478,0.7667997531968465,4
0.09092420535105003,0.17927813644000182,0.6734343213964568,4
0.08522564033319337,0.20526489813735768,0.5719366957893357,1
0.11035609284286348,0.0906642787412237,0.13012896283616904,4
0.12658532101072867,0.016655281106069356,0.05754222952507165,0
0.14578725867380085,-0.07090995270527016,0.003015457676646127,4
0.16705710949794708,-0.16790534417196068,-0.030882048290656217,4
0.18939263696980493,-0.2697604652378996,-0.04255303607482186,4
0.2117413898351279,-0.371675897127222,-0.031447568104543466,2
0.23305029365841912,-0.46884937921482633,0.0019110653728793836,2
0.25231527174689866,-0.556702091804986,0.0559510037561024,2
0.2686285572982021,-0.6310944103613666,0.1281258822457053,4
0.2812214674208695,-0.6885209648375429,0.2150348166903207,4
0.2895006235134816,-0.7262758129018795,0.3125826534305287,4
0.2930759112962324,-0.7425799440855504,0.4161729331592634,4
0.29177886301674893,-0.73666510685139,0.5209244763312633,4
0.2856705956596325,-0.7088100086475927,0.6219013846054431,4
0.2750389311108615,-0.6603271831977824,0.7143456206398596,4
0.26038483397506307,-0.5935011438414518,0.7939012070668483,4
0.24239880609643383,-0.5114807371426907,0.8568194803805708,4
0.22192835007475006,-0.41813076907094293,0.9001357281627744,4
0.199938034897342,-0.31784989513612455,0.9218088864911913,4
0.1774640453965982,-0.21536335550471952,0.9208177149811939,4
0.15556535716500397,-0.11550032142931464,0.8972089176875748,4
0.13527383756833908,-0.022966344439772787,0.8520949424069766,0
0.11754562409997525,0.05787836949761445,0.787601562077958,4
0.10321607113082838,0.12322441311947281,0.7067677082459407,4
0.09296038796652925,0.1699926773402197,0.6134022764455513,1
0.09707773284638424,0.15121664163941737,0.15668636643032358,4
0.10956952941600537,0.09425118812447493,0.06945996242923363,4
0.1257987575838706,0.020242190489320258,-0.0031267708818639717,0
0.14500069524694278,-0.06732304332201909,-0.05765354273028939,4
0.16627054607108904,-0.16431843478870983,-0.09155104869759179,4
0.1886060735429469,-0.2661735558546485,-0.10322203648175732,4
0.21095482640826985,-0.368088987743971,-0.09211656851147887,2
0.2322637302315611,-0.4652624698315755,-0.0587579350340558,2
0.2515287083200406,-0.553115182421735,-0.004717996650832779,4
0.267841993871344,-0.6275075009781156,0.06745688183876997,4
0.2804349039940114,-0.6849340554542916,0.15436581628338547,4
0.28871406008662354,-0.7226889035186285,0.2519136530235938,4
0.2922893478693743,-0.7389930347022992,0.35550393275232817,4
0.2909922995898908,-0.7330781974681386,0.4602554759243283,4
0.28488403223277436,-0.7052230992643412,0.5612323841985078,4
0.2742523676840033,-0.6567402738145308,0.6536766202329245,4
0.2595982705482049,-0.5899142344582005,0.7332322066599131,4
0.24161224266957565,-0.5078938277594393,0.7961504799736354,4
0.22114178664789186,-0.41454385968769136,0.8394667277558391,4
0.1991514714704838,-0.3142629857528729,0.8611398860842561,4
0.1766774819697401,-0.2117764461214683,0.8601487145742586,4
0.15477879373814576,-0.11191341204606302,0.8365399172806394,4
0.13448727414148087,-0.019379435056521246,0.791425942000041,0
0.11675906067311707,0.06146527888086602,0.7269325616710223,4
0.10242950770397027,0.12681132250272406,0.6460987078390052,1
0.0853397354421046,0.20474459830804634,0.1959950989745305,4
0.09350548628811335,0.1675069041428889,0.0982391371254216,4
0.10599728285773448,0.11054145062794647,0.011012733124331653,4
0.12222651102559969,0.03653245299279197,-0.06157400018676584,4
0.14142844868867188,-0.05103278081854755,-0.11610077203519142,4
0.1626982995128181,-0.14802817228523812,-0.14999827800249366,4
0.18503382698467594,-0.2498832933511768,-0.1616692657866593,2
0.20738257984999897,-0.35179872524049943,-0.15056379781638085,2
0.22869148367329023,-0.44897220732810394,-0.11720516433895778,2
0.2479564617617697,-0.5368249199182633,-0.06316522595573482,4
0.26426974731307307,-0.6112172384746438,0.009009652533867929,4
0.27686265743574057,-0.6686437929508201,0.09591858697848349,4
0.28514181352835266,-0.7063986410151568,0.1934664237186916,4
0.2887171013111034,-0.7227027721988276,0.29705670344742624,4
0.2874200530316199,-0.7167879349646672,0.4018082466194261,4
0.2813117856745035,-0.6889328367608697,0.5027851548936059,4
0.2706801211257325,-0.6404500113110595,0.5952293909280224,4
0.25602602398993407,-0.573623971954729,0.6747849773550109,4
0.23803999611130477,-0.49160356525596777,0.7377032506687335,4
0.21756954008962098,-0.3982535971842198,0.7810194984509371,4
0.195579224912213,-0.29797272324940177,0.802692656779354,4
0.17310523541146922,-0.19548618361799674,0.8017014852693565,4
0.1512065471798749,-0.09562314954259148,0.7780926879757373,4
0.13091502758321,-0.003089172553049703,0.732978712695139,0
0.11318681411484625,0.07775554138433723,0.6684853323661206,2
0.07569519569823109,0.2487259085535834,0.2462029308798035,4
0.07915013020213298,0.2329706158875291,0.14252367735605387,4
0.08731588104814175,0.19573292172237156,0.04476771550694458,4
0.09980767761776288,0.13876746820742913,-0.04245868849414541,4
0.11603690578562809,0.06475847057227462,-0.11504542180524291,4
0.13523884344870024,-0.022806763239064734,-0.16957219365366827,0
0.15650869427284647,-0.11980215470575527,-0.2034696996209706,4
0.17884422174470432,-0.2216572757716941,-0.21514068740513625,2
0.20119297461002736,-0.32357270766101676,-0.2040352194348578,2
0.22250187843331856,-0.4207461897486211,-0.17067658595743496,2
0.24176685652179808,-0.5085989023387805,-0.116636647574212,4
0.2580801420731015,-0.5829912208951612,-0.04446176908460914,4
0.27067305219576887,-0.6404177753713375,0.042447165360006256,4
0.278952208288381,-0.6781726234356742,0.13999500210021454,4
0.2825274960711318,-0.694476754619345,0.24358528182894895,4
0.2812304477916483,-0.6885619173851845,0.3483368250009491,4
0.2751221804345319,-0.6607068191813872,0.44931373327512864,4
0.2644905158857609,-0.612223993731577,0.5417579693095451,4
0.24983641874996246,-0.5453979543752464,0.6213135557365338,4
0.23185039087133316,-0.4633775476764851,0.6842318290502565,4
0.21137993484964945,-0.37002757960473753,0.7275480768324599,4
0.18938961967224138,-0.26974670566991915,0.7492212351608769,4
0.16691563017149763,-0.1672601660385141,0.7482300636508794,4
0.14501694193990328,-0.06739713196310883,0.7246212663572602,4
0.12472542234323847,0.02513684502643264,0.6795072910766622,0
0.06859856484555993,0.2810881706747641,0.3049440664098083,4
0.06717988630794632,0.28755766974454655,0.20022689320667836,4
0.0706348208118482,0.27180237707849225,0.09654763968292873,4
0.07880057165785694,0.23456468291333496,-0.0012083221661802201,4
0.0912923682274781,0.17759922939839232,-0.08843472616727055,4
0.10752159639534328,0.10359023176323796,-0.16102145947836788,4
0.1267235340584154,0.01602499795189867,-0.21554823132679335,0
0.1479933848825617,-0.08097039351479209,-0.2494457372940958,4
0.17032891235441955,-0.18282551458073093,-0.26111672507826145,2
0.19267766521974253,-0.2847409464700534,-0.2500112571079831,2
0.21398656904303376,-0.3819144285576577,-0.21665262363056015,2
0.2332515471315133,-0.4697671411478173,-0.16261268524733719,4
0.24956483268281668,-0.5441594597041979,-0.0904378067577345,4
0.2621577428054841,-0.6015860141803743,-0.003528872313118825,4
0.2704368988980962,-0.6393408622447109,0.09401896442708918,4
0.27401218668084704,-0.6556449934283818,0.19760924415582382,4
0.2727151384013635,-0.6497301561942214,0.3023607873278237,4
0.2666068710442472,-0.6218750579904241,0.4033376956020033,4
0.2559752064954761,-0.5733922325406138,0.49578193163642004,4
0.24132110935967768,-0.5065661931842832,0.5753375180634086,4
0.22333508148104847,-0.4245457864855223,0.6382557913771311,4
0.20286462545936468,-0.3311958184137743,0.6815720391593347,4
0.1808743102819566,-0.2309149444789559,0.7032451974877517,4
0.15840032078121286,-0.12842840484755091,0.7022540259777543,4
0.13650163254961858,-0.028565370772146034,0.6786452286841352,2
0.06438423651107081,0.30030647314207093,0.3694506201030392,4
0.058158793140839576,0.3286959208040072,0.26862980604683573,4
0.05674011460322598,0.33516541987378967,0.16391263284370622,4
0.06019504910712789,0.3194101272077352,0.06023337931995615,4
0.06836079995313663,0.2821724330425778,-0.03752258252915275,4
0.08085259652275775,0.2252069795276354,-0.12474898653024269,4
0.09708182469062296,0.1511979818924809,-0.19733571984134013,4
0.11628376235369517,0.06363274808114137,-0.2518624916897657,4
0.13755361317784143,-0.03336264338554938,-0.28575999765706805,2
0.15988914064969928,-0.13521776445148806,-0.2974309854412336,2
0.18223789351502223,-0.23713319634081045,-0.28632551747095514,2
0.2035467973383135,-0.33430667842841505,-0.2529668839935322,2
0.22281177542679298,-0.42215939101857436,-0.1989269456103091,4
0.23912506097809638,-0.4965517095749551,-0.1267520671207063,4
0.25171797110076377,-0.5539782640511313,-0.03984313267609085,4
0.2599971271933759,-0.591733112115468,0.057704704064117485,4
0.2635724149761267,-0.6080372432991387,0.1612949837928519,4
0.2622753666966432,-0.6021224060649782,0.26604652696485176,4
0.25616709933952675,-0.5742673078611809,0.3670234352390315,4
0.24553543479075568,-0.5257844824113704,0.45946767127344823,4
0.23088133765495733,-0.4589584430550402,0.5390232577004366,4
0.21289530977632803,-0.37693803635627887,0.6019415310141591,4
0.19242485375464424,-0.28358806828453087,0.6452577787963627,4
0.17043453857723617,-0.1833071943497124,0.6669309371247797,4
0.1479605490764925,-0.08082065471830784,0.6659397656147822,2
0.04446045311024786,0.18430540099780462,0.6659397656147822,4
0.0009878234143952391,0.27683814432867837,0.6423309683211631,4
-0.03929430253136185,0.36257980861351163,0.5972169930405649,4
-0.07448782878866936,0.4374902420255139,0.5327236127115462,4
-0.10293443450983203,0.49803966091843244,0.4518897588795289,4
-0.12329371410523399,0.541374973421567,0.3585243270791394,4
-0.1346063372267235,0.5654542172819761,0.257026701472018,4
-0.1363392524651484,0.5691427772355192,0.15217945562880641,4
-0.12841080476138905,0.5522668481390514,0.04892299740559869,4
-0.11119458299713023,0.5156216246781031,-0.04787722333961619,4
-0.08550181646668817,0.4609338317505852,-0.13365997500561477,4
-0.0525431497090868,0.39078036109684455,-0.20438316972599957,4
-0.013871596872348124,0.3084668480224413,-0.25671432676658723,2
0.028690636396584354,0.21787190968498352,-0.2881875991966114,2
0.07313801537981068,0.12326438444531931,-0.2973199647285548,2
0.1173761771921114,0.0291021839746676,-0.2836811058079991,0
0.15932061727259897,-0.060177763782788773,-0.24791368619990428,4
0.19699491135159847,-0.14036858289296786,-0.1917030686374822,4
0.22862384466839977,-0.20769167765187793,-0.11769790043967676,4
0.25271706018613904,-0.25897478021815956,-0.029385309107221147,4
0.2681392842954322,-0.29180142804417286,0.06907341131251044,4
0.2741638209678312,-0.30462482772104393,0.17303888062454437,4
0.27050679371171915,-0.2968407399671782,0.2776122403303007,4
0.2573405218478446,-0.26881595141566705,0.3778659881031942,4
0.23528540081367114,-0.22187099160843402,0.46907616196294777,2
0.0683504271759536,0.13345490371090885,0.7032451974877518,4
0.023735726376444444,0.22841857825159478,0.7022540259777544,4
-0.01973690331940825,0.32095132158246864,0.6786452286841352,4
-0.06001902926516528,0.4066929858673018,0.6335312534035371,4
-0.09521255552247287,0.48160341927930417,0.5690378730745184,4
-0.12365916124363546,0.5421528381722226,0.4882040192425011,4
-0.14401844083903742,0.5854881506753573,0.3948385874421116,4
-0.15533106396052693,0.6095673945357662,0.29334096183499014,4
-0.15706397919895182,0.6132559544893094,0.1884937159917785,4
-0.14913553149519249,0.5963800253928414,0.08523725776857083,4
-0.13191930973093363,0.5597348019318933,-0.011562962976643942,4
-0.10622654320049152,0.5050470090043753,-0.09734571464264274,4
-0.0732678764428902,0.4348935383506347,-0.16806890936302732,4
-0.034596323606151475,0.3525800252762313,-0.2204000664036151,2
0.007965909662780934,0.26198508693877365,-0.25187333883363927,2
0.05241328864600735,0.16737756169910928,-0.26100570436558257,2
0.09665145045830797,0.07321536122845776,-0.24736684544502685,4
0.13859589053879556,-0.016064586528998615,-0.21159942583693214,0
0.17627018461779514,-0.09625540563917787,-0.15538880827450985,4
0.20789911793459637,-0.16357850039808783,-0.0813836400767044,4
0.2319923334523356,-0.21486160296436943,0.0069289512557511035,4
0.24741455756162883,-0.2476882507903827,0.10538767167548269,4
0.2534390942340278,-0.2605116504672538,0.20935314098751703,4
0.24978206697791577,-0.25272756271338803,0.3139265006932729,4
0.23661579511404124,-0.2247027741618771,0.414180248466166,2
0.09510061104714684,0.07651636754402619,0.72754807683246,4
0.05144608624217184,0.16943627984911006,0.7492212351608769,4
0.006831385442662596,0.2643999543897962,0.7482300636508795,4
-0.036641244253190014,0.35693269772066993,0.7246212663572604,4
-0.07692337019894713,0.4426743620055032,0.6795072910766622,4
-0.11211689645625461,0.5175847954175055,0.6150139107476436,4
-0.14056350217741725,0.5781342143104239,0.5341800569156264,4
-0.16092278177281927,0.6214695268135586,0.4408146251152368,4
-0.17223540489430877,0.6455487706739677,0.33931699950811534,4
-0.17396832013273367,0.6492373306275108,0.23446975366490375,4
-0.1660398724289744,0.6323614015310429,0.13121329544169613,4
-0.14882365066471548,0.5957161780700947,0.03441307469648114,4
-0.12313088413427342,0.5410283851425768,-0.05136967696951744,4
-0.09017221737667205,0.4708749144888361,-0.12209287168990224,4
-0.051500664539933405,0.38856140141443285,-0.1744240287304899,2
-0.008938431271000913,0.29796646307697505,-0.20589730116051408,2
0.03550894771222542,0.20335893783731088,-0.2150296666924575,2
0.07974710952452604,0.10919673736665936,-0.20139080777190177,4
0.1216915496050137,0.01991678960920279,-0.16562338816380695,0
0.1593658436840133,-0.06027402950097646,-0.10941277060138477,4
0.1909947770008144,-0.12759712425988626,-0.03540760240357954,4
0.21508799251855376,-0.17888022682616803,0.052904988928876184,4
0.230510216627847,-0.21170687465218127,0.15136370934860782,4
0.23653475330024593,-0.22453027432905234,0.2553291786606422,4
0.23287772604413393,-0.21674618657518666,0.359902538366398,2
0.12345053462290714,0.01617273937984398,0.7377032506687335,0
0.08281318936621795,0.10267049819023544,0.7810194984509371,4
0.03915866456124287,0.1955904104953195,0.802692656779354,4
-0.005456036238266293,0.29055408503600544,0.8017014852693565,4
-0.04892866593411899,0.38308682836687935,0.7780926879757373,4
-0.08921079187987602,0.46882849265171245,0.7329787126951393,4
-0.12440431813718356,0.5437389260637149,0.6684853323661205,4
-0.1528509238583462,0.6042883449566332,0.5876514785341033,4
-0.17321020345374816,0.6476236574597679,0.4942860467337137,4
-0.18452282657523766,0.671702901320177,0.39278842112659224,4
-0.18625574181366256,0.6753914612737201,0.2879411752833807,4
-0.17832729410990322,0.6585155321772521,0.18468471706017292,4
-0.16111107234564437,0.621870308716304,0.08788449631495815,4
-0.13541830581520226,0.5671825157887859,0.0021017446489594027,4
-0.10245963905760094,0.4970290451350454,-0.06862145007142523,4
-0.06378808622086221,0.41471553206064193,-0.12095260711201306,2
-0.021225852951929802,0.32412059372318436,-0.15242587954203712,2
0.023221526031296527,0.22951306848352013,-0.16155824507398053,2
0.06745968784359724,0.1353508680128684,-0.14791938615342481,4
0.1094041279240849,0.046070920255411874,-0.11215196654532988,4
0.14707842200308432,-0.034119898854767045,-0.05594134898290787,4
0.17870735531988563,-0.10144299361367712,0.018063819214897636,4
0.20280057083762487,-0.15272609617995878,0.1063764105473532,4
0.2182227949469181,-0.1855527440059722,0.20483513096708522,4
0.22424733161931704,-0.1983761436828431,0.3088006002791187,2
0.15206434798150392,-0.0447325857811309,0.7332322066599128,4
0.11635901616446627,0.03126724049311955,0.7961504799736354,0
0.07572167090777701,0.11776499930351114,0.839466727755839,4
0.03206714610280201,0.210684911608595,0.8611398860842558,4
-0.012547554696707236,0.30564858614928114,0.8601487145742586,4
-0.056020184392559846,0.39818132948015483,0.8365399172806394,4
-0.09630231033831688,0.48392299376498804,0.7914259420000411,4
-0.13149583659562447,0.5588334271769905,0.7269325616710225,4
-0.15994244231678706,0.6193828460699088,0.6460987078390054,4
-0.18030172191218907,0.6627181585730436,0.5527332760386157,4
-0.19161434503367858,0.6867974024334526,0.45123565043149444,4
-0.19334726027210353,0.6904859623869958,0.3463884045882827,4
-0.1854188125683442,0.6736100332905278,0.2431319463650751,4
-0.16820259080408534,0.6369648098295797,0.14633172561986013,4
-0.14250982427364328,0.5822770169020617,0.06054897395386155,4
-0.10955115751604189,0.5121235462483211,-0.010174220766523245,2
-0.07087960467930321,0.42981003317391775,-0.06250537780711096,2
-0.028317371410370856,0.3392150948364603,-0.09397865023713503,2
0.016130007572855584,0.24460756959679583,-0.10311101576907855,4
0.0603681693851563,0.15044536912614412,-0.08947215684852283,4
0.1023126094656438,0.06116542136868788,-0.05370473724042807,4
0.13998690354464338,-0.01902539774149134,0.002505880321994114,0
0.1716158368614447,-0.08634849250040141,0.07651104851979962,4
0.19570905237918396,-0.13763159506668307,0.16482363985225518,4
0.21113127648847713,-0.17045824289269632,0.26328236027198676,2
0.1795937667004636,-0.10332974574572978,0.7143456206398598,4
0.15050288547623977,-0.04140896790406068,0.7939012070668483,4
0.11479755365920206,0.03459085837018991,0.856819480380571,4
0.07416020840251286,0.12108861718058136,0.9001357281627745,4
0.03050568359753779,0.2140085294856654,0.9218088864911915,4
-0.014109017201971358,0.30897220402635134,0.920817714981194,4
-0.057581646897824024,0.4015049473572252,0.8972089176875748,4
-0.09786377284358108,0.4872466116420584,0.8520949424069767,4
-0.13305729910088865,0.5621570450540608,0.787601562077958,4
-0.1615039048220513,0.6227064639469791,0.7067677082459407,4
-0.18186318441745325,0.6660417764501138,0.6134022764455512,4
-0.19317580753894276,0.6901210203105229,0.5119046508384297,4
-0.19490872277736765,0.6938095802640659,0.40705740499521825,4
-0.18698027507360832,0.676933651167598,0.3038009467720104,4
-0.16976405330934946,0.64028842770665,0.20700072602679565,4
-0.14407128677890735,0.5856006347791318,0.1212179743607969,4
-0.11111262002130601,0.5154471641253914,0.05049477964041227,2
-0.07244106718456736,0.433133651050988,-0.0018363774001754485,2
-0.029878833915634895,0.34253871271353026,-0.03330964983019963,2
0.014568545067591532,0.24793118747386586,-0.042442015362142926,4
0.05880670687989207,0.15376898700321454,-0.028803156441587263,4
0.10075114696037973,0.06448903924575797,0.0069642631665075005,4
0.13842544103937932,-0.015701779864421284,0.06317488072892974,0
0.17005437435618057,-0.08302487462333125,0.13718004892673524,4
0.1941475898739198,-0.13430797718961285,0.2254926402591907,2
0.20474160309098216,-0.1568576391888233,0.6819334295563491,4
0.18363593634549968,-0.11193362015776379,0.7743776655907656,4
0.1545450551212758,-0.050012842316094513,0.8539332520177543,4
0.1188397233042382,0.025986983958155824,0.9168515253314767,0
0.0782023780475489,0.11248474276854753,0.9601677731136803,4
0.03454785324257391,0.20540465507363137,0.9818409314420973,4
-0.010066847556935293,0.3003683296143174,0.9808497599320998,4
-0.05353947725278796,0.3929010729451912,0.9572409626384807,4
-0.09382160319854499,0.47864273723002443,0.9121269873578824,4
-0.12901512945585258,0.5535531706420268,0.8476336070288638,4
-0.15746173517701512,0.6141025895349451,0.7667997531968467,4
-0.17782101477241719,0.65743790203808,0.673434321396457,4
-0.1891336378939067,0.6815171458984889,0.5719366957893356,4
-0.19086655313233158,0.685205705852032,0.4670894499461239,4
-0.18293810542857225,0.6683297767555642,0.3638329917229163,4
-0.16572188366431334,0.6316845532946159,0.2670327709777013,4
-0.14002911713387134,0.576996760367098,0.18125001931170284,4
-0.10707045037626994,0.5068432897133573,0.11052682459131802,2
-0.06839889753953121,0.4245297766389539,0.058195667550730246,2
-0.02583666427059872,0.3339348383014961,0.026722395120706177,2
0.018610714712627527,0.2393273130618321,0.017590029588762768,4
0.06284887652492824,0.1451651125911804,0.031228888509318486,4
0.1047933166054159,0.055885164833723855,0.06699630811741342,4
0.1424676106844155,-0.024305654276455396,0.12320692567983571,4
0.17409654400121663,-0.09162874903536514,0.1972120938776409,2
0.22632288975150017,-0.20279402889607484,0.6375228975942847,2
0.21419693763551567,-0.1769835908655017,0.7384998058684642,4
0.1930912708900332,-0.1320595718344421,0.8309440419028808,4
0.16400038966580938,-0.07013879399277301,0.9104996283298694,4
0.12829505784877165,0.0058610322814775795,0.973417901643592,0
0.08765771259208247,0.09235879109186904,1.0167341494257955,4
0.04400318778710742,0.185278703396953,1.0384073077542126,4
-0.000611513012401782,0.280242377937639,1.0374161362442151,4
-0.04408414270825445,0.37277512126851287,1.013807338950596,4
-0.08436626865401148,0.4585167855533461,0.9686933636699977,4
-0.11955979491131902,0.5334272189653483,0.9041999833409791,4
-0.14800640063248166,0.5939766378582668,0.8233661295089618,4
-0.16836568022788362,0.6373119503614014,0.7300006977085723,4
-0.17967830334937318,0.6613911942218106,0.6285030721014508,4
-0.18141121858779807,0.6650797541753536,0.5236558262582393,4
-0.17348277088403874,0.6482038250788856,0.4203993680350315,4
-0.15626654911977989,0.6115586016179376,0.3235991472898167,4
-0.13057378258933783,0.5568708086904196,0.23781639562381812,4
-0.09761511583173643,0.486717338036679,0.16709320090343333,2
-0.0589435629949977,0.40440382496227556,0.11476204386284555,2
-0.016381329726065402,0.31380888662481815,0.08328877143282154,4
0.028066049257161038,0.21920136138515373,0.07415640590087808,4
0.07230421106946175,0.125039160914502,0.0877952648214338,4
0.1142486511499494,0.03575921315704547,0.12356268442952872,4
0.15192294522894884,-0.044431605953133446,0.17977330199195068,2
0.2433207152953163,-0.23897438971696522,0.58320665140527,2
0.2407458533238911,-0.2334937219133093,0.6879581945772699,4
0.2286199012079066,-0.20768328388273616,0.7889351028514496,4
0.20751423446242412,-0.16275926485167663,0.8813793388858662,4
0.17842335323820022,-0.10083848701000736,0.9609349253128548,4
0.1427180214211626,-0.024838660735757023,1.0238531986265773,4
0.10208067616447336,0.06165909807463457,1.0671694464087809,4
0.05842615135949832,0.15457901037971852,1.0888426047371977,4
0.013811450559989114,0.24954268492040457,1.0878514332272005,4
-0.029661179135863552,0.34207542825127835,1.0642426359335813,4
-0.06994330508162055,0.42781709253611144,1.019128660652983,4
-0.10513683133892815,0.502727525948114,0.9546352803239644,4
-0.13358343706009074,0.5632769448410323,0.8738014264919473,4
-0.15394271665549275,0.6066122573441671,0.7804359946915576,4
-0.16525533977698226,0.6306915012045761,0.6789383690844362,4
-0.16698825501540715,0.6343800611581192,0.5740911232412245,4
-0.15905980731164782,0.6175041320616513,0.47083466501801685,4
-0.14184358554738902,0.5808589086007032,0.3740344442728021,4
-0.1161508190169469,0.5261711156731851,0.2882516926068034,2
-0.08319215225934554,0.45601764501944453,0.21752849788641862,2
-0.044520599422607,0.37370413194504143,0.16519734084583093,2
-0.0019583661536745067,0.2831091936075837,0.13372406841580686,4
0.042489012829551934,0.18850166836791926,0.12459170288386334,4
0.08672717464185264,0.09433946789726755,0.13823056180441906,4
0.12867161472234015,0.005059520139811313,0.17399798141251377,0
0.25493414126975267,-0.2636939011061543,0.5215440754273762,2
0.26203169707729135,-0.2788012528907229,0.6251343551561106,4
0.25945683510586615,-0.2733205850870669,0.7298858983281107,4
0.24733088298988165,-0.24751014705649377,0.8308628066022903,4
0.22622521624439912,-0.20258612802543416,0.9233070426367069,4
0.1971343350201753,-0.14066535018376505,1.0028626290636955,4
0.16142900320313766,-0.0646655239095146,1.065780902377418,4
0.1207916579464484,0.02183223490087699,1.1090971501596216,0
0.07713713314147339,0.11475214720596094,1.1307703084880387,4
0.03252243234196417,0.209715821746647,1.129779136978041,4
-0.010950197353888441,0.30224856507752074,1.106170339684422,4
-0.051232323299645555,0.387990229362354,1.0610563644038238,4
-0.08642584955695304,0.46290066277435626,0.9965629840748051,4
-0.11487245527811574,0.5234500816672748,0.9157291302427879,4
-0.1352317348735177,0.5667853941704094,0.8223636984423983,4
-0.1465443579950072,0.5908646380308185,0.7208660728352769,4
-0.1482772732334321,0.5945531979843616,0.6160188269920653,4
-0.14034882552967282,0.5776772688878937,0.5127623687688577,4
-0.1231326037654139,0.5410320454269455,0.41596214802364273,4
-0.0974398372349718,0.4863442524994275,0.33017939635764404,2
-0.06448117047737054,0.41619078184568714,0.25945620163725946,2
-0.025809617640631832,0.33387726877128365,0.20712504459667166,4
0.01675261562830066,0.24328233043382588,0.1756517721666475,4
0.06119999461152708,0.14867480519416149,0.16651940663470421,4
0.1054381564238276,0.05451260472351016,0.18015826555525985,2
0.2606159424190686,-0.2757877783591531,0.45544071355294125,2
0.2770514787946684,-0.3107712905043525,0.5529885502931493,2
0.28414903460220703,-0.325878642288921,0.656578830021884,4
0.2815741726307819,-0.3203979744852651,0.7613303731938839,4
0.26944822051479733,-0.2945875364546919,0.8623072814680637,4
0.24834255376931486,-0.24966351742363235,0.9547515175024801,4
0.21925167254509098,-0.18774273958196314,1.0343071039294687,4
0.18354634072805334,-0.11174291330771267,1.0972253772431912,4
0.1429089954713641,-0.025245154497321107,1.1405416250253948,4
0.09925447066638907,0.06767475780776283,1.1622147833538117,4
0.054639769866879906,0.16263843234844877,1.1612236118438144,4
0.011167140171027184,0.2551711756793227,1.137614814550195,4
-0.029114985774729818,0.3409128399641558,1.092500839269597,4
-0.06430851203203741,0.4158232733761582,1.028007458940578,4
-0.0927551177532,0.4763726922690766,0.9471736051085611,4
-0.11311439734860199,0.5197080047722112,0.8538081733081713,4
-0.12442702047009147,0.5437872486326203,0.75231054770105,4
-0.12615993570851636,0.5474758085861634,0.6474633018578385,4
-0.11823148800475705,0.5305998794896954,0.5442068436346307,4
-0.10101526624049811,0.4939546560287472,0.4474066228894157,4
-0.07532249971005614,0.43926686310122937,0.3616238712234173,2
-0.042363832952454744,0.36911339244748875,0.29090067650303253,2
-0.0036922801157160123,0.28679987937308526,0.23856951946244476,4
0.03886995315321648,0.19620494103562747,0.20709624703242063,4
0.08331733213644271,0.10159741579596346,0.19796388150047728,2
0.26009839196790524,-0.27468615733016705,0.38801135974428846,4
0.2850974655546987,-0.32789740486454555,0.4749202941889039,2
0.3015330019302986,-0.36288091700974506,0.5724681309291122,4
0.30863055773783726,-0.37798826879431363,0.6760584106578466,4
0.30605569576641206,-0.37250760099065766,0.7808099538298466,4
0.29392974365042757,-0.3466971629600845,0.8817868621040262,4
0.2728240769049451,-0.301773143929025,0.9742310981384429,4
0.24373319568072127,-0.23985236608735583,1.0537866845654313,4
0.2080278638636836,-0.16385253981310538,1.116704957879154,4
0.16739051860699436,-0.07735478100271377,1.1600212056613577,4
0.12373599380201937,0.01556513130237009,1.1816943639897746,0
0.07912129300251011,0.11052880584305622,1.180703192479777,4
0.0356486633066575,0.20306154917392993,1.1570943951861579,4
-0.004633462639099584,0.28880321345876325,1.1119804199055596,4
-0.03982698889640712,0.3637136468707655,1.047487039576541,4
-0.06827359461756977,0.424263065763684,0.9666531857445237,4
-0.08863287421297172,0.46759837826681866,0.8732877539441343,4
-0.09994549733446123,0.49167762212722765,0.771790128337013,4
-0.10167841257288618,0.4953661820807708,0.6669428824938013,4
-0.09374996486912685,0.47849025298430287,0.5636864242705935,4
-0.07653374310486799,0.44184502952335486,0.46688620352537885,2
-0.05084097657442593,0.3871572365958368,0.3811034518593801,2
-0.017882309816824538,0.31700376594209617,0.3103802571389953,4
0.020789243019914194,0.23469025286769274,0.25804910009840754,4
0.06335147628884649,0.14409531453023533,0.22657582766838352,2
0.2534058769213222,-0.2604409464612566,0.3224332887749087,2
0.2857905300290524,-0.3293726125427053,0.3946081672645114,0
0.31078960361584596,-0.3825838600770839,0.481517101709127,1
0.32722513999144576,-0.4175673722222833,0.5790649384493352,4
0.33432269579898444,-0.4326747240068518,0.6826552181780697,2
0.33174783382755924,-0.4271940562031959,0.7874067613500696,3
0.3196218817115748,-0.40138361817262275,0.8883836696242493,3
0.29851621496609226,-0.35645959914156317,0.9808279056586658,4
0.2694253337418684,-0.29453882129989395,1.0603834920856545,2
0.23372000192483072,-0.21853899502564347,1.1233017653993769,3
0.19308265666814153,-0.13204123621525202,1.1666180131815804,4
0.14942813186316645,-0.03912132391016797,1.1882911715099975,4
0.10481343106365731,0.05584235063051798,1.1873,2
0.0613408013678046,0.14837509396139187,1.1636912027063808,2
0.02105867542204759,0.234116758246225,1.1185772274257828,2
-0.014134850835260004,0.3090271916582274,1.054083847096764,3
-0.04258145655642259,0.36957661055114577,0.9732499932647467,3
-0.06294073615182455,0.4129119230542804,0.8798845614643572,4
-0.07425335927331408,0.4369911669146895,0.7783869358572357,4
-0.07598627451173898,0.44067972686823254,0.673539690014024,3
-0.06805782680797967,0.4238037977717647,0.5702832317908166,4
-0.05084160504372079,0.3871585743108165,0.47348301104560164,2
-0.025148838513278676,0.33247078138329844,0.3877002593796029,2
0.007809828244322747,0.2623173107295578,0.3169770646592181,3
0.04648138108106131,0.18000379765515462,0.26464590761863055,2
0.24085374894780878,-0.23372338085375882,0.2617965428714626,4
0.2790980149824694,-0.31512740167379477,0.3158364812546855,2
0.31148266809019964,-0.3840590677552436,0.3880113597442884,2
0.3364817416769932,-0.4372703152896221,0.4749202941889038,2
0.352917278052593,-0.47225382743482164,0.5724681309291121,4
0.36001483386013167,-0.4873611792193902,0.6760584106578464,4
0.35743997188870646,-0.48188051141573424,0.7808099538298465,4
0.345314019772722,-0.4560700733851611,0.8817868621040261,4
0.3242083530272395,-0.41114605435410156,0.9742310981384428,4
0.2951174718030157,-0.3492252765124324,1.0537866845654313,4
0.259412139985978,-0.27322545023818195,1.116704957879154,4
0.21877479472928876,-0.18672769142779036,1.1600212056613575,4
0.1751202699243138,-0.09380777912270649,1.1816943639897743,4
0.13050556912480454,0.001155895417979634,1.180703192479777,0
0.08703293942895193,0.09368863874885336,1.1570943951861579,4
0.04675081348319482,0.17943030303368665,1.1119804199055596,4
0.011557287225887308,0.25434073644568894,1.047487039576541,4
-0.016889318495275307,0.31489015533860726,0.966653185744524,4
-0.03724859809067732,0.3582254678417421,0.8732877539441343,4
-0.048561221212166855,0.38230471170215113,0.7717901283370128,4
-0.05029413645059175,0.38599327165569425,0.6669428824938014,4
-0.04236568874683244,0.36911734255922635,0.5636864242705937,4
-0.02514946698257356,0.3324721190982782,0.46688620352537863,2
0.0005432995478685532,0.2777843261707601,0.3811034518593799,4
0.03350196630546984,0.20763085551701982,0.3103802571389953,2
0.2230334649917255,-0.19579239363425655,0.20895832875807696,4
0.26533527208343893,-0.2858330073591513,0.24231696223549987,4
0.3035795381180996,-0.3672370281791874,0.29635690061872294,2
0.3359641912258299,-0.4361686942606361,0.3685317791083257,2
0.3609632648126234,-0.4893799417950147,0.45544071355294125,4
0.3773988011882232,-0.5243634539402141,0.5529885502931493,4
0.38449635699576185,-0.5394708057247826,0.6565788300218839,4
0.38192149502433664,-0.5339901379211267,0.7613303731938839,4
0.36979554290835215,-0.5081796998905536,0.8623072814680635,4
0.34868987616286967,-0.463255680859494,0.9547515175024801,4
0.31959899493864585,-0.4013349030178249,1.0343071039294687,4
0.28389366312160813,-0.32533507674357426,1.0972253772431912,4
0.24325631786491894,-0.2388373179331828,1.1405416250253948,4
0.19960179305994386,-0.14591740562809877,1.1622147833538117,4
0.15498709226043472,-0.05095373108741282,1.1612236118438144,4
0.111514462564582,0.04157901224346107,1.137614814550195,4
0.071232336618825,0.1273206765282942,1.092500839269597,4
0.03603881036151749,0.20223110994029647,1.0280074589405783,4
0.007592204640354816,0.26278052883321495,0.9471736051085611,4
-0.01276707495504717,0.30611584133634967,0.8538081733081713,4
-0.02407969807653665,0.3301950851967586,0.7523105477010502,4
-0.02581261331496157,0.3338836451503018,0.6474633018578385,4
-0.017884165611202235,0.3170077160538338,0.5442068436346307,2
-0.0006679438469432974,0.2803624925928856,0.4474066228894157,2
0.025024822683498676,0.22567469966536774,0.3616238712234173,2
0.20078471779031518,-0.1484352949580289,0.16640838592202534,4
0.24515080251664118,-0.24286978303245466,0.1775138538923037,4
0.2874526096083547,-0.33291039675734957,0.21087248736972666,2
0.3256968756430153,-0.4143144175773855,0.2649124257529496,2
0.3580815287507456,-0.48324608365883437,0.3370873042425525,2
0.3830806023375391,-0.5364573311932129,0.4239962386871679,4
0.39951613871313896,-0.5714408433384123,0.521544075427376,4
0.40661369452067764,-0.586548195122981,0.6251343551561106,4
0.40403883254925244,-0.581067527319325,0.7298858983281106,4
0.39191288043326794,-0.5552570892887518,0.8308628066022903,4
0.37080721368778546,-0.5103330702576924,0.9233070426367068,4
0.3417163324635616,-0.44841229241602315,1.0028626290636953,4
0.306011000646524,-0.3724124661417727,1.0657809023774178,4
0.2653736553898347,-0.28591470733138113,1.1090971501596216,4
0.22171913058485973,-0.19299479502629724,1.1307703084880385,4
0.1771044297853505,-0.0980311204856111,1.129779136978041,4
0.13363180008949788,-0.005498377154737388,1.106170339684422,0
0.09334967414374085,0.08024328713009571,1.0610563644038238,4
0.05815614788643326,0.1551537205420982,0.9965629840748051,4
0.02970954216527058,0.21570313943501668,0.9157291302427878,4
0.00935026256986865,0.2590384519381512,0.8223636984423985,4
-0.001962360551620884,0.28311769579856033,0.720866072835277,4
-0.0036952757900458044,0.2868062557521035,0.6160188269920652,4
0.004233171913713529,0.26993032665563554,0.5127623687688575,2
0.021449393677972356,0.23328510319468754,0.41596214802364284,2
0.17515586950681936,-0.09388355385852809,0.1361516699553501,4
0.2194956995722902,-0.18826215813178643,0.12448068217118458,4
0.2638617842986163,-0.2826966462062124,0.13558615014146302,4
0.3061635913903298,-0.37273725993110707,0.16894478361888587,2
0.3444078574249904,-0.45414128075114324,0.22298472200210898,2
0.37679251053272067,-0.5230729468325919,0.29515960049171175,2
0.4017915841195142,-0.5762841943669705,0.3820685349363273,4
0.418227120495114,-0.6112677065121699,0.47961637167653537,4
0.4253246763026527,-0.6263750582967385,0.58320665140527,4
0.4227498143312275,-0.6208943904930825,0.6879581945772699,4
0.410623862215243,-0.5950839524625093,0.7889351028514495,4
0.38951819546976046,-0.5501599334314498,0.8813793388858662,4
0.36042731424553665,-0.4882391555897807,0.9609349253128546,4
0.3247219824284989,-0.4122393293155301,1.0238531986265773,4
0.28408463717180976,-0.32574157050513863,1.0671694464087809,4
0.24043011236683468,-0.23282165820005457,1.0888426047371977,4
0.19581541156732551,-0.13785798365936863,1.0878514332272005,4
0.1523427818714729,-0.045325240328494915,1.064242635933581,4
0.1120606559257158,0.040416423956338376,1.019128660652983,4
0.07686712966840822,0.11532685736834078,0.9546352803239643,4
0.04842052394724568,0.17587627626125898,0.8738014264919473,4
0.028061244351843664,0.2192115887643938,0.7804359946915576,4
0.01674862123035413,0.24329083262480286,0.678938369084436,4
0.015015705991929237,0.24697939257834592,0.5740911232412244,2
0.022944153695688543,0.23010346348187807,0.47083466501801696,2
0.14735455284903237,-0.03470765130665712,0.11961387893966718,4
0.1895788330792102,-0.12458324687576253,0.0857163729723649,4
0.23391866314468118,-0.21896185114902106,0.07404538518819931,4
0.2782847478710072,-0.3133963392234468,0.08515085315847776,4
0.3205865549627207,-0.4034369529483417,0.11850948663590077,2
0.3588308209973813,-0.48484097376837765,0.17254942501912374,2
0.39121547410511154,-0.5537726398498263,0.24472430350872648,4
0.4162145476919051,-0.606983887384205,0.3316332379533421,4
0.4326500840675049,-0.6419673995294043,0.42918107469355027,4
0.4397476398750435,-0.6570747513139729,0.5327713544222847,4
0.43717277790361836,-0.651594083510317,0.6375228975942847,4
0.4250468257876338,-0.6257836454797437,0.7384998058684644,4
0.40394115904215133,-0.5808596264486842,0.8309440419028808,4
0.3748502778179274,-0.5189388486070149,0.9104996283298696,4
0.33914494600088985,-0.4429390223327645,0.973417901643592,4
0.2985076007442005,-0.3564412635223729,1.0167341494257958,4
0.25485307593922557,-0.26352135121728903,1.0384073077542126,4
0.21023837513971638,-0.16855767667660307,1.0374161362442151,4
0.1667657454438637,-0.07602493334572918,1.013807338950596,4
0.1264836194981066,0.009716730939104079,0.9686933636699976,0
0.09129009324079917,0.08462716435110623,0.9041999833409791,4
0.0628434875196365,0.14517658324402472,0.8233661295089618,4
0.042484207924234504,0.18851189574715943,0.7300006977085721,4
0.031171584802745025,0.21259113960756848,0.6285030721014506,2
0.029438669564320105,0.21627969956111154,0.5236558262582393,1
0.11869076735124127,0.026304040990654337,0.11757427447597735,0
0.1568098873935658,-0.05483360298333531,0.06304750262755199,4
0.1990341676237437,-0.1447091985524409,0.029149996660249533,4
0.24337399768921458,-0.23908780282569925,0.017479008876084,4
0.2877400824155407,-0.3335222909001252,0.02858447684636245,2
0.3300418895072541,-0.4235629046250199,0.0619431103237853,2
0.36828615554191474,-0.5049669254450558,0.11598304870700826,2
0.40067080864964505,-0.5738985915265047,0.18815792719661115,4
0.4256698822364386,-0.6271098390608834,0.27506686164122673,4
0.4421054186120384,-0.6620933512060827,0.3726146983814348,4
0.4492029744195771,-0.6772007029906513,0.47620497811016926,4
0.44662811244815187,-0.6717200351869953,0.5809565212821693,4
0.4345021603321674,-0.6459095971564222,0.681933429556349,4
0.41339649358668484,-0.6009855781253626,0.7743776655907656,4
0.384305612362461,-0.5390648002836935,0.853933252017754,4
0.34860028054542336,-0.4630649740094429,0.9168515253314767,4
0.30796293528873414,-0.37656721519905145,0.9601677731136803,4
0.26430841048375914,-0.2836473028939676,0.9818409314420972,4
0.2196937096842499,-0.18868362835328145,0.9808497599320998,4
0.1762210799883972,-0.09615088502240757,0.9572409626384806,4
0.13593895404264028,-0.010409220737574637,0.9121269873578824,0
0.10074542778533269,0.06450121267442785,0.8476336070288638,4
0.07229882206417002,0.12505063156734633,0.7667997531968465,4
0.051939542468768016,0.16838594407048105,0.6734343213964568,4
0.04062691934727854,0.19246518793088999,0.5719366957893357,1
0.0905151521258025,0.08627664881506003,0.13012896283616904,4
0.12273293699627733,0.017700166578620447,0.05754222952507165,0
0.1608520570386019,-0.06343747739536926,0.003015457676646127,4
0.2030763372687797,-0.15331307296447463,-0.030882048290656217,4
0.24741616733425068,-0.24769167723773317,-0.04255303607482186,4
0.2917822520605767,-0.34212616531215895,-0.031447568104543466,2
0.3340840591522901,-0.4321667790370537,0.0019110653728793836,2
0.3723283251869508,-0.5135707998570899,0.0559510037561024,2
0.4047129782946811,-0.5825024659385386,0.1281258822457053,4
0.4297120518814746,-0.6357137134729172,0.2150348166903207,4
0.4461475882570744,-0.6706972256181166,0.3125826534305287,4
0.45324514406461314,-0.6858045774026852,0.4161729331592634,4
0.45067028209318793,-0.6803239095990293,0.5209244763312633,4
0.43854432997720344,-0.6545134715684561,0.6219013846054431,4
0.41743866323172096,-0.6095894525373967,0.7143456206398596,4
0.38834778200749714,-0.5476686746957274,0.7939012070668483,4
0.3526424501904595,-0.471668848421477,0.8568194803805708,4
0.31200510493377026,-0.38517108961108554,0.9001357281627744,4
0.2683505801287952,-0.29225117730600153,0.9218088864911913,4
0.22373587932928596,-0.1972875027653154,0.9208177149811939,4
0.18026324963343343,-0.10475475943444187,0.8972089176875748,4
0.13998112368767635,-0.019013095149608583,0.8520949424069766,0
0.10478759743036875,0.0558973382623939,0.787601562077958,4
0.07634099170920608,0.11644675715531239,0.7067677082459407,4
0.05598171211380415,0.15978206965844693,0.6134022764455513,1
0.06415534367561665,0.14238425966439275,0.15668636643032358,4
0.08895368962053837,0.08960026669213025,0.06945996242923363,4
0.1211714744910133,0.021023784455690392,-0.0031267708818639717,0
0.15929059453333783,-0.06011385951829923,-0.05765354273028939,4
0.20151487476351573,-0.14998945508740477,-0.09155104869759179,4
0.24585470482898664,-0.24436805936066316,-0.10322203648175732,4
0.2902207895553126,-0.3388025474350889,-0.09211656851147887,2
0.33252259664702616,-0.4288431611599838,-0.0587579350340558,2
0.37076686268168685,-0.51024718198002,-0.004717996650832779,4
0.403151515789417,-0.5791788480614686,0.06745688183876997,4
0.42815058937621053,-0.632390095595847,0.15436581628338547,4
0.44458612575181033,-0.6673736077410465,0.2519136530235938,4
0.45168368155934896,-0.6824809595256149,0.35550393275232817,4
0.4491088195879238,-0.6770002917219591,0.4602554759243283,4
0.43698286747193926,-0.6511898536913858,0.5612323841985078,4
0.41587720072645673,-0.6062658346603262,0.6536766202329245,4
0.38678631950223286,-0.5443450568186571,0.7332322066599131,4
0.35108098768519524,-0.46834523054440663,0.7961504799736354,4
0.310443642428506,-0.381847471734015,0.8394667277558391,4
0.2667891176235309,-0.28892755942893095,0.8611398860842561,4
0.22217441682402184,-0.19396388488824517,0.8601487145742586,4
0.17870178712816914,-0.10143114155737129,0.8365399172806394,4
0.13841966118241206,-0.015689477272538027,0.791425942000041,0
0.10322613492510449,0.059220956139464404,0.7269325616710223,4
0.07477952920394196,0.11977037503238261,0.6460987078390052,1
0.04085341759079662,0.19198307990156252,0.1959950989745305,4
0.05706382521717569,0.15747876077766845,0.0982391371254216,4
0.08186217116209743,0.10469476780540596,0.011012733124331653,4
0.11407995603257227,0.03611828556896632,-0.06157400018676584,4
0.15219907607489688,-0.045019358405023524,-0.11610077203519142,4
0.19442335630507473,-0.13489495397412893,-0.14999827800249366,4
0.2387631863705456,-0.22927355824738727,-0.1616692657866593,2
0.2831292710968717,-0.3237080463218132,-0.15056379781638085,2
0.3254310781885852,-0.41374866004670807,-0.11720516433895778,2
0.3636753442232458,-0.495152680866744,-0.06316522595573482,4
0.396059997330976,-0.5640843469481928,0.009009652533867929,4
0.42105907091776956,-0.6172955944825713,0.09591858697848349,4
0.43749460729336936,-0.6522791066277708,0.1934664237186916,4
0.44459216310090804,-0.6673864584123392,0.29705670344742624,4
0.44201730112948284,-0.6619057906086834,0.4018082466194261,4
0.42989134901349835,-0.6360953525781101,0.5027851548936059,4
0.40878568226801587,-0.5911713335470506,0.5952293909280224,4
0.37969480104379205,-0.5292505557053815,0.6747849773550109,4
0.34398946922675433,-0.4532507294311309,0.7377032506687335,4
0.30335212397006506,-0.3667529706207393,0.7810194984509371,4
0.25969759916509016,-0.27383305831565563,0.802692656779354,4
0.2150828983655809,-0.17886938377496947,0.8017014852693565,4
0.1716102686697282,-0.08633664044409559,0.7780926879757373,4
0.13132814272397111,-0.0005949761592623226,0.732978712695139,0
0.09613461646666369,0.07431545725273983,0.6684853323661206,2
0.021707361880142648,0.23273601045274958,0.2462029308798035,4
0.02856599590986765,0.21813721054777194,0.14252367735605387,4
0.044776403536246775,0.18363289142387776,0.04476771550694458,4
0.06957474948116851,0.13084889845161526,-0.04245868849414541,4
0.10179253435164337,0.062272416215175624,-0.11504542180524291,4
0.13991165439396788,-0.018865227758814024,-0.16957219365366827,0
0.1821359346241457,-0.1087408233279194,-0.2034696996209706,4
0.22647576468961667,-0.20311942760117796,-0.21514068740513625,2
0.2708418494159428,-0.2975539156756039,-0.2040352194348578,2
0.3131436565076562,-0.38759452940049866,-0.17067658595743496,2
0.3513879225423168,-0.4689985502205346,-0.116636647574212,4
0.38377257565004713,-0.5379302163019835,-0.04446176908460914,4
0.4087716492368406,-0.5911414638363619,0.042447165360006256,4
0.4252071856124405,-0.6261249759815615,0.13999500210021454,4
0.43230474141997915,-0.64123232776613,0.24358528182894895,4
0.42972987944855395,-0.6357516599624741,0.3483368250009491,4
0.41760392733256946,-0.6099412219319009,0.44931373327512864,4
0.396498260587087,-0.5650172029008415,0.5417579693095451,4
0.3674073793628631,-0.5030964250591722,0.6213135557365338,4
0.33170204754582544,-0.4270965987849216,0.6842318290502565,4
0.2910647022891363,-0.34059883997453033,0.7275480768324599,4
0.24741017748416122,-0.24767892766944632,0.7492212351608769,4
0.20279547668465198,-0.15271525312876016,0.7482300636508794,4
0.15932284698879928,-0.06018250979788628,0.7246212663572602,4
0.11904072104304235,0.02555915448694665,0.6795072910766622,0
0.007619339717187951,0.26272277104130237,0.3049440664098083,4
0.0048030209463607865,0.268717386590951,0.20022689320667836,4
0.011661654976085789,0.2541185866859734,0.09654763968292873,4
0.02787206260246483,0.21961426756207938,-0.0012083221661802201,4
0.05267040854738664,0.16683027458981672,-0.08843472616727055,4
0.08488819341786147,0.09825379235337714,-0.16102145947836788,4
0.12300731346018592,0.01711614837938763,-0.21554823132679335,0
0.16523159369036383,-0.07275944718971794,-0.2494457372940958,4
0.20957142375583482,-0.1671380514629765,-0.26111672507826145,2
0.2539375084821608,-0.2615725395374022,-0.2500112571079831,2
0.2962393155738743,-0.351613153262297,-0.21665262363056015,2
0.334483581608535,-0.4330171740823331,-0.16261268524733719,4
0.3668682347162652,-0.5019488401637818,-0.0904378067577345,4
0.39186730830305877,-0.5551600876981605,-0.003528872313118825,4
0.40830284467865857,-0.5901435998433598,0.09401896442708918,4
0.41540040048619725,-0.6052509516279285,0.19760924415582382,4
0.41282553851477205,-0.5997702838242727,0.3023607873278237,4
0.4006995863987876,-0.5739598457936995,0.4033376956020033,4
0.3795939196533051,-0.52903582676264,0.49578193163642004,4
0.35050303842908126,-0.4671150489209708,0.5753375180634086,4
0.3147977066120437,-0.3911152226467205,0.6382557913771311,4
0.27416036135535443,-0.3046174638363288,0.6815720391593347,4
0.23050583655037937,-0.21169755153124484,0.7032451974877517,4
0.18589113575087013,-0.1167338769905587,0.7022540259777543,4
0.14241850605501757,-0.02420113365968518,0.6786452286841352,2
-0.0007468205369985104,0.28053038389752327,0.3694506201030392,4
-0.013105387016615427,0.30683594829509253,0.26862980604683573,4
-0.01592170578744259,0.31283056384474106,0.16391263284370622,4
-0.009063071757717533,0.29823176393976336,0.06023337931995615,4
0.007147335868661536,0.2637274448158693,-0.03752258252915275,4
0.03194568181358326,0.21094345184360677,-0.12474898653024269,4
0.06416346668405812,0.14236696960716713,-0.19733571984134013,4
0.10228258672638274,0.06122932563317729,-0.2518624916897657,4
0.14450686695656065,-0.028646269935928254,-0.28575999765706805,2
0.18884669702203152,-0.12302487420918665,-0.2974309854412336,2
0.23321278174835752,-0.2174593622836124,-0.28632551747095514,2
0.2755145888400711,-0.3074999760085073,-0.2529668839935322,2
0.31375885487473165,-0.38890399682854326,-0.1989269456103091,4
0.3461435079824619,-0.457835662909992,-0.1267520671207063,4
0.37114258156925545,-0.5110469104443706,-0.03984313267609085,4
0.38757811794485525,-0.5460304225895699,0.057704704064117485,4
0.3946756737523939,-0.5611377743741385,0.1612949837928519,4
0.3921008117809687,-0.5556571065704825,0.26604652696485176,4
0.3799748596649842,-0.5298466685399094,0.3670234352390315,4
0.3588691929195016,-0.48492264950884967,0.45946767127344823,4
0.3297783116952779,-0.42300187166718073,0.5390232577004366,4
0.29407297987824016,-0.3470020453929301,0.6019415310141591,4
0.2534356346215509,-0.26050428658253844,0.6452577787963627,4
0.2097811098165758,-0.1675843742774544,0.6669309371247797,4
0.16516640901706675,-0.07262069973676866,0.6659397656147822,2
0.00551629066875603,0.16299749776922914,0.6659397656147822,4
-0.05737095993136104,0.24360377440429123,0.6423309683211631,4
-0.1156428465593278,0.3182942684035967,0.5972169930405649,4
-0.16655359478710863,0.3835495596778324,0.5327236127115462,4
-0.20770428742349512,0.4362948153969115,0.4518897588795289,4
-0.2371559016210149,0.4740446762780927,0.3585243270791394,4
-0.2535206757366618,0.49502036684888834,0.257026701472018,4
-0.2560275007350581,0.4982335114428745,0.15217945562880641,4
-0.24455825488762317,0.4835327065141859,0.04892299740559869,4
-0.21965336967476873,0.4516106547807288,-0.04787722333961619,4
-0.1824863646255122,0.403971525034905,-0.13365997500561477,4
-0.1348085510142329,0.34286007562931514,-0.20438316972599957,4
-0.0788665099793501,0.27115588134260604,-0.25671432676658723,2
-0.017296233499403152,0.192237647661221,-0.2881875991966114,2
0.047001083690571155,0.10982400599538944,-0.2973199647285548,2
0.11099574855079455,0.027798291567326182,-0.2836811058079991,0
0.17167232903552346,-0.0499744395530348,-0.24791368619990428,4
0.22617174141302177,-0.11982953209767175,-0.1917030686374822,4
0.271925970444578,-0.17847541035355377,-0.11769790043967676,4
0.30677907440049645,-0.22314867738704866,-0.029385309107221147,4
0.32908877315020924,-0.2517443264558743,0.06907341131251044,4
0.3378038324902448,-0.26291492903986746,0.17303888062454437,4
0.33251359835636374,-0.2561341257452315,0.2776122403303007,4
0.3134673468651238,-0.2317214283874464,0.3778659881031942,4
0.28156253840987866,-0.19082716457736068,0.46907616196294777,2
0.040075386734749585,0.1187010778880907,0.7032451974877518,4
-0.024463977211196503,0.2014249650740285,0.7022540259777544,4
-0.08735122781131371,0.2820312417090908,0.6786452286841352,4
-0.1456231144392804,0.35672173570839605,0.6335312534035371,4
-0.19653386266706124,0.42197702698263184,0.5690378730745184,4
-0.23768455530344768,0.4747222827017108,0.4882040192425011,4
-0.26713616950096747,0.5124721435828921,0.3948385874421116,4
-0.2835009436166143,0.5334478341536877,0.29334096183499014,4
-0.2860077686150106,0.5366609787476738,0.1884937159917785,4
-0.2745385227675757,0.5219601738189852,0.08523725776857083,4
-0.2496336375547213,0.4900381220855281,-0.011562962976643942,4
-0.21246663250546466,0.44239899233970426,-0.09734571464264274,4
-0.16478881889418545,0.3812875429341145,-0.16806890936302732,4
-0.10884677785930252,0.3095833486474052,-0.2204000664036151,2
-0.047276501379355684,0.23066511496602032,-0.25187333883363927,2
0.017020815810618733,0.14825147330018862,-0.26100570436558257,2
0.08101548067084202,0.0662257588721255,-0.24736684544502685,4
0.14169206115557093,-0.01154697224823547,-0.21159942583693214,0
0.19619147353306934,-0.08140206479287254,-0.15538880827450985,4
0.24194570256462555,-0.14004794304875456,-0.0813836400767044,4
0.27679880652054395,-0.18472121008224934,0.0069289512557511035,4
0.2991085052702567,-0.213316859151075,0.10538767167548269,4
0.30782356461029237,-0.22448746173506817,0.20935314098751703,4
0.3025333304764112,-0.2177066584404322,0.3139265006932729,4
0.2834870789851714,-0.19329396108264718,0.414180248466166,2
0.07877204549398331,0.06910130128736933,0.72754807683246,4
0.015621666498129794,0.15004484501639512,0.7492212351608769,4
-0.04891769744781643,0.23276873220233307,0.7482300636508795,4
-0.11180494804793353,0.31337500883739516,0.7246212663572604,4
-0.17007683467590035,0.3880655028367006,0.6795072910766622,4
-0.2209875829036811,0.4533207941109363,0.6150139107476436,4
-0.2621382755400676,0.5060660498300152,0.5341800569156264,4
-0.29158988973758737,0.5438159107111966,0.4408146251152368,4
-0.3079546638532343,0.5647916012819922,0.33931699950811534,4
-0.31046148885163055,0.5680047458759784,0.23446975366490375,4
-0.29899224300419563,0.5533039409472899,0.13121329544169613,4
-0.2740873577913412,0.5213818892138328,0.03441307469648114,4
-0.23692035274208473,0.4737427594680089,-0.05136967696951744,4
-0.1892425391308054,0.41263131006241904,-0.12209287168990224,4
-0.1333004980959226,0.34092711577570994,-0.1744240287304899,2
-0.07173022161597561,0.26200888209432494,-0.20589730116051408,2
-0.0074329044260013355,0.17959524042849337,-0.2150296666924575,2
0.05656176043422195,0.09756952600043026,-0.20139080777190177,4
0.117238340918951,0.019796794880069114,-0.16562338816380695,0
0.1717377532964494,-0.05005829766456795,-0.10941277060138477,4
0.21749198232800546,-0.10870417592044976,-0.03540760240357954,4
0.25234508628392405,-0.15337744295394476,0.052904988928876184,4
0.2746547850336367,-0.18197309202277043,0.15136370934860782,4
0.2833698443736724,-0.1931436946067636,0.2553291786606422,4
0.2780796102397912,-0.1863628913121276,0.359902538366398,2
0.11978287830709686,0.01653531210478682,0.7377032506687335,0
0.06099713351179863,0.09188444824843536,0.7810194984509371,4
-0.0021532454840550164,0.17282799197746132,0.802692656779354,4
-0.0666926094300011,0.2555518791633991,0.8017014852693565,4
-0.12957986003011832,0.33615815579846137,0.7780926879757373,4
-0.18785174665808496,0.41084864979776664,0.7329787126951393,4
-0.23876249488586582,0.47610394107200243,0.6684853323661205,4
-0.2799131875222523,0.5288491967910814,0.5876514785341033,4
-0.3093648017197721,0.5665990576722627,0.4942860467337137,4
-0.32572957583541895,0.5875747482430583,0.39278842112659224,4
-0.3282364008338152,0.5907878928370444,0.2879411752833807,4
-0.3167671549863803,0.5760870879083558,0.18468471706017292,4
-0.29186226977352586,0.5441650361748988,0.08788449631495815,4
-0.2546952647242693,0.49652590642907485,0.0021017446489594027,4
-0.20701745111299003,0.4354144570234851,-0.06862145007142523,4
-0.15107541007810715,0.36371026273677587,-0.12095260711201306,2
-0.08950513359816029,0.28479202905539097,-0.15242587954203712,2
-0.025207816408186007,0.2023783873895594,-0.16155824507398053,2
0.03878684845203742,0.12035267296149613,-0.14791938615342481,4
0.09946342893676646,0.042579941841134956,-0.11215196654532988,4
0.15396284131426463,-0.027275150703501803,-0.05594134898290787,4
0.1997170703458209,-0.08592102895938383,0.018063819214897636,4
0.23457017430173935,-0.13059429599287872,0.1063764105473532,4
0.2568798730514522,-0.1591899450617045,0.20483513096708522,4
0.2655949323914877,-0.17036054764569755,0.3088006002791187,2
0.16117545252900373,-0.03651997742574566,0.7332322066599128,4
0.10952432938674311,0.029684295789991995,0.7961504799736354,0
0.05073858459144481,0.1050334319336407,0.839466727755839,4
-0.012411794404408705,0.1859769756626665,0.8611398860842558,4
-0.07695115835035493,0.26870086284860445,0.8601487145742586,4
-0.13983840895047206,0.34930713948366654,0.8365399172806394,4
-0.19811029557843873,0.4239976334829719,0.7914259420000411,4
-0.2490210438062196,0.48925292475720766,0.7269325616710225,4
-0.2901717364426061,0.5419981804762867,0.6460987078390054,4
-0.31962335064012587,0.5797480413574679,0.5527332760386157,4
-0.3359881247557728,0.6007237319282636,0.45123565043149444,4
-0.33849494975416905,0.6039368765222498,0.3463884045882827,4
-0.32702570390673413,0.5892360715935612,0.2431319463650751,4
-0.3021208186938797,0.5573140198601041,0.14633172561986013,4
-0.26495381364462317,0.5096748901142804,0.06054897395386155,4
-0.21727600003334385,0.4485634407086904,-0.010174220766523245,2
-0.1613339589984611,0.3768592464219813,-0.06250537780711096,2
-0.09976368251851425,0.2979410127405965,-0.09397865023713503,2
-0.035466365328539834,0.21552737107476475,-0.10311101576907855,4
0.028528299531683593,0.13350165664670147,-0.08947215684852283,4
0.08920488001641241,0.0557289255263406,-0.05370473724042807,4
0.1437042923939108,-0.014126167018296464,0.002505880321994114,0
0.18945852142546707,-0.07277204527417849,0.07651104851979962,4
0.22431162538138552,-0.11744531230767338,0.16482363985225518,4
0.24662132413109825,-0.14604096137649905,0.26328236027198676,2
0.2009993478389287,-0.08756459921163737,0.7143456206398598,4
0.15891665004665467,-0.03362473783395705,0.7939012070668483,4
0.10726552690439398,0.03257953538178077,0.856819480380571,4
0.04847978210909576,0.10792867152542931,0.9001357281627745,4
-0.014670596886757897,0.18887221525445527,0.9218088864911915,4
-0.07920996083270399,0.27159610244039306,0.920817714981194,4
-0.14209721143282117,0.35220237907545526,0.8972089176875748,4
-0.2003690980607879,0.4268928730747606,0.8520949424069767,4
-0.2512798462885687,0.4921481643489964,0.787601562077958,4
-0.29243053892495513,0.5448934200680754,0.7067677082459407,4
-0.3218821531224749,0.5826432809492567,0.6134022764455512,4
-0.33824692723812183,0.6036189715200523,0.5119046508384297,4
-0.3407537522365181,0.6068321161140383,0.40705740499521825,4
-0.3292845063890832,0.5921313111853498,0.3038009467720104,4
-0.30437962117622874,0.5602092594518927,0.20700072602679565,4
-0.26721261612697217,0.5125701297060689,0.1212179743607969,4
-0.21953480251569296,0.45145868030047903,0.05049477964041227,2
-0.16359276148081014,0.37975448601376993,-0.0018363774001754485,2
-0.10202248500086317,0.3008362523323849,-0.03330964983019963,2
-0.03772516781088875,0.2184226106665532,-0.042442015362142926,4
0.0262694970493344,0.13639689623849025,-0.028803156441587263,4
0.08694607753406344,0.0586241651181291,0.0069642631665075005,4
0.14144548991156186,-0.011230927426507963,0.06317488072892974,0
0.18719971894311807,-0.06987680568238999,0.13718004892673524,4
0.22205282289903647,-0.11455007271588477,0.2254926402591907,2
0.23737806015069304,-0.13419332793243083,0.6819334295563491,4
0.20684672668888646,-0.09505952755835101,0.7743776655907656,4
0.16476402889661226,-0.041119666180670526,0.8539332520177543,4
0.1131129057543517,0.025084607035067104,0.9168515253314767,0
0.05432716095905338,0.10043374317871581,0.9601677731136803,4
-0.00882321803680014,0.1813772869077416,0.9818409314420973,4
-0.07336258198274631,0.2641011740936795,0.9808497599320998,4
-0.1362498325828635,0.34470745072874165,0.9572409626384807,4
-0.19452171921083022,0.41939794472804703,0.9121269873578824,4
-0.24543246743861102,0.48465323600228283,0.8476336070288638,4
-0.28658316007499746,0.5373984917213617,0.7667997531968467,4
-0.3160347742725173,0.575148352602543,0.673434321396457,4
-0.33239954838816416,0.5961240431733387,0.5719366957893356,4
-0.33490637338656043,0.5993371877673248,0.4670894499461239,4
-0.3234371275391255,0.5846363828386362,0.3638329917229163,4
-0.29853224232627096,0.5527143311051791,0.2670327709777013,4
-0.2613652372770146,0.5050752013593554,0.18125001931170284,4
-0.2136874236657353,0.4439637519537655,0.11052682459131802,2
-0.15774538263085236,0.3722595576670562,0.058195667550730246,2
-0.09617510615090535,0.2933413239856712,0.026722395120706177,2
-0.031877788960931214,0.21092768231983977,0.017590029588762768,4
0.03211687589929221,0.1289019678917765,0.031228888509318486,4
0.09279345638402126,0.05112923677141532,0.06699630811741342,4
0.14729286876151965,-0.018725855773221715,0.12320692567983571,4
0.1930470977930757,-0.07737173402910347,0.1972120938776409,2
0.2685974225860518,-0.17420901538609895,0.6375228975942847,2
0.25105609152745034,-0.15172526279135284,0.7384998058684642,4
0.22052475806564367,-0.11259146241727297,0.8309440419028808,4
0.17844206027336965,-0.05865160103959265,0.9104996283298694,4
0.12679093713110895,0.00755267217614517,0.973417901643592,0
0.06800519233581073,0.08290180831979371,1.0167341494257955,4
0.004854813339957159,0.1638453520488196,1.0384073077542126,4
-0.05968455060598901,0.24656923923475746,1.0374161362442151,4
-0.12257180120610614,0.32717551586981963,1.013807338950596,4
-0.1808436878340729,0.401866009869125,0.9686933636699977,4
-0.2317544360618537,0.4671213011433607,0.9041999833409791,4
-0.2729051286982402,0.5198665568624398,0.8233661295089618,4
-0.3023567428957599,0.557616417743621,0.7300006977085723,4
-0.3187215170114069,0.5785921083144167,0.6285030721014508,4
-0.32122834200980316,0.5818052529084028,0.5236558262582393,4
-0.30975909616236824,0.5671044479797142,0.4203993680350315,4
-0.28485421094951374,0.5351823962462571,0.3235991472898167,4
-0.24768720590025728,0.48754326650043334,0.23781639562381812,4
-0.20000939228897796,0.42643181709484346,0.16709320090343333,2
-0.14406735125409503,0.3547276228081342,0.11476204386284555,2
-0.08249707477414833,0.2758093891267495,0.08328877143282154,4
-0.018199757584173887,0.19339574746091776,0.07415640590087808,4
0.04579490727604951,0.11137003303285448,0.0877952648214338,4
0.10647148776077855,0.033597301912493306,0.12356268442952872,4
0.16097090013827672,-0.036257790632143454,0.17977330199195068,2
0.29318637711007534,-0.20572612023034717,0.58320665140527,2
0.2894615969164084,-0.20095185104493365,0.6879581945772699,4
0.27192026585780693,-0.17846809845018755,0.7889351028514496,4
0.24138893239600034,-0.13933429807610773,0.8813793388858662,4
0.19930623460372615,-0.08539443669842725,0.9609349253128548,4
0.1476551114614656,-0.019190163482689614,1.0238531986265773,4
0.08886936666616732,0.05615897266095902,1.0671694464087809,4
0.025718987670313748,0.13710251638998489,1.0888426047371977,4
-0.03882037627563242,0.21982640357592276,1.0878514332272005,4
-0.10170762687574958,0.3004326802109849,1.0642426359335813,4
-0.15997951350371625,0.3751231742102902,1.019128660652983,4
-0.2108902617314971,0.4403784654845261,0.9546352803239644,4
-0.2520409543678836,0.493123721203605,0.8738014264919473,4
-0.28149256856540344,0.5308735820847864,0.7804359946915576,4
-0.2978573426810503,0.5518492726555819,0.6789383690844362,4
-0.30036416767944657,0.5550624172495681,0.5740911232412245,4
-0.28889492183201165,0.5403616123208795,0.47083466501801685,4
-0.26399003661915715,0.5084395605874225,0.3740344442728021,4
-0.2268230315699007,0.4608004308415986,0.2882516926068034,2
-0.17914521795862137,0.39968898143600873,0.21752849788641862,2
-0.1232031769237387,0.3279847871492998,0.16519734084583093,2
-0.061632900443791744,0.2490665534679148,0.13372406841580686,4
0.0026644167461827017,0.16665291180208305,0.12459170288386334,4
0.0666590816064061,0.08462719737401977,0.13823056180441906,4
0.12733566209113492,0.006854466253658909,0.17399798141251377,0
0.30998629086477425,-0.22725955479194537,0.5215440754273762,2
0.3202535733788474,-0.24041973283633533,0.6251343551561106,4
0.31652879318518046,-0.23564546365092182,0.7298858983281107,4
0.298987462126579,-0.2131617110561757,0.8308628066022903,4
0.2684561286647723,-0.17402791068209583,0.9233070426367069,4
0.22637343087249825,-0.12008804930441552,1.0028626290636955,4
0.1747223077302376,-0.053883776088677775,1.065780902377418,4
0.11593656293493934,0.021465360054970857,1.1090971501596216,0
0.05278618393908577,0.10240890378399672,1.1307703084880387,4
-0.011753180006860403,0.1851327909699346,1.129779136978041,4
-0.07464043060697748,0.26573906760499666,1.106170339684422,4
-0.1329123172349443,0.34042956160430216,1.0610563644038238,4
-0.18382306546272503,0.40568485287853784,0.9965629840748051,4
-0.22497375809911158,0.4584301085976169,0.9157291302427879,4
-0.2544253722966313,0.49617996947879817,0.8223636984423983,4
-0.2707901464122782,0.5171556600495938,0.7208660728352769,4
-0.2732969714106745,0.5203688046435799,0.6160188269920653,4
-0.2618277255632396,0.5056679997148913,0.5127623687688577,4
-0.23692284035038513,0.4737459479814342,0.41596214802364273,4
-0.19975583530112856,0.42610681823561036,0.33017939635764404,2
-0.15207802168984946,0.3649953688300207,0.25945620163725946,2
-0.09613598065496651,0.29329117454331144,0.20712504459667166,4
-0.03456570417501956,0.21437294086192643,0.1756517721666475,4
0.02973161301495486,0.13195929919609473,0.16651940663470421,4
0.09372627787517798,0.04993358476803179,0.18015826555525985,2
0.31820555101160525,-0.23779466247766393,0.45544071355294125,2
0.341981101329839,-0.26826917945549494,0.5529885502931493,2
0.3522483838439121,-0.2814293574998849,0.656578830021884,4
0.34852360365024515,-0.2766550883144714,0.7613303731938839,4
0.3309822725916437,-0.2541713357197252,0.8623072814680637,4
0.300450939129837,-0.21503753534564543,0.9547515175024801,4
0.2583682413375629,-0.161097673967965,1.0343071039294687,4
0.2067171181953023,-0.0948934007522273,1.0972253772431912,4
0.14793137340000403,-0.01954426460857866,1.1405416250253948,4
0.08478099440415043,0.06139927912044722,1.1622147833538117,4
0.020241630458204346,0.144123166306385,1.1612236118438144,4
-0.042645620141912866,0.22472944294144723,1.137614814550195,4
-0.10091750676987951,0.29941993694075253,1.092500839269597,4
-0.1518282549976604,0.3646752282149884,1.028007458940578,4
-0.19297894763404683,0.41742048393406733,0.9471736051085611,4
-0.22243056183156668,0.45517034481524865,0.8538081733081713,4
-0.23879533594721353,0.47614603538604416,0.75231054770105,4
-0.2413021609456098,0.4793591799800303,0.6474633018578385,4
-0.22983291509817488,0.4646583750513417,0.5442068436346307,4
-0.20492802988532027,0.4327363233178846,0.4474066228894157,4
-0.16776102483606392,0.38509719357206085,0.3616238712234173,2
-0.12008321122478458,0.32398574416647097,0.29090067650303253,2
-0.06414117018990168,0.2522815498797617,0.23856951946244476,4
-0.002570893709954697,0.17336331619837667,0.20709624703242063,4
0.06172642348001945,0.0909496745325453,0.19796388150047728,2
0.3174568655709447,-0.236835028447449,0.38801135974428846,4
0.35362037848521943,-0.2831879234817605,0.4749202941889039,2
0.37739592880345324,-0.31366244045959163,0.5724681309291122,4
0.38766321131752635,-0.3268226185039816,0.6760584106578466,4
0.3839384311238594,-0.3220483493185681,0.7808099538298466,4
0.36639710006525794,-0.29956459672382196,0.8817868621040262,4
0.33586576660345135,-0.26043079634974214,0.9742310981384429,4
0.2937830688111773,-0.2064909349720618,1.0537866845654313,4
0.24213194566891663,-0.14028666175632407,1.116704957879154,4
0.18334620087361836,-0.06493752561267542,1.1600212056613577,4
0.12019582187776484,0.01600601811635039,1.1816943639897746,0
0.055656457931818615,0.09872990530228831,1.180703192479777,4
-0.007230792668298458,0.17933618193735038,1.1570943951861579,4
-0.06550267929626524,0.25402667593665584,1.1119804199055596,4
-0.11641342752404601,0.3192819672108915,1.047487039576541,4
-0.15756412016043253,0.37202722292997065,0.9666531857445237,4
-0.18701573435795232,0.40977708381115185,0.8732877539441343,4
-0.20338050847359923,0.4307527743819474,0.771790128337013,4
-0.2058873334719955,0.4339659189759336,0.6669428824938013,4
-0.1944180876245606,0.41926511404724504,0.5636864242705935,4
-0.16951320241170614,0.387343062313788,0.46688620352537885,2
-0.13234619736244962,0.33970393256796416,0.3811034518593801,2
-0.0846683837511703,0.2785924831623743,0.3103802571389953,4
-0.028726342716287406,0.20688828887566504,0.25804910009840754,4
0.032843933763659294,0.12797005519428037,0.22657582766838352,2
0.3077755126409729,-0.224425870708352,0.3224332887749087,2
0.35462296148021316,-0.2844729928952406,0.3946081672645114,1
0.39078647439448794,-0.3308258879295522,0.481517101709127,1
0.4145620247127217,-0.36130040490738324,0.5790649384493352,4
0.4248293072267948,-0.3744605829517732,0.6826552181780697,3
0.42110452703312784,-0.3696863137663597,0.7874067613500696,2
0.4035631959745264,-0.3472025611716136,0.8883836696242493,3
0.37303186251271975,-0.3080687607975337,0.9808279056586658,4
0.33094916472044567,-0.2541288994198533,1.0603834920856545,2
0.27929804157818505,-0.1879246262041156,1.1233017653993769,3
0.2205122967828868,-0.11257549006046705,1.1666180131815804,4
0.15736191778703315,-0.03163194633144108,1.1882911715099975,4
0.09282255384108706,0.0510919408544967,1.1873,2
0.02993530324096985,0.13169821748955893,1.1636912027063808,2
-0.028336583386996794,0.2063887114888642,1.1185772274257828,2
-0.07924733161477765,0.2716440027631001,1.054083847096764,4
-0.12039802425116408,0.32438925848217903,0.9732499932647467,3
-0.14984963844868388,0.36213911936336024,0.8798845614643572,3
-0.16621441256433078,0.38311480993415586,0.7783869358572357,3
-0.16872123756272706,0.386327954528142,0.673539690014024,3
-0.15725199171529214,0.3716271495994534,0.5702832317908166,4
-0.1323471065024377,0.33970509786599634,0.47348301104560164,2
-0.09518010145318109,0.29206596812017244,0.3877002593796029,2
-0.047502287841901775,0.23095451871458247,0.3169770646592181,3
0.008439753192980931,0.15925032442787354,0.26464590761863055,2
0.2896176780917925,-0.20115190943960795,0.2617965428714626,4
0.34494160855024136,-0.2720638351561435,0.3158364812546855,2
0.3917890573894816,-0.3321109573430323,0.3880113597442884,2
0.4279525703037564,-0.3784638523773438,0.4749202941889038,2
0.4517281206219902,-0.40893836935517497,0.5724681309291121,4
0.4619954031360633,-0.4220985473995649,0.6760584106578464,4
0.45827062294239634,-0.4173242782141514,0.7808099538298465,4
0.4407292918837949,-0.3948405256194053,0.8817868621040261,4
0.4101979584219883,-0.3557067252453255,0.9742310981384428,4
0.3681152606297142,-0.3017668638676451,1.0537866845654313,4
0.3164641374874536,-0.2355625906519075,1.116704957879154,4
0.2576783926921553,-0.16021345450825877,1.1600212056613575,4
0.1945280136963018,-0.07926991077923295,1.1816943639897743,4
0.12998864975035557,0.003453976406704979,1.180703192479777,0
0.06710139915023847,0.08406025304176704,1.1570943951861579,4
0.00882951252227171,0.15875074704107248,1.1119804199055596,4
-0.04208123570550906,0.22400603831530816,1.047487039576541,4
-0.0832319283418955,0.27675129403438714,0.966653185744524,4
-0.11268354253941534,0.3145011549155685,0.8732877539441343,4
-0.12904831665506225,0.33547684548636414,0.7717901283370128,4
-0.13155514165345855,0.3386899900803503,0.6669428824938014,4
-0.12008589580602361,0.3239891851516617,0.5636864242705937,4
-0.09518101059316916,0.2920671334182046,0.46688620352537863,2
-0.05801400554391259,0.24442800367238068,0.3811034518593799,4
-0.010336191932633493,0.18331655426679105,0.3103802571389953,2
0.2638389600627249,-0.16810981494638147,0.20895832875807696,4
0.32503250556540675,-0.24654517044370453,0.24231696223549987,4
0.38035643602385566,-0.31745709616024026,0.29635690061872294,2
0.42720388486309585,-0.3775042183471289,0.3685317791083257,2
0.4633673977773706,-0.4238571133814405,0.45544071355294125,4
0.4871429480956044,-0.45433163035927154,0.5529885502931493,4
0.49741023060967754,-0.4674918084036615,0.6565788300218839,4
0.4936854504160106,-0.462717539218248,0.7613303731938839,4
0.47614411935740913,-0.4402337866235019,0.8623072814680635,4
0.44561278589560244,-0.401099986249422,0.9547515175024801,4
0.4035300881033284,-0.3471601248717417,1.0343071039294687,4
0.35187896496106774,-0.2809558516560039,1.0972253772431912,4
0.29309322016576955,-0.20560671551235535,1.1405416250253948,4
0.22994284116991587,-0.12466317178332939,1.1622147833538117,4
0.16540347722396978,-0.0419392845973916,1.1612236118438144,4
0.10251622662385257,0.038666992037670635,1.137614814550195,4
0.04424433999588592,0.1133574860369759,1.092500839269597,4
-0.006666408231894849,0.17861277731121158,1.0280074589405783,4
-0.047817100868281365,0.2313580330302907,0.9471736051085611,4
-0.07726871506580119,0.26910789391147205,0.8538081733081713,4
-0.09363348918144804,0.2900835844822675,0.7523105477010502,4
-0.09614031417984431,0.2932967290762537,0.6474633018578385,4
-0.0846710683324094,0.2785959241475651,0.5442068436346307,2
-0.05976618311955478,0.24667387241410796,0.4474066228894157,2
-0.02259917807029846,0.19903474266828422,0.3616238712234173,2
0.23165405313202622,-0.12685653249607828,0.16640838592202534,4
0.2958337705277896,-0.20911943960993096,0.1775138538923037,4
0.35702731603047155,-0.2875547951072541,0.21087248736972666,2
0.4123512464889203,-0.3584667208237898,0.2649124257529496,2
0.45919869532816066,-0.4185138430106785,0.3370873042425525,2
0.4953622082424354,-0.46486673804499,0.4239962386871679,4
0.5191377585606691,-0.4953412550228211,0.521544075427376,4
0.5294050410747423,-0.5085014330672112,0.6251343551561106,4
0.5256802608810753,-0.5037271638817976,0.7298858983281106,4
0.5081389298224739,-0.4812434112870515,0.8308628066022903,4
0.4776075963606673,-0.44210961091297174,0.9233070426367068,4
0.4355248985683932,-0.3881697495352914,1.0028626290636953,4
0.3838737754261326,-0.3219654763195537,1.0657809023774178,4
0.32508803063083436,-0.24661634017590497,1.1090971501596216,4
0.26193765163498084,-0.16567279644687918,1.1307703084880385,4
0.19739828768903456,-0.08294890926094126,1.129779136978041,4
0.13451103708891748,-0.002342632625879187,1.106170339684422,0
0.07623915046095084,0.07234786137342611,1.0610563644038238,4
0.025328402233169928,0.13760315264766193,0.9965629840748051,4
-0.01582229040321656,0.19034840836674105,0.9157291302427878,4
-0.04527390460073635,0.22809826924792215,0.8223636984423985,4
-0.06163867871638326,0.24907395981871783,0.720866072835277,4
-0.06414550371477953,0.252287104412704,0.6160188269920652,4
-0.05267625786734462,0.23758629948401544,0.5127623687688575,2
-0.027771372654490173,0.20566424775055842,0.41596214802364284,2
0.19457951184311165,-0.07933591897371331,0.1361516699553501,4
0.25872124940079827,-0.16155014510206647,0.12448068217118458,4
0.3229009667965618,-0.24381305221591928,0.13558615014146302,4
0.3840945122992435,-0.3222484077132423,0.16894478361888587,2
0.43941844275769243,-0.3931603334297781,0.22298472200210898,2
0.4862658915969327,-0.4532074556166667,0.29515960049171175,2
0.5224294045112075,-0.49956035065097837,0.3820685349363273,4
0.5462049548294412,-0.5300348676288094,0.47961637167653537,4
0.5564722373435143,-0.5431950456731993,0.58320665140527,4
0.5527474571498474,-0.5384207764877859,0.6879581945772699,4
0.535206126091246,-0.5159370238930397,0.7889351028514495,4
0.5046747926294393,-0.4768032235189598,0.8813793388858662,4
0.46259209483716524,-0.4228633621412795,0.9609349253128546,4
0.41094097169490457,-0.35665908892554166,1.0238531986265773,4
0.3521552268996063,-0.28130995278189314,1.0671694464087809,4
0.2890048479037527,-0.2003664090528672,1.0888426047371977,4
0.2244654839578066,-0.11764252186692942,1.0878514332272005,4
0.1615782333576895,-0.03703624523186735,1.064242635933581,4
0.10330634672972275,0.037654248767438094,1.019128660652983,4
0.05239559850194189,0.10290954004167394,0.9546352803239643,4
0.011244905865555543,0.15565479576075272,0.8738014264919473,4
-0.018206708331964305,0.1934046566419341,0.7804359946915576,4
-0.03457148244761121,0.21438034721272972,0.678938369084436,4
-0.037078307446007486,0.21759349180671586,0.5740911232412244,2
-0.02560906159857257,0.20289268687802728,0.47083466501801696,2
0.15436229057300624,-0.02778714824107164,0.11961387893966718,4
0.21544368617346818,-0.10607875463254796,0.0857163729723649,4
0.2795854237311549,-0.18829298076090126,0.07404538518819931,4
0.34376514112691825,-0.27055588787475393,0.08515085315847776,4
0.40495868662960016,-0.3489912433720771,0.11850948663590077,2
0.460282617088049,-0.4199031690886127,0.17254942501912374,2
0.5071300659272893,-0.4799502912755014,0.24472430350872648,4
0.543293578841564,-0.526303186309813,0.3316332379533421,4
0.5670691291597978,-0.5567777032876441,0.42918107469355027,4
0.5773364116738708,-0.5699378813320339,0.5327713544222847,4
0.573611631480204,-0.5651636121466205,0.6375228975942847,4
0.5560703004216025,-0.5426798595518743,0.7384998058684644,4
0.5255389669597959,-0.5035460591777945,0.8309440419028808,4
0.48345626916752166,-0.449606197800114,0.9104996283298696,4
0.43180514602526104,-0.38340192458437633,0.973417901643592,4
0.37301940122996274,-0.30805278844072764,1.0167341494257958,4
0.3098690222341093,-0.22710924471170185,1.0384073077542126,4
0.24532965828816314,-0.14438535752576406,1.0374161362442151,4
0.18244240768804593,-0.06377908089070183,1.013807338950596,4
0.1241705210600792,0.010911413108603586,0.9686933636699976,0
0.07325977283229851,0.07616670438283912,0.9041999833409791,4
0.03210908019591199,0.12891196010191824,0.8233661295089618,4
0.0026574659983921722,0.16666182098309956,0.7300006977085721,4
-0.01370730811725468,0.18763751155389502,0.6285030721014506,2
-0.016214133115650953,0.19085065614788121,0.5236558262582393,1
0.11289742694826074,0.02536079885593718,0.11757427447597735,0
0.16804032194976343,-0.04531908309999349,0.06304750262755199,4
0.22912171755022548,-0.12361068949146997,0.029149996660249533,4
0.2932634551079121,-0.2058249156198231,0.017479008876084,4
0.35744317250367563,-0.28808782273367595,0.02858447684636245,2
0.4186367180063573,-0.366523178230999,0.0619431103237853,2
0.4739606484648062,-0.4374351039475346,0.11598304870700826,2
0.5208080973040465,-0.4974822261344234,0.18815792719661115,4
0.5569716102183213,-0.543835121168735,0.27506686164122673,4
0.5807471605365551,-0.574309638146566,0.3726146983814348,4
0.5910144430506281,-0.587469816190956,0.47620497811016926,4
0.5872896628569613,-0.5826955470055425,0.5809565212821693,4
0.5697483317983598,-0.5602117944107964,0.681933429556349,4
0.5392169983365531,-0.5210779940367165,0.7743776655907656,4
0.49713430054427904,-0.46713813265903614,0.853933252017754,4
0.44548317740201837,-0.40093385944329835,0.9168515253314767,4
0.3866974326067201,-0.3255847232996498,0.9601677731136803,4
0.32354705361086666,-0.244641179570624,0.9818409314420972,4
0.25900768966492044,-0.16191729238468608,0.9808497599320998,4
0.19612043906480323,-0.08131101574962385,0.9572409626384806,4
0.13784855243683672,-0.006620521750318708,0.9121269873578824,0
0.08693780420905581,0.058634769523917114,0.8476336070288638,4
0.04578711157266929,0.11138002524299623,0.7667997531968465,4
0.01633549737514947,0.14912988612417755,0.6734343213964568,4
-2.9276740497380382e-05,0.170105576694973,0.5719366957893357,1
0.07213874757019487,0.07760358819521321,0.13012896283616904,4
0.11874480579821836,0.017865870509223704,0.05754222952507165,0
0.1738877007997211,-0.052814011446707075,0.003015457676646127,4
0.23496909640018301,-0.13110561783818336,-0.030882048290656217,4
0.29911083395786975,-0.21331984396653672,-0.04255303607482186,4
0.36329055135363314,-0.29558275108038934,-0.031447568104543466,2
0.4244840968563149,-0.3740181065777124,0.0019110653728793836,2
0.47980802731476385,-0.4449300322942482,0.0559510037561024,2
0.5266554761540041,-0.5049771544811369,0.1281258822457053,4
0.5628189890682789,-0.5513300495154484,0.2150348166903207,4
0.5865945393865126,-0.5818045664932795,0.3125826534305287,4
0.5968618219005859,-0.5949647445376696,0.4161729331592634,4
0.5931370417069188,-0.5901904753522561,0.5209244763312633,4
0.5755957106483174,-0.56770672275751,0.6219013846054431,4
0.5450643771865109,-0.5285729223834302,0.7143456206398596,4
0.5029816793942368,-0.47463306100574976,0.7939012070668483,4
0.4513305562519761,-0.4084287877900121,0.8568194803805708,4
0.3925448114566779,-0.33307965164636355,0.9001357281627744,4
0.32939443246082434,-0.2521361079173376,0.9218088864911913,4
0.2648550685148781,-0.16941222073139967,0.9208177149811939,4
0.20196781791476115,-0.08880594409633777,0.8972089176875748,4
0.1436959312867944,-0.014115450097032294,0.8520949424069766,0
0.09278518305901348,0.05113984117720353,0.787601562077958,4
0.051634490422626966,0.10388509689628264,0.7067677082459407,4
0.0221828762251072,0.14163495777746374,0.6134022764455513,1
0.034006803600491325,0.12647953673682252,0.15668636643032358,4
0.06987994508784581,0.08049882778700182,0.06945996242923363,4
0.11648600331586947,0.020761110101012066,-0.0031267708818639717,0
0.17162889831737216,-0.04991877185491863,-0.05765354273028939,4
0.2327102939178342,-0.12821037824639506,-0.09155104869759179,4
0.29685203147552086,-0.21042460437474828,-0.10322203648175732,4
0.3610317488712842,-0.2926875114886009,-0.09211656851147887,2
0.4222252943739661,-0.3711228669859241,-0.0587579350340558,2
0.477549224832415,-0.4420347927024598,-0.004717996650832779,4
0.5243966736716552,-0.5020819148893484,0.06745688183876997,4
0.56056018658593,-0.5484348099236599,0.15436581628338547,4
0.5843357369041637,-0.578909326901491,0.2519136530235938,4
0.5946030194182368,-0.592069504945881,0.35550393275232817,4
0.5908782392245698,-0.5872952357604674,0.4602554759243283,4
0.5733369081659684,-0.5648114831657213,0.5612323841985078,4
0.5428055747041616,-0.5256776827916413,0.6536766202329245,4
0.5007228769118875,-0.471737821413961,0.7332322066599131,4
0.449071753769627,-0.4055335481982233,0.7961504799736354,4
0.39028600897432864,-0.3301844120545746,0.8394667277558391,4
0.327135629978475,-0.24924086832554868,0.8611398860842561,4
0.26259626603252906,-0.16651698113961105,0.8601487145742586,4
0.19970901543241185,-0.08591070450454882,0.8365399172806394,4
0.14143712880444512,-0.011220210505243404,0.791425942000041,0
0.09052638057666423,0.05403508076899242,0.7269325616710223,4
0.04937568794027791,0.10678033648807125,0.6460987078390052,1
0.00029837428729331816,0.16968560716007006,0.1959950989745305,4
0.0237482546801375,0.13962852042202786,0.0982391371254216,4
0.05962139616749198,0.09364781147220716,0.011012733124331653,4
0.10622745439551554,0.033910093786217545,-0.06157400018676584,4
0.16137034939701833,-0.03676978816971329,-0.11610077203519142,4
0.22245174499748027,-0.1150613945611896,-0.14999827800249366,4
0.2865934825551669,-0.19727562068954277,-0.1616692657866593,2
0.35077319995093037,-0.27953852780339555,-0.15056379781638085,2
0.4119667454536123,-0.3579738833007188,-0.11720516433895778,2
0.4672906759120611,-0.42888580901725437,-0.06316522595573482,4
0.5141381247513013,-0.488932931204143,0.009009652533867929,4
0.550301637665576,-0.5352858262384547,0.09591858697848349,4
0.5740771879838098,-0.5657603432162857,0.1934664237186916,4
0.584344470497883,-0.5789205212606756,0.29705670344742624,4
0.580619690304216,-0.5741462520752622,0.4018082466194261,4
0.5630783592456146,-0.5516624994805159,0.5027851548936059,4
0.5325470257838079,-0.5125286991064361,0.5952293909280224,4
0.4904643279915339,-0.4585888377287558,0.6747849773550109,4
0.43881320484927316,-0.39238456451301795,0.7377032506687335,4
0.3800274600539748,-0.31703542836936927,0.7810194984509371,4
0.31687708105812146,-0.23609188464034367,0.802692656779354,4
0.25233771711217523,-0.1533679974544057,0.8017014852693565,4
0.18945046651205802,-0.07276172081934348,0.7780926879757373,4
0.1311785798840913,0.001928773179961935,0.732978712695139,0
0.0802678316563106,0.06718406445419747,0.6684853323661206,2
-0.027398197369483346,0.20518592710576036,0.2462029308798035,4
-0.017476537694891436,0.19246875412113626,0.14252367735605387,4
0.005973342697952799,0.16241166738309396,0.04476771550694458,4
0.04184648418530729,0.11643095843327325,-0.04245868849414541,4
0.08845254241333084,0.05669324074728364,-0.11504542180524291,4
0.14359543741483352,-0.013986641208647031,-0.16957219365366827,0
0.20467683301529543,-0.09227824760012332,-0.2034696996209706,4
0.2688185705729822,-0.17449247372847668,-0.21514068740513625,2
0.33299828796874564,-0.25675538084232946,-0.2040352194348578,2
0.39419183347142744,-0.3351907363396525,-0.17067658595743496,2
0.4495157639298763,-0.40610266205618817,-0.116636647574212,4
0.4963632127691166,-0.4661497842430769,-0.04446176908460914,4
0.5325267256833914,-0.5125026792773885,0.042447165360006256,4
0.5563022760016252,-0.5429771962552196,0.13999500210021454,4
0.5665695585156982,-0.5561373742996095,0.24358528182894895,4
0.5628447783220314,-0.551363105114196,0.3483368250009491,4
0.5453034472634299,-0.5288793525194498,0.44931373327512864,4
0.5147721138016232,-0.48974555214537013,0.5417579693095451,4
0.47268941600934916,-0.4358056907676897,0.6213135557365338,4
0.42103829286708844,-0.36960141755195186,0.6842318290502565,4
0.3622525480717904,-0.2942522814083035,0.7275480768324599,4
0.2991021690759368,-0.21330873767927758,0.7492212351608769,4
0.23456280512999053,-0.13058485049333962,0.7482300636508794,4
0.17167555452987332,-0.049978573858277385,0.7246212663572602,4
0.11340366790190681,0.02471192014102775,0.6795072910766622,0
-0.04777784742562566,0.23130771959112154,0.3049440664098083,4
-0.05185191760610333,0.23652969423406497,0.20022689320667836,4
-0.04193025793151142,0.22381252124944087,0.09654763968292873,4
-0.018480377538667297,0.19375543451139868,-0.0012083221661802201,4
0.0173927639486873,0.14777472556157786,-0.08843472616727055,4
0.0639988221767108,0.08803700787558835,-0.16102145947836788,4
0.11914171717821337,0.017357125919657747,-0.21554823132679335,0
0.18022311277867545,-0.0609344804718187,-0.2494457372940958,4
0.2443648503363622,-0.14314870660017207,-0.26111672507826145,2
0.3085445677321256,-0.2254116137140247,-0.2500112571079831,2
0.36973811323480743,-0.30384696921134774,-0.21665262363056015,2
0.4250620436932563,-0.3747588949278835,-0.16261268524733719,4
0.47190949253249653,-0.4348060171147721,-0.0904378067577345,4
0.5080730054467714,-0.4811589121490838,-0.003528872313118825,4
0.5318485557650051,-0.5116334291269149,0.09401896442708918,4
0.5421158382790783,-0.524793607171305,0.19760924415582382,4
0.5383910580854113,-0.5200193379858914,0.3023607873278237,4
0.52084972702681,-0.4975355853911453,0.4033376956020033,4
0.4903183935650033,-0.4584017850170655,0.49578193163642004,4
0.4482356957727292,-0.4044619236393851,0.5753375180634086,4
0.3965845726304687,-0.3382576504236476,0.6382557913771311,4
0.33779882783517046,-0.26290851427999884,0.6815720391593347,4
0.2746484488393168,-0.18196497055097297,0.7032451974877517,4
0.21010908489337055,-0.09924108336503501,0.7022540259777543,4
0.14722183429325358,-0.018634806729973107,0.6786452286841352,2
-0.05988028567577722,0.24682012435108827,0.3694506201030392,4
-0.07775811530557816,0.2697351868959208,0.26862980604683573,4
-0.08183218548605578,0.27495716153886424,0.16391263284370622,4
-0.07191052581146382,0.26223998855424,0.06023337931995615,4
-0.048460645418619636,0.2321829018161978,-0.03752258252915275,4
-0.012587503931265148,0.1862021928663771,-0.12474898653024269,4
0.034018554296758374,0.1264644751803875,-0.19733571984134013,4
0.08916144929826117,0.05578459322445666,-0.2518624916897657,4
0.15024284489872322,-0.022507013167019772,-0.28575999765706805,2
0.21438458245640987,-0.10472123929537297,-0.2974309854412336,2
0.27856429985217324,-0.18698414640922564,-0.28632551747095514,2
0.3397578453548552,-0.26541950190654884,-0.2529668839935322,2
0.39508177581330395,-0.33633142762308443,-0.1989269456103091,4
0.44192922465254425,-0.39637854980997317,-0.1267520671207063,4
0.47809273756681897,-0.44273144484428467,-0.03984313267609085,4
0.5018682878850527,-0.4732059618221158,0.057704704064117485,4
0.5121355703991258,-0.4863661398665057,0.1612949837928519,4
0.5084107902054589,-0.48159187068109216,0.26604652696485176,4
0.4908694591468574,-0.459108118086346,0.3670234352390315,4
0.46033812568505067,-0.41997431771226607,0.45946767127344823,4
0.4182554278927767,-0.36603445633458587,0.5390232577004366,4
0.3666043047505161,-0.299830183118848,0.6019415310141591,4
0.3078185599552177,-0.22448104697519936,0.6452577787963627,4
0.24466818095936405,-0.14353750324617337,0.6669309371247797,4
0.18012881701341807,-0.06081361606023577,0.6659397656147822,2
-0.027741373645687795,0.13359337743524521,0.6659397656147822,4
-0.10691958471976243,0.1982694086378427,0.6423309683211631,4
-0.18028682044854322,0.25819879530715883,0.5972169930405649,4
-0.24438601274350408,0.3105576615241756,0.5327236127115462,4
-0.2961968042205625,0.3528788547002448,0.4518897588795289,4
-0.33327786760225675,0.38316819793958984,0.3585243270791394,4
-0.35388194119020006,0.3999984557617543,0.257026701472018,4
-0.35703815993016225,0.4025765855141055,0.15217945562880641,4
-0.3425978026255774,0.39078110558422635,0.04892299740559869,4
-0.311241299688314,0.36516781962001715,-0.04787722333961619,4
-0.264446171221118,0.32694362703195173,-0.13365997500561477,4
-0.204417406191005,0.2779096538280256,-0.20438316972599957,4
-0.133983563230692,0.220376383459511,-0.25671432676658723,2
-0.056463488803884465,0.15705478671662226,-0.2881875991966114,2
0.02449006701836727,0.09092858063925972,-0.2973199647285548,2
0.10506256833722766,0.025113635609815672,-0.2836811058079991,0
0.18145743456252897,-0.037288844626614574,-0.24791368619990428,4
0.25007493549411786,-0.09333845184928659,-0.1917030686374822,4
0.30768181080224855,-0.1403941255551142,-0.11769790043967676,4
0.3515636214279979,-0.1762385998714418,-0.029385309107221147,4
0.3796526540975306,-0.1991828812430667,0.06907341131251044,4
0.3906253520826312,-0.20814583389928581,0.17303888062454437,4
0.38396468126483374,-0.20270512302948496,0.2776122403303007,4
0.3599844928108565,-0.18311711522210183,0.3778659881031942,4
0.3198147344887679,-0.15030479845720757,0.46907616196294777,2
0.015770266261135646,0.098051273842413,0.7032451974877518,4
-0.06548803859929547,0.1644264115138957,0.7022540259777544,4
-0.14466624967337027,0.2291024427164933,0.6786452286841352,4
-0.2180334854021509,0.2890318293858093,0.6335312534035371,4
-0.28213267769711187,0.3413906956028261,0.5690378730745184,4
-0.33394346917417017,0.3837118887788953,0.4882040192425011,4
-0.3710245325558645,0.41400123201824035,0.3948385874421116,4
-0.3916286061438078,0.43083148984040476,0.29334096183499014,4
-0.39478482488377,0.4334096195927559,0.1884937159917785,4
-0.38034446757918505,0.4216141396628768,0.08523725776857083,4
-0.34898796464192167,0.3960008536986676,-0.011562962976643942,4
-0.3021928361747256,0.35777666111060213,-0.09734571464264274,4
-0.2421640711446127,0.30874268790667614,-0.16806890936302732,4
-0.17173022818429956,0.25120941753816134,-0.2204000664036151,2
-0.09421015375749214,0.18788782079527275,-0.25187333883363927,2
-0.013256597935240255,0.12176161471791005,-0.26100570436558257,2
0.06731590338361997,0.05594666968846614,-0.24736684544502685,4
0.14371076960892126,-0.006455810547964102,-0.21159942583693214,0
0.2123282705405103,-0.0625054177706362,-0.15538880827450985,4
0.269935145848641,-0.10956109147646381,-0.0813836400767044,4
0.31381695647439023,-0.14540556579279135,0.0069289512557511035,4
0.3419059891439229,-0.16834984716441626,0.10538767167548269,4
0.3528786871290236,-0.1773127998206353,0.20935314098751703,4
0.34621801631122606,-0.1718720889508345,0.3139265006932729,4
0.3222378278572489,-0.15228408114345154,0.414180248466166,2
0.06449130567471659,0.05825391769366436,0.72754807683246,4
-0.015018197282186285,0.1232005617815532,0.7492212351608769,4
-0.09627650214261757,0.18957569945303604,0.7482300636508795,4
-0.1754547132166922,0.2542517306556335,0.7246212663572604,4
-0.248821948945473,0.3141811173249497,0.6795072910766622,4
-0.31292114124043385,0.3665399835419664,0.6150139107476436,4
-0.3647319327174921,0.40886117671803557,0.5341800569156264,4
-0.4018129960991865,0.43915051995738064,0.4408146251152368,4
-0.4224170696871299,0.4559807777795451,0.33931699950811534,4
-0.4255732884270921,0.4585589075318963,0.23446975366490375,4
-0.41113293112250715,0.44676342760201715,0.13121329544169613,4
-0.37977642818524376,0.42115014163780795,0.03441307469648114,4
-0.33298129971804774,0.38292594904974253,-0.05136967696951744,4
-0.27295253468793473,0.3338919758458164,-0.12209287168990224,4
-0.20251869172762177,0.2763587054773018,-0.1744240287304899,2
-0.12499861730081424,0.2130371087344131,-0.20589730116051408,2
-0.04404506147856252,0.14691090265705053,-0.2150296666924575,2
0.03652743984029773,0.08109595762760663,-0.20139080777190177,4
0.1129223060655992,0.018693477391176237,-0.16562338816380695,0
0.1815398069971882,-0.03735612983149587,-0.10941277060138477,4
0.23914668230531866,-0.08441180353732333,-0.03540760240357954,4
0.28302849293106813,-0.120256277853651,0.052904988928876184,4
0.3111175256006008,-0.14320055922527591,0.15136370934860782,4
0.3220902235857015,-0.15216351188149496,0.2553291786606422,4
0.31542955276790396,-0.14672280101169416,0.359902538366398,2
0.1161260066007934,0.016076562548478522,0.7377032506687335,0
0.04211179759767092,0.0765344236946861,0.7810194984509371,4
-0.03739770535923209,0.14148106778257508,0.802692656779354,4
-0.11865601021966321,0.20785620545405778,0.8017014852693565,4
-0.197834221293738,0.2725322366566554,0.7780926879757373,4
-0.27120145702251863,0.3324616233259714,0.7329787126951393,4
-0.33530064931747955,0.38482048954298814,0.6684853323661205,4
-0.38711144079453796,0.4271416827190574,0.5876514785341033,4
-0.42419250417623233,0.45743102595840246,0.4942860467337137,4
-0.44479657776417547,0.47426128378056687,0.39278842112659224,4
-0.4479527965041378,0.47683941353291803,0.2879411752833807,4
-0.43351243919955285,0.46504393360303886,0.18468471706017292,4
-0.4021559362622894,0.43943064763882966,0.08788449631495815,4
-0.3553608077950933,0.40120645505076424,0.0021017446489594027,4
-0.29533204276498043,0.3521724818468382,-0.06862145007142523,4
-0.2248981998046673,0.29463921147832345,-0.12095260711201306,2
-0.14737812537785988,0.23131761473543483,-0.15242587954203712,2
-0.06642456955560816,0.16519140865807228,-0.16155824507398053,2
0.014147931763252228,0.09937646362862823,-0.14791938615342481,4
0.0905427979885537,0.03697398339219784,-0.11215196654532988,4
0.15916029892014238,-0.019075623830474044,-0.05594134898290787,4
0.21676717422827313,-0.06613129753630168,0.018063819214897636,4
0.2606489848540225,-0.10197577185262927,0.1063764105473532,4
0.2887380175235552,-0.12492005322425428,0.20483513096708522,4
0.2997107155086558,-0.13388300588047328,0.3088006002791187,2
0.1682413391581264,-0.026493392353110025,0.7332322066599128,4
0.10320997761274957,0.026626908186659963,0.7961504799736354,0
0.029195768609626943,0.08708476933286768,0.839466727755839,4
-0.05031373434727593,0.15203141342075652,0.8611398860842558,4
-0.13157203920770716,0.21840655109223936,0.8601487145742586,4
-0.21075025028178185,0.28308258229483685,0.8365399172806394,4
-0.28411748601056247,0.34301196896415287,0.7914259420000411,4
-0.34821667830552344,0.39537083518116967,0.7269325616710225,4
-0.40002746978258186,0.43769202835723886,0.6460987078390054,4
-0.4371085331642762,0.46798137159658393,0.5527332760386157,4
-0.4577126067522195,0.48481162941874834,0.45123565043149444,4
-0.46086882549218167,0.4873897591710996,0.3463884045882827,4
-0.44642846818759685,0.47559427924122044,0.2431319463650751,4
-0.4150719652503334,0.44998099327701124,0.14633172561986013,4
-0.36827683678313744,0.4117568006889458,0.06054897395386155,4
-0.30824807175302443,0.36272282748501977,-0.010174220766523245,2
-0.2378142287927114,0.30518955711650514,-0.06250537780711096,2
-0.16029415436590405,0.24186796037361655,-0.09397865023713503,2
-0.07934059854365216,0.17574175429625385,-0.10311101576907855,4
0.0012319027752082518,0.10992680926680981,-0.08947215684852283,4
0.07762676900050942,0.04752432903037964,-0.05370473724042807,4
0.14624426993209844,-0.008525278192292462,0.002505880321994114,0
0.20385114524022913,-0.0555809518981201,0.07651104851979962,4
0.2477329558659785,-0.09142542621444769,0.16482363985225518,4
0.27582198853551115,-0.1143697075860726,0.26328236027198676,2
0.21838162607719275,-0.0674500484494554,0.7143456206398598,4
0.1653973932387966,-0.024170339930960745,0.7939012070668483,4
0.10036603169341961,0.02894996060880938,0.856819480380571,4
0.026351822690297122,0.08940782175501696,0.9001357281627745,4
-0.05315768026660589,0.15435446584290594,0.9218088864911915,4
-0.134415985127037,0.22072960351438864,0.920817714981194,4
-0.21359419620111175,0.28540563471698616,0.8972089176875748,4
-0.28696143192989243,0.34533502138630223,0.8520949424069767,4
-0.35106062422485335,0.39769388760331903,0.787601562077958,4
-0.40287141570191176,0.4400150807793882,0.7067677082459407,4
-0.439952479083606,0.47030442401873324,0.6134022764455512,4
-0.46055655267154927,0.4871346818408977,0.5119046508384297,4
-0.46371277141151157,0.4897128115932489,0.40705740499521825,4
-0.44927241410692664,0.47791733166336975,0.3038009467720104,4
-0.4179159111696632,0.45230404569916055,0.20700072602679565,4
-0.3711207827024671,0.4140798531110951,0.1212179743607969,4
-0.3110920176723542,0.3650458799071691,0.05049477964041227,2
-0.24065817471204126,0.30751260953865445,-0.0018363774001754485,2
-0.16313810028523368,0.2441910127957657,-0.03330964983019963,2
-0.08218454446298179,0.178064806718403,-0.042442015362142926,4
-0.0016120431441217359,0.11224986168895923,-0.028803156441587263,4
0.07478282308117974,0.04984738145252884,0.0069642631665075005,4
0.14340032401276875,-0.006202225770143266,0.06317488072892974,0
0.20100719932089944,-0.05325789947597088,0.13718004892673524,4
0.2448890099466487,-0.0891023737922984,0.2254926402591907,2
0.26418425434503673,-0.10486352590527548,0.6819334295563491,4
0.225743770111061,-0.07346375159825502,0.7743776655907656,4
0.1727595372726647,-0.030184043079760227,0.8539332520177543,4
0.10772817572728792,0.022936257460009733,0.9168515253314767,0
0.03371396672416527,0.08339411860621748,0.9601677731136803,4
-0.04579553623273758,0.1483407626941063,0.9818409314420973,4
-0.12705384109316875,0.21471590036558907,0.9808497599320998,4
-0.2062320521672435,0.2793919315681866,0.9572409626384807,4
-0.27959928789602423,0.33932131823750267,0.9121269873578824,4
-0.3436984801909851,0.39168018445451946,0.8476336070288638,4
-0.3955092716680434,0.4340013776305886,0.7667997531968467,4
-0.4325903350497379,0.4642907208699337,0.673434321396457,4
-0.4531944086376811,0.48112097869209813,0.5719366957893356,4
-0.4563506273776433,0.4836991084444493,0.4670894499461239,4
-0.4419102700730584,0.4719036285145702,0.3638329917229163,4
-0.41055376713579494,0.44629034255036093,0.2670327709777013,4
-0.363758638668599,0.40806614996229557,0.18125001931170284,4
-0.30372987363848597,0.3590321767583695,0.11052682459131802,2
-0.2332960306781729,0.30149890638985477,0.058195667550730246,2
-0.1557759562513653,0.23817730964696598,0.026722395120706177,2
-0.07482240042911376,0.17205110356960357,0.017590029588762768,4
0.005750100889746659,0.10623615854015953,0.031228888509318486,4
0.08214496711504814,0.04383367830372913,0.06699630811741342,4
0.15076246804663712,-0.01221592891894297,0.12320692567983571,4
0.20836934335476753,-0.05927160262477039,0.1972120938776409,2
0.30349100165734916,-0.13697089965315398,0.6375228975942847,2
0.2814055837097632,-0.11893061860962109,0.7384998058684642,4
0.24296509947578737,-0.08753084430260058,0.8309440419028808,4
0.18998086663739122,-0.04425113578410592,0.9104996283298694,4
0.12494950509201423,0.008869164755664205,0.973417901643592,0
0.050935296088891746,0.06932702590187179,1.0167341494257955,4
-0.028574206868011154,0.1342736699897607,1.0384073077542126,4
-0.10983251172844238,0.20064880766124346,1.0374161362442151,4
-0.18901072280251713,0.265324838863841,1.013807338950596,4
-0.2623779585312978,0.3252542255331571,0.9686933636699977,4
-0.32647715082625867,0.37761309175017377,0.9041999833409791,4
-0.378287942303317,0.4199342849262431,0.8233661295089618,4
-0.41536900568501134,0.45022362816558803,0.7300006977085723,4
-0.4359730792729547,0.46705388598775255,0.6285030721014508,4
-0.4391292980129169,0.4696320157401037,0.5236558262582393,4
-0.42468894070833196,0.45783653581022454,0.4203993680350315,4
-0.39333243777106863,0.43222324984601534,0.3235991472898167,4
-0.3465373093038726,0.3939990572579499,0.23781639562381812,4
-0.2865085442737596,0.3449650840540239,0.16709320090343333,2
-0.21607470131344647,0.28743181368550913,0.11476204386284555,2
-0.13855462688663922,0.22411021694262065,0.08328877143282154,4
-0.05760107106438733,0.15798401086525796,0.07415640590087808,4
0.022971430254473055,0.09216906583581391,0.0877952648214338,4
0.09936629647977453,0.02976658559938352,0.12356268442952872,4
0.1679837974113632,-0.026283021623288362,0.17977330199195068,2
0.33444973196937733,-0.16225926851741526,0.58320665140527,2
0.32976004638820894,-0.15842853974919066,0.6879581945772699,4
0.30767462844062293,-0.14038825870565771,0.7889351028514496,4
0.2692341442066472,-0.10898848439863726,0.8813793388858662,4
0.2162499113682509,-0.06570877588014246,0.9609349253128548,4
0.15121854982287408,-0.012588475340372501,1.0238531986265773,4
0.07720434081975153,0.047869385805835156,1.0671694464087809,4
-0.002305162137151387,0.11281602989372407,1.0888426047371977,4
-0.0835634669975826,0.17919116756520684,1.0878514332272005,4
-0.16274167807165735,0.24386719876780438,1.0642426359335813,4
-0.23610891380043791,0.3037965854371204,1.019128660652983,4
-0.30020810609539894,0.3561554516541372,0.9546352803239644,4
-0.3520188975724572,0.3984766448302064,0.8738014264919473,4
-0.38909996095415167,0.42876598806955146,0.7804359946915576,4
-0.4097040345420949,0.44559624589171587,0.6789383690844362,4
-0.4128602532820571,0.44817437564406704,0.5740911232412245,4
-0.3984198959774722,0.436378895714188,0.47083466501801685,4
-0.36706339304020885,0.4107656097499788,0.3740344442728021,4
-0.32026826457301283,0.37254141716191336,0.2882516926068034,2
-0.2602394995428998,0.32350744395798725,0.21752849788641862,2
-0.18980565658258702,0.2659741735894728,0.16519734084583093,2
-0.11228558215577944,0.20265257684658403,0.13372406841580686,4
-0.03133202633352755,0.13652637076922133,0.12459170288386334,4
0.049240474985332836,0.07071142573977729,0.13823056180441906,4
0.12563534121063402,0.00830894550334712,0.17399798141251377,0
0.35560166824584305,-0.17953704319878816,0.5215440754273762,2
0.3685286932675876,-0.19009637085120168,0.6251343551561106,4
0.3638390076864192,-0.18626564208297702,0.7298858983281107,4
0.34175358973883324,-0.16822536103944413,0.8308628066022903,4
0.3033131055048574,-0.13682558673242362,0.9233070426367069,4
0.25032887266646126,-0.09354587821392896,1.0028626290636955,4
0.18529751112108434,-0.04042557767415892,1.065780902377418,4
0.11128330211796178,0.02003228347204874,1.1090971501596216,0
0.03177379916105885,0.08497892755993765,1.1307703084880387,4
-0.04948450569937235,0.15135406523142042,1.129779136978041,4
-0.12866271677344698,0.21603009643401788,1.106170339684422,4
-0.20202995250222777,0.27595948310333407,1.0610563644038238,4
-0.26612914479718863,0.32831834932035076,0.9965629840748051,4
-0.31793993627424705,0.37063954249642,0.9157291302427879,4
-0.3550209996559413,0.400928885735765,0.8223636984423983,4
-0.37562507324388456,0.4177591435579295,0.7208660728352769,4
-0.37878129198384675,0.4203372733102807,0.6160188269920653,4
-0.36434093467926193,0.40854179338040153,0.5127623687688577,4
-0.33298443174199854,0.38292850741619233,0.41596214802364273,4
-0.28618930327480246,0.34470431482812686,0.33017939635764404,2
-0.22616053824468968,0.2956703416242009,0.25945620163725946,2
-0.1557266952843766,0.2381370712556862,0.20712504459667166,4
-0.07820662085756902,0.17481547451279747,0.1756517721666475,4
0.002746934964682854,0.10868926843543478,0.16651940663470421,4
0.08331943628354292,0.042874323405991004,0.18015826555525985,2
0.3659501301132045,-0.18799009402619576,0.45544071355294125,2
0.3958847436244507,-0.21244192201306195,0.5529885502931493,2
0.40881176864619523,-0.22300124966547547,0.656578830021884,4
0.40412208306502684,-0.2191705208972508,0.7613303731938839,4
0.3820366651174408,-0.20113023985371786,0.8623072814680637,4
0.34359618088346505,-0.1697304655466974,0.9547515175024801,4
0.2906119480450688,-0.12645075702820263,1.0343071039294687,4
0.22558058649969193,-0.0733304564884326,1.0972253772431912,4
0.15156637749656937,-0.012872595342224949,1.1405416250253948,4
0.07205687453966643,0.05207404874566394,1.1622147833538117,4
-0.009201430320764703,0.11844918641714663,1.1612236118438144,4
-0.0883796413948395,0.18312521761974426,1.137614814550195,4
-0.16174687712362013,0.24305460428906028,1.092500839269597,4
-0.2258460694185811,0.2954134705060771,1.028007458940578,4
-0.2776568608956394,0.3377346636821462,0.9471736051085611,4
-0.31473792427733377,0.3680240069214913,0.8538081733081713,4
-0.3353419978652769,0.3848542647436557,0.75231054770105,4
-0.33849821660523916,0.3874323944960069,0.6474633018578385,4
-0.3240578593006543,0.37563691456612774,0.5442068436346307,4
-0.29270135636339073,0.35002362860191844,0.4474066228894157,4
-0.24590622789619493,0.3117994360138531,0.3616238712234173,2
-0.18587746286608192,0.2627654628099271,0.29090067650303253,2
-0.11544361990576879,0.20523219244141233,0.23856951946244476,4
-0.03792354547896121,0.14191059569852357,0.20709624703242063,4
0.04303001034329036,0.07578438962116114,0.19796388150047728,2
0.3650074974923947,-0.1872201127905874,0.38801135974428846,4
0.41053917889652886,-0.22441226966371386,0.4749202941889039,2
0.4404737924077751,-0.2488640976505801,0.5724681309291122,4
0.4534008174295197,-0.2594234253029936,0.6760584106578466,4
0.44871113184835126,-0.25559269653476896,0.7808099538298466,4
0.42662571390076537,-0.23755241549123607,0.8817868621040262,4
0.38818522966678953,-0.2061526411842156,0.9742310981384429,4
0.3352009968283933,-0.1628729326657209,1.0537866845654313,4
0.27016963528301646,-0.10975263212595085,1.116704957879154,4
0.19615542627989388,-0.04929477097974319,1.1600212056613577,4
0.11664592332299104,0.015651873108145635,1.1816943639897746,0
0.035387618462559736,0.08202701077962848,1.180703192479777,4
-0.04379059261151491,0.14670304198222595,1.1570943951861579,4
-0.1171578283402957,0.2066324286515421,1.1119804199055596,4
-0.18125702063525656,0.2589912948685588,1.047487039576541,4
-0.23306781211231492,0.30131248804462807,0.9666531857445237,4
-0.2701488754940092,0.3316018312839731,0.8732877539441343,4
-0.2907529490819524,0.3484320891061375,0.771790128337013,4
-0.29390916782191473,0.35101021885848877,0.6669428824938013,4
-0.2794688105173298,0.3392147389286096,0.5636864242705935,4
-0.24811230758006647,0.31360145296440045,0.46688620352537885,2
-0.20131717911287045,0.275377260376335,0.3811034518593801,2
-0.14128841408275744,0.2263432871724089,0.3103802571389953,4
-0.07085457112244437,0.16881001680389415,0.25804910009840754,4
0.006665503304362885,0.10548842006100569,0.22657582766838352,2
0.3528181872831408,-0.1772633810491452,0.3224332887749087,3
0.4118014813066256,-0.22544337037886078,0.3946081672645114,1
0.4573331627107598,-0.2626355272519873,0.481517101709127,1
0.487267776222006,-0.2870873552388535,0.5790649384493352,4
0.5001948012437505,-0.297646682891267,0.6826552181780697,2
0.49550511566258215,-0.29381595412304234,0.7874067613500696,2
0.47341969771499615,-0.27577567307950945,0.8883836696242493,3
0.43497921348102037,-0.24437589877248894,0.9808279056586658,4
0.3819949806426241,-0.2010961902539942,1.0603834920856545,3
0.31696361909724724,-0.14797588971422415,1.1233017653993769,3
0.24294941009412474,-0.08751802856801658,1.1666180131815804,4
0.16343990713722173,-0.02257138448012761,1.1882911715099975,4
0.08218160227679061,0.043803753191355085,1.1873,2
0.0030033912027157966,0.1084797843939527,1.1636912027063808,2
-0.07036384452606481,0.16840917106326872,1.1185772274257828,2
-0.13446303682102578,0.22076803728028552,1.054083847096764,4
-0.1862738282980841,0.2630892304563547,0.9732499932647467,3
-0.22335489167977834,0.2933785736956997,0.8798845614643572,4
-0.2439589652677216,0.31020883151786416,0.7783869358572357,3
-0.24711518400768379,0.3127869612702153,0.673539690014024,3
-0.23267482670309897,0.3009914813403362,0.5702832317908166,4
-0.20131832376583558,0.275378195376127,0.47348301104560164,2
-0.1545231952986395,0.23715400278806154,0.3877002593796029,1
-0.0944944302685265,0.18812002958413537,0.3169770646592181,2
-0.024060587308213643,0.13058675921562088,0.26464590761863055,2
0.3299565604372622,-0.15858906053636057,0.2617965428714626,4
0.3996121710973716,-0.21548663863741857,0.3158364812546855,2
0.4585954651208565,-0.26366662796713425,0.3880113597442884,2
0.5041271465249906,-0.3008587848402607,0.4749202941889038,2
0.534061760036237,-0.3253106128271269,0.5724681309291121,4
0.5469887850579815,-0.33586994047954044,0.6760584106578464,4
0.5422990994768131,-0.33203921171131584,0.7808099538298465,4
0.5202136815292271,-0.3139989306677829,0.8817868621040261,4
0.48177319729525137,-0.28259915636076244,0.9742310981384428,4
0.42878896445685516,-0.23931944784226775,1.0537866845654313,4
0.3637576029114783,-0.18619914730249776,1.116704957879154,4
0.2897433939083557,-0.12574128615629004,1.1600212056613575,4
0.21023389095145284,-0.06079464206840122,1.1816943639897743,4
0.12897558609102155,0.005580495603081626,1.180703192479777,0
0.04979737501694689,0.07025652680567909,1.1570943951861579,4
-0.023569860711833868,0.13018591347499525,1.1119804199055596,4
-0.08766905300679473,0.18254477969201197,1.047487039576541,4
-0.13947984448385303,0.2248659728680811,0.966653185744524,4
-0.1765609078655474,0.2551553161074262,0.8732877539441343,4
-0.19716498145349065,0.2719855739295907,0.7717901283370128,4
-0.2003212001934529,0.27456370368194194,0.6669428824938014,4
-0.18588084288886803,0.26276822375206277,0.5636864242705937,4
-0.15452433995160464,0.23715493778785354,0.46688620352537863,2
-0.10772921148440856,0.19893074519978807,0.3811034518593799,4
-0.047700446454295775,0.14989677199586213,0.3103802571389953,2
0.2974998580397692,-0.13207708623790343,0.20895832875807696,4
0.37454560922058655,-0.19501123617387867,0.24231696223549987,4
0.4442012198806961,-0.2519088142749368,0.29635690061872294,2
0.5031845139041808,-0.30008880360465234,0.3685317791083257,2
0.5487161953083151,-0.33728096047777884,0.45544071355294125,4
0.5786508088195613,-0.361732788464645,0.5529885502931493,4
0.5915778338413058,-0.37229211611705854,0.6565788300218839,4
0.5868881482601375,-0.3684613873488339,0.7613303731938839,4
0.5648027303125515,-0.350421106305301,0.8623072814680635,4
0.5263622460785757,-0.3190213319982805,0.9547515175024801,4
0.47337801324017953,-0.2757416234797858,1.0343071039294687,4
0.40834665169480255,-0.2226213229400157,1.0972253772431912,4
0.33433244269168005,-0.16216346179380814,1.1405416250253948,4
0.25482293973477704,-0.09721681770591915,1.1622147833538117,4
0.1735646348743459,-0.030841680034436464,1.1612236118438144,4
0.0943864238002711,0.03383435116816114,1.137614814550195,4
0.021019188071490474,0.09376373783747717,1.092500839269597,4
-0.04308000422347036,0.1461226040544939,1.0280074589405783,4
-0.09489079570052877,0.18844379723056315,0.9471736051085611,4
-0.13197185908222314,0.21873314046990822,0.8538081733081713,4
-0.15257593267016628,0.23556339829207257,0.7523105477010502,4
-0.15573215141012853,0.23814152804442384,0.6474633018578385,4
-0.14129179410554366,0.22634604811454467,0.5442068436346307,2
-0.1099352911682801,0.20073276215033536,0.4474066228894157,2
-0.0631401627010843,0.16250856956227006,0.3616238712234173,2
0.25697744165107167,-0.09897670380683102,0.16640838592202534,4
0.33778293341837673,-0.16498196505217713,0.1775138538923037,4
0.4148286845991943,-0.22791611498815248,0.21087248736972666,2
0.48448429525930375,-0.28481369308921045,0.2649124257529496,2
0.5434675892827887,-0.33299368241892613,0.3370873042425525,2
0.5889992706869227,-0.3701858392920526,0.4239962386871679,4
0.6189338841981691,-0.3946376672789189,0.521544075427376,4
0.6318609092199136,-0.4051969949313324,0.6251343551561106,4
0.6271712236387451,-0.4013662661631078,0.7298858983281106,4
0.6050858056911592,-0.38332598511957483,0.8308628066022903,4
0.5666453214571836,-0.3519262108125544,0.9233070426367068,4
0.5136610886187873,-0.30864650229405965,1.0028626290636953,4
0.4486297270734104,-0.25552620175428964,1.0657809023774178,4
0.3746155180702878,-0.19506834060808195,1.1090971501596216,4
0.2951060151133849,-0.13012169652019312,1.1307703084880385,4
0.21384771025295363,-0.06374655884871028,1.129779136978041,4
0.134669499178879,0.0009294723538871789,1.106170339684422,0
0.061302263450098385,0.0608588590232032,1.0610563644038238,4
-0.0027969288448626423,0.11321772524022006,0.9965629840748051,4
-0.05460772032192107,0.1555389184162893,0.9157291302427878,4
-0.09168878370361533,0.18582826165563426,0.8223636984423985,4
-0.11229285729155858,0.20265851947779873,0.720866072835277,4
-0.11544907603152083,0.20523664923015,0.6160188269920652,4
-0.10100871872693595,0.19344116930027083,0.5127623687688575,2
-0.06965221578967262,0.1678278833360617,0.41596214802364284,2
0.2102987297081026,-0.06084760504131168,0.1361516699553501,4
0.29105640294928187,-0.1268138061406174,0.12448068217118458,4
0.3718618947165871,-0.19281906738596366,0.13558615014146302,4
0.4489076458974045,-0.2557532173219389,0.16894478361888587,2
0.518563256557514,-0.312650795422997,0.22298472200210898,2
0.5775465505809989,-0.3608307847527126,0.29515960049171175,2
0.623078231985133,-0.39802294162583907,0.3820685349363273,4
0.6530128454963792,-0.42247476961270525,0.47961637167653537,4
0.6659398705181238,-0.43303409726511877,0.58320665140527,4
0.6612501849369553,-0.4292033684968941,0.6879581945772699,4
0.6391647669893694,-0.4111630874533612,0.7889351028514495,4
0.6007242827553936,-0.3797633131463407,0.8813793388858662,4
0.5477400499169975,-0.33648360462784604,0.9609349253128546,4
0.48270868837162045,-0.2833633040880759,1.0238531986265773,4
0.408694479368498,-0.22290544294186834,1.0671694464087809,4
0.329184976411595,-0.15795879885397937,1.0888426047371977,4
0.24792667155116382,-0.09158366118249667,1.0878514332272005,4
0.1687484604770892,-0.026907629979899213,1.064242635933581,4
0.09538122474830842,0.033021756689416946,1.019128660652983,4
0.031282032453347444,0.08538062290643375,0.9546352803239643,4
-0.020528759023710763,0.1277018160825028,0.8738014264919473,4
-0.05760982240540513,0.15799115932184793,0.7804359946915576,4
-0.07821389599334838,0.1748214171440124,0.678938369084436,4
-0.08137011473331057,0.17739954689636356,0.5740911232412244,2
-0.06692975742872576,0.16560406696648444,0.47083466501801696,2
0.15966322562500246,-0.01948643512331464,0.11961387893966718,4
0.23656777443896232,-0.08230524513734827,0.0857163729723649,4
0.3173254476801418,-0.14827144623665411,0.07404538518819931,4
0.3981309394474469,-0.21427670748200026,0.08515085315847776,4
0.4751766906282644,-0.2772108574179756,0.11850948663590077,2
0.5448323012883738,-0.3341084355190336,0.17254942501912374,2
0.6038155953118586,-0.38228842484874914,0.24472430350872648,4
0.6493472767159928,-0.41948058172187563,0.3316332379533421,4
0.679281890227239,-0.4439324097087419,0.42918107469355027,4
0.6922089152489835,-0.45449173736115533,0.5327713544222847,4
0.6875192296678151,-0.4506610085929307,0.6375228975942847,4
0.6654338117202291,-0.43262072754939773,0.7384998058684644,4
0.6269933274862532,-0.4012209532423773,0.8309440419028808,4
0.5740090946478571,-0.35794124472388256,0.9104996283298696,4
0.5089777331024803,-0.30482094418411254,0.973417901643592,4
0.43496352409935757,-0.24436308303790477,1.0167341494257958,4
0.3554540211424547,-0.17941643895001597,1.0384073077542126,4
0.2741957162820236,-0.11304130127853326,1.0374161362442151,4
0.1950175052079488,-0.04836527007593567,1.013807338950596,4
0.12165026947916806,0.011564116593380436,0.9686933636699976,0
0.05755107718420731,0.06392298281039707,0.9041999833409791,4
0.005740285707148893,0.10624417598646632,0.8233661295089618,4
-0.03134077767454546,0.1365335192258114,0.7300006977085721,4
-0.051944851262488656,0.15336377704797574,0.6285030721014506,2
-0.05510107000245085,0.15594190680032702,0.5236558262582393,1
0.10745687707409753,0.02315786539887254,0.11757427447597735,0
0.17688455498972872,-0.03355352782766017,0.06304750262755199,4
0.25378910380368874,-0.09637233784169388,0.029149996660249533,4
0.334546777044868,-0.16233853894099962,0.017479008876084,4
0.4153522688121733,-0.22834380018634587,0.02858447684636245,2
0.49239801999299065,-0.29127795012232105,0.0619431103237853,2
0.5620536306531001,-0.34817552822337905,0.11598304870700826,2
0.6210369246765849,-0.3963555175530947,0.18815792719661115,4
0.6665686060807191,-0.4335476744262213,0.27506686164122673,4
0.6965032195919654,-0.45799950241308746,0.3726146983814348,4
0.7094302446137098,-0.468558830065501,0.47620497811016926,4
0.7047405590325415,-0.4647281012972763,0.5809565212821693,4
0.6826551410849555,-0.44668782025374343,0.681933429556349,4
0.6442146568509797,-0.4152880459467229,0.7743776655907656,4
0.5912304240125836,-0.37200833742822825,0.853933252017754,4
0.5261990624672066,-0.3188880368884581,0.9168515253314767,4
0.45218485346408416,-0.2584301757422506,0.9601677731136803,4
0.37267535050718126,-0.19348353165436172,0.9818409314420972,4
0.29141704564675,-0.12710839398287888,0.9808497599320998,4
0.21223883457267517,-0.06243236278028128,0.9572409626384806,4
0.13887159884389472,-0.002502976110965399,0.9121269873578824,0
0.0747724065489337,0.04985589010605145,0.8476336070288638,4
0.022961615071875288,0.09217708328212071,0.7667997531968465,4
-0.014119448309819094,0.12246642652146578,0.6734343213964568,4
-0.03472352189776223,0.13929668434363013,0.5719366957893357,1
0.056139650003416405,0.06507589479396816,0.13012896283616904,4
0.11481902110796564,0.01714416225007303,0.05754222952507165,0
0.18424669902359697,-0.039567230976459734,0.003015457676646127,4
0.2611512478375568,-0.10238604099049331,-0.030882048290656217,4
0.34190892107873627,-0.16835224208979918,-0.04255303607482186,4
0.42271441284604133,-0.2343575033351453,-0.031447568104543466,2
0.49976016402685874,-0.2972916532711205,0.0019110653728793836,2
0.5694157746869684,-0.3541892313721786,0.0559510037561024,2
0.6283990687104531,-0.4023692207018943,0.1281258822457053,4
0.6739307501145873,-0.4395613775750208,0.2150348166903207,4
0.7038653636258335,-0.464013205561887,0.3125826534305287,4
0.7167923886475781,-0.47457253321430054,0.4161729331592634,4
0.7121027030664098,-0.47074180444607594,0.5209244763312633,4
0.6900172851188238,-0.452701523402543,0.6219013846054431,4
0.651576800884848,-0.42130174909552254,0.7143456206398596,4
0.5985925680464519,-0.3780220405770278,0.7939012070668483,4
0.5335612065010751,-0.3249017400372578,0.8568194803805708,4
0.4595469974979525,-0.26444387889105025,0.9001357281627744,4
0.3800374945410495,-0.19949723480316128,0.9218088864911913,4
0.29877918968061823,-0.13312209713167844,0.9208177149811939,4
0.2196009786065437,-0.0684460659290811,0.8972089176875748,4
0.14623374287776297,-0.008516679259764964,0.8520949424069766,0
0.08213455058280193,0.04384218695725189,0.787601562077958,4
0.030323759105743517,0.08616338013332114,0.7067677082459407,4
-0.006757304275950726,0.1164527233726661,0.6134022764455513,1
0.00812961490907961,0.10429247326521165,0.15668636643032358,4
0.053295704084086584,0.06739894721611744,0.06945996242923363,4
0.11197507518863604,0.019467214672222115,-0.0031267708818639717,0
0.1814027531042673,-0.03724417855431054,-0.05765354273028939,4
0.25830730191822726,-0.10006298856834428,-0.09155104869759179,4
0.3390649751594066,-0.16602918966765,-0.10322203648175732,4
0.41987046692671165,-0.23203445091299615,-0.09211656851147887,2
0.49691621810752923,-0.2949686008489715,-0.0587579350340558,2
0.5665718287676388,-0.3518661789500296,-0.004717996650832779,4
0.6255551227911235,-0.40004616827974515,0.06745688183876997,4
0.6710868041952576,-0.43723832515287153,0.15436581628338547,4
0.7010214177065038,-0.4616901531397378,0.2519136530235938,4
0.7139484427282483,-0.47224948079215123,0.35550393275232817,4
0.7092587571470799,-0.4684187520239266,0.4602554759243283,4
0.6871733391994939,-0.45037847098039363,0.5612323841985078,4
0.648732854965518,-0.4189786966733732,0.6536766202329245,4
0.595748622127122,-0.37569898815487845,0.7332322066599131,4
0.530717260581745,-0.32257868761510844,0.7961504799736354,4
0.4567030515786224,-0.26212082646890067,0.8394667277558391,4
0.3771935486217194,-0.19717418238101175,0.8611398860842561,4
0.2959352437612884,-0.13079904470952916,0.8601487145742586,4
0.21675703268721358,-0.06612301350693156,0.8365399172806394,4
0.14338979695843285,-0.006193626837615462,0.791425942000041,0
0.07929060466347189,0.046165239379401334,0.7269325616710223,4
0.027479813186413696,0.08848643255547042,0.6460987078390052,1
-0.03431099277636673,0.1389597135284851,0.1959950989745305,4
-0.0047864140789643655,0.11484281890339323,0.0982391371254216,4
0.04037967509604261,0.07794929285429902,0.011012733124331653,4
0.09905904620059196,0.030017560310403833,-0.06157400018676584,4
0.16848672411622329,-0.026693832916128958,-0.11610077203519142,4
0.24539127293018315,-0.08951264293016259,-0.14999827800249366,4
0.3261489461713625,-0.15547884402946832,-0.1616692657866593,2
0.4069544379386677,-0.22148410527481457,-0.15056379781638085,2
0.4840001891194852,-0.2844182552107899,-0.11720516433895778,2
0.5536557997795946,-0.3413158333118479,-0.06316522595573482,4
0.6126390938030795,-0.38949582264156346,0.009009652533867929,4
0.6581707752072136,-0.42668797951468995,0.09591858697848349,4
0.6881053887184597,-0.45113980750155613,0.1934664237186916,4
0.7010324137402043,-0.46169913515396965,0.29705670344742624,4
0.6963427281590359,-0.457868406385745,0.4018082466194261,4
0.6742573102114499,-0.43982812534221205,0.5027851548936059,4
0.6358168259774741,-0.4084283510351916,0.5952293909280224,4
0.5828325931390781,-0.365148642516697,0.6747849773550109,4
0.5178012315937011,-0.31202834197692686,0.7377032506687335,4
0.4437870225905784,-0.2515704808307191,0.7810194984509371,4
0.3642775196336757,-0.18662383674283042,0.802692656779354,4
0.28301921477324443,-0.12024869907134758,0.8017014852693565,4
0.20384100369916963,-0.05557266786874999,0.7780926879757373,4
0.1304737679703889,0.004356718800566118,0.732978712695139,0
0.06637457567542814,0.05671558501758275,0.6684853323661206,2
-0.0691823693390497,0.16744409336040178,0.2462029308798035,4
-0.056690500853412484,0.15724021952950695,0.14252367735605387,4
-0.027165922156010047,0.13312332490441503,0.04476771550694458,4
0.018000167018996913,0.09622979885532082,-0.04245868849414541,4
0.07667953812354626,0.04829806631142563,-0.11504542180524291,4
0.14610721603917748,-0.008413326915107077,-0.16957219365366827,0
0.22301176485313728,-0.07123213692914065,-0.2034696996209706,4
0.3037694380943168,-0.13719833802844653,-0.21514068740513625,2
0.384574929861622,-0.20320359927379278,-0.2040352194348578,2
0.4616206810424394,-0.26613774920976796,-0.17067658595743496,2
0.5312762917025489,-0.32303532731082596,-0.116636647574212,4
0.5902595857260338,-0.37121531664054164,-0.04446176908460914,4
0.6357912671301678,-0.40840747351366813,0.042447165360006256,4
0.665725880641414,-0.43285930150053437,0.13999500210021454,4
0.6786529056631586,-0.4434186291529479,0.24358528182894895,4
0.6739632200819902,-0.43958790038472323,0.3483368250009491,4
0.6518778021344043,-0.42154761934119034,0.44931373327512864,4
0.6134373179004287,-0.3901478450341699,0.5417579693095451,4
0.5604530850620324,-0.34686813651567516,0.6213135557365338,4
0.49542172351665537,-0.29374783597590504,0.6842318290502565,4
0.42140751451353303,-0.2332899748296976,0.7275480768324599,4
0.34189801155663,-0.16834333074180863,0.7492212351608769,4
0.26063970669619874,-0.10196819307032579,0.7482300636508794,4
0.18146149562212394,-0.03729216186772819,0.7246212663572602,4
0.10809425989334347,0.02263722480158769,0.6795072910766622,0
-0.0948413736421892,0.18840342725321818,0.3049440664098083,4
-0.09997083288237185,0.19259338129954212,0.20022689320667836,4
-0.08747896439673464,0.1823895074686473,0.09654763968292873,4
-0.05795438569933237,0.15827261284355548,-0.0012083221661802201,4
-0.012788296524325227,0.12137908679446117,-0.08843472616727055,4
0.045891074580224026,0.07344735425056605,-0.16102145947836788,4
0.11531875249585515,0.016735961024033415,-0.21554823132679335,0
0.19222330130981513,-0.04608284899000031,-0.2494457372940958,4
0.2729809745509946,-0.11204905008930616,-0.26111672507826145,2
0.3537864663182997,-0.17805431133465227,-0.2500112571079831,2
0.4308322174991171,-0.2409884612706275,-0.21665262363056015,2
0.5004878281592267,-0.2978860393716856,-0.16261268524733719,4
0.5594711221827116,-0.34606602870140124,-0.0904378067577345,4
0.6050028035868458,-0.3832581855745278,-0.003528872313118825,4
0.6349374170980919,-0.407710013561394,0.09401896442708918,4
0.6478644421198365,-0.41826934121380754,0.19760924415582382,4
0.6431747565386682,-0.41443861244558294,0.3023607873278237,4
0.6210893385910822,-0.39639833140205005,0.4033376956020033,4
0.5826488543571064,-0.36499855709502954,0.49578193163642004,4
0.5296646215187102,-0.3217188485765348,0.5753375180634086,4
0.46463325997333355,-0.2685985480367649,0.6382557913771311,4
0.39061905097021093,-0.20814068689055723,0.6815720391593347,4
0.31110954801330787,-0.1431940428026683,0.7032451974877517,4
0.22985124315287658,-0.07681890513118544,0.7022540259777543,4
0.15067303207880212,-0.012142873928588099,0.6786452286841352,2
-0.11007895202472501,0.20085011026805583,0.3694506201030392,4
-0.13258803859579676,0.21923646133186864,0.26862980604683573,4
-0.13771749783597942,0.22342641537819252,0.16391263284370622,4
-0.12522562935034215,0.21322254154729764,0.06023337931995615,4
-0.09570105065293977,0.18910564692220577,-0.03752258252915275,4
-0.050534961477932794,0.1522121208731116,-0.12474898653024269,4
0.008144409626616528,0.10428038832921639,-0.19733571984134013,4
0.07757208754224787,0.047568995102683594,-0.2518624916897657,4
0.15447663635620784,-0.015249814911350154,-0.28575999765706805,2
0.23523430959738717,-0.0812160160106559,-0.2974309854412336,2
0.3160398013646923,-0.14722127725600204,-0.28632551747095514,2
0.3930855525455098,-0.21015542719197738,-0.2529668839935322,2
0.4627411632056192,-0.26705300529303533,-0.1989269456103091,4
0.5217244572291041,-0.315232994622751,-0.1267520671207063,4
0.5672561386332382,-0.35242515149587744,-0.03984313267609085,4
0.5971907521444845,-0.3768769794827437,0.057704704064117485,4
0.610117777166229,-0.38743630713515714,0.1612949837928519,4
0.6054280915850605,-0.3836055783669325,0.26604652696485176,4
0.5833426736374745,-0.36556529732339954,0.3670234352390315,4
0.5449021894034987,-0.33416552301637903,0.45946767127344823,4
0.4919179565651026,-0.2908858144978844,0.5390232577004366,4
0.42688659501972565,-0.2377655139581143,0.6019415310141591,4
0.352872386016603,-0.17730765281190658,0.6452577787963627,4
0.27336288305969997,-0.11236100872401761,0.6669309371247797,4
0.19210457819926902,-0.04598587105253504,0.6659397656147822,2
-0.05366060483780069,0.09755356635530996,0.6659397656147822,4
-0.14519693081674834,0.14308684152068654,0.6423309683211631,4
-0.23001530590684838,0.18527837991546411,0.5972169930405649,4
-0.3041190837177613,0.222140113984125,0.5327236127115462,4
-0.3640164902584878,0.2519351168372937,0.4518897588795289,4
-0.4068851565153866,0.2732594463400639,0.3585243270791394,4
-0.43070510863170486,0.2851082989408102,0.257026701472018,4
-0.4343539491842119,0.28692335606851377,0.15217945562880641,4
-0.41765974461007294,0.2786190921338199,0.04892299740559869,4
-0.38140912672556526,0.26058680449940214,-0.04787722333961619,4
-0.32731022659264075,0.23367617552721454,-0.13365997500561477,4
-0.2579121872915324,0.19915523549995445,-0.20438316972599957,4
-0.17648504816188548,0.1586506129660292,-0.25671432676658723,2
-0.08686566037341911,0.11407088791497853,-0.2881875991966114,2
0.0067231057072899,0.06751665938584729,-0.2973199647285548,2
0.09987134239531606,0.02118156512762917,-0.2836811058079991,0
0.18818989977437983,-0.022751082729298072,-0.24791368619990428,4
0.26751720267667106,-0.06221117545803538,-0.1917030686374822,4
0.3341153443282981,-0.09533935136957115,-0.11769790043967676,4
0.3848462167172584,-0.12057460903544463,-0.029385309107221147,4
0.4173193784115308,-0.13672786175890583,0.06907341131251044,4
0.43000469228775684,-0.14303796740393923,0.17303888062454437,4
0.42230442567468596,-0.13920759345359782,0.2776122403303007,4
0.3945814155487526,-0.12541722733417365,0.3778659881031942,4
0.34814197163625676,-0.10231667183797576,0.46907616196294777,2
-0.0033576793187660436,0.07253118398649579,0.7032451974877518,4
-0.09729875958947945,0.11926066555081906,0.7022540259777544,4
-0.18883508556842732,0.16479394071619577,0.6786452286841352,4
-0.27365346065852714,0.20698547911097323,0.6335312534035371,4
-0.3477572384694403,0.24384721317963418,0.5690378730745184,4
-0.40765464501016657,0.2736422160328028,0.4882040192425011,4
-0.45052331126706546,0.29496654553557305,0.3948385874421116,4
-0.4743432633833836,0.3068153981363193,0.29334096183499014,4
-0.47799210393589064,0.30863045526402283,0.1884937159917785,4
-0.4612978993617517,0.300326191329329,0.08523725776857083,4
-0.425047281477244,0.28229390369491125,-0.011562962976643942,4
-0.3709483813443194,0.25538327472272354,-0.09734571464264274,4
-0.3015503420432112,0.22086233469546354,-0.16806890936302732,4
-0.22012320291356413,0.1803577121615382,-0.2204000664036151,2
-0.13050381512509784,0.13577798711048766,-0.25187333883363927,2
-0.036915049044388665,0.0892237585813563,-0.26100570436558257,2
0.0562331876436373,0.04288866432313827,-0.24736684544502685,4
0.14455174502270107,-0.001043983533788968,-0.21159942583693214,0
0.2238790479249924,-0.040504076262526334,-0.15538880827450985,4
0.29047718957661944,-0.07363225217406211,-0.0813836400767044,4
0.3412080619655796,-0.09886750983993553,0.0069289512557511035,4
0.373681223659852,-0.11502076256339674,0.10538767167548269,4
0.3863665375360782,-0.12133086820843013,0.20935314098751703,4
0.3786662709230072,-0.11750049425808871,0.3139265006932729,4
0.350943260797074,-0.10371012813866465,0.414180248466166,2
0.05296772744778014,0.04451301505001523,0.72754807683246,4
-0.038951598366215284,0.09023680733185911,0.7492212351608769,4
-0.13289267863692883,0.1369662888961825,0.7482300636508795,4
-0.22442900461587656,0.1824995640615591,0.7246212663572604,4
-0.3092473797059766,0.22469110245633664,0.6795072910766622,4
-0.38335115751688953,0.2615528365249975,0.6150139107476436,4
-0.4432485640576159,0.29134783937816616,0.5341800569156264,4
-0.4861172303145148,0.31267216888093646,0.4408146251152368,4
-0.5099371824308331,0.3245210214816827,0.33931699950811534,4
-0.5135860229833401,0.3263360786093863,0.23446975366490375,4
-0.49689181840920116,0.31803181467469244,0.13121329544169613,4
-0.4606412005246935,0.2999995270402747,0.03441307469648114,4
-0.406542300391769,0.27308889806808706,-0.05136967696951744,4
-0.3371442610906606,0.238567958040827,-0.12209287168990224,4
-0.2557171219610137,0.19806333550690172,-0.1744240287304899,2
-0.16609773417254725,0.1534836104558511,-0.20589730116051408,2
-0.0725089680918383,0.10692938192671982,-0.2150296666924575,2
0.02063926859618767,0.060594287668501806,-0.20139080777190177,4
0.10895782597525164,0.016661639811574466,-0.16562338816380695,0
0.18828512887754298,-0.022798452917162898,-0.10941277060138477,4
0.2548832705291698,-0.05592662882869853,-0.03540760240357954,4
0.30561414291813016,-0.0811618864945721,0.052904988928876184,4
0.33808730461240255,-0.09731513921803331,0.15136370934860782,4
0.35077261848862873,-0.10362524486306668,0.2553291786606422,4
0.34307235187555774,-0.09979487091272529,0.359902538366398,2
0.11266155926942914,0.01481927717117597,0.7377032506687335,0
0.027095231482034604,0.057382872622126296,0.7810194984509371,4
-0.06482409433196101,0.10310666490397029,0.802692656779354,4
-0.15876517460267436,0.14983614646829357,0.8017014852693565,4
-0.25030150058162226,0.19536942163367024,0.7780926879757373,4
-0.33511987567172213,0.2375609600284477,0.7329787126951393,4
-0.40922365348263523,0.2744226940971086,0.6684853323661205,4
-0.4691210600233615,0.3042176969502773,0.5876514785341033,4
-0.5119897262802604,0.32554202645304753,0.4942860467337137,4
-0.5358096783965787,0.3373908790537938,0.39278842112659224,4
-0.5394585189490857,0.33920593618149736,0.2879411752833807,4
-0.5227643143749467,0.3309016722468035,0.18468471706017292,4
-0.4865136964904391,0.3128693846123858,0.08788449631495815,4
-0.43241479635751434,0.28595875564019807,0.0021017446489594027,4
-0.3630167570564061,0.25143781561293804,-0.06862145007142523,4
-0.2815896179267591,0.21093319307901273,-0.12095260711201306,2
-0.19197023013829284,0.16635346802796216,-0.15242587954203712,2
-0.09838146405758383,0.11979923949883088,-0.16155824507398053,2
-0.005233227369557669,0.07346414524061277,-0.14791938615342481,4
0.08308533000950627,0.029531497383685434,-0.11215196654532988,4
0.16241263291179733,-0.009928595345051775,-0.05594134898290787,4
0.22901077456342436,-0.04305677125658755,0.018063819214897636,4
0.2797416469523847,-0.06829202892246103,0.1063764105473532,4
0.31221480864665707,-0.08444528164592227,0.20483513096708522,4
0.32490012252288314,-0.09075538729095564,0.3088006002791187,2
0.17291103958423878,-0.015150859126146108,0.7332322066599128,4
0.09772959978505741,0.02224694058992102,0.7961504799736354,0
0.012163271997662678,0.06481053604087145,0.839466727755839,4
-0.07975605381633274,0.11053432832271533,0.8611398860842558,4
-0.1736971340870463,0.15726380988703872,0.8601487145742586,4
-0.265233460065994,0.2027970850524153,0.8365399172806394,4
-0.35005183515609395,0.24498862344719283,0.7914259420000411,4
-0.424155612967007,0.28185035751585374,0.7269325616710225,4
-0.4840530195077334,0.3116453603690224,0.6460987078390054,4
-0.5269216857646323,0.33296968987179265,0.5527332760386157,4
-0.5507416378809504,0.34481854247253896,0.45123565043149444,4
-0.5543904784334576,0.3466335996002425,0.3463884045882827,4
-0.5376962738593186,0.3383293356655487,0.2431319463650751,4
-0.5014456559748109,0.3202970480311309,0.14633172561986013,4
-0.44734675584188643,0.29338641905894325,0.06054897395386155,4
-0.377948716540778,0.25886547903168317,-0.010174220766523245,2
-0.29652157741113117,0.21836085649775794,-0.06250537780711096,2
-0.20690218962266493,0.1737811314467074,-0.09397865023713503,2
-0.11331342354195575,0.12722690291757605,-0.10311101576907855,4
-0.020165186853929595,0.08089180865935792,-0.08947215684852283,4
0.06815337052513404,0.03695916080243075,-0.05370473724042807,4
0.1474806734274254,-0.002500931926306625,0.002505880321994114,0
0.21407881507905244,-0.0356291078378424,0.07651104851979962,4
0.2648096874680127,-0.06086436550371588,0.16482363985225518,4
0.2972828491622851,-0.07701761822717709,0.26328236027198676,2
0.23087720964342082,-0.043985199409748696,0.7143456206398598,4
0.1696232113142274,-0.01351538176004159,0.7939012070668483,4
0.09444177151504582,0.023882417956025637,0.856819480380571,4
0.008875443727651283,0.06644601340697597,0.9001357281627745,4
-0.08304388208634433,0.11216980568881996,0.9218088864911915,4
-0.17698496235705768,0.15889928725314323,0.920817714981194,4
-0.2685212883360055,0.20443256241851987,0.8972089176875748,4
-0.35333966342610545,0.2466241008132974,0.8520949424069767,4
-0.4274434412370185,0.2834858348819583,0.787601562077958,4
-0.4873408477777449,0.313280837735127,0.7067677082459407,4
-0.5302095140346437,0.3346051672378972,0.6134022764455512,4
-0.5540294661509619,0.3464540198386435,0.5119046508384297,4
-0.557678306703469,0.348269076966347,0.40705740499521825,4
-0.54098410212933,0.33996481303165316,0.3038009467720104,4
-0.5047334842448223,0.32193252539723544,0.20700072602679565,4
-0.4506345841118977,0.2950218964250477,0.1212179743607969,4
-0.3812365448107895,0.2605009563977877,0.05049477964041227,2
-0.29980940568114256,0.21999633386386244,-0.0018363774001754485,2
-0.2101900178926761,0.17541660881281182,-0.03330964983019963,2
-0.11660125181196695,0.12886238028368047,-0.042442015362142926,4
-0.023453015123941184,0.08252728602546254,-0.028803156441587263,4
0.06486554225512278,0.0385946381685352,0.0069642631665075005,4
0.14419284515741412,-0.0008654545602021623,0.06317488072892974,0
0.21079098680904115,-0.03399363047173794,0.13718004892673524,4
0.2615218591980013,-0.05922888813761136,0.2254926402591907,2
0.28382870040008334,-0.07032506801660672,0.6819334295563491,4
0.23938843523246153,-0.04821897187762682,0.7743776655907656,4
0.17813443690326794,-0.01774915422791963,0.8539332520177543,4
0.10295299710408659,0.019648645488147473,0.9168515253314767,0
0.017386669316691833,0.062212240939097926,0.9601677731136803,4
-0.07453265649730356,0.10793603322094181,0.9818409314420973,4
-0.16847373676801702,0.15466551478526513,0.9808497599320998,4
-0.26001006274696487,0.20019878995064178,0.9572409626384807,4
-0.3448284378370648,0.2423903283454193,0.9121269873578824,4
-0.4189322156479778,0.27925206241408024,0.8476336070288638,4
-0.47882962218870406,0.30904706526724884,0.7667997531968467,4
-0.5216982884456031,0.33037139477001914,0.673434321396457,4
-0.5455182405619212,0.34222024737076534,0.5719366957893356,4
-0.5491670811144282,0.3440353044984689,0.4670894499461239,4
-0.5324728765402893,0.33573104056377506,0.3638329917229163,4
-0.4962222586557816,0.3176987529293573,0.2670327709777013,4
-0.4421233585228571,0.2907881239571697,0.18125001931170284,4
-0.3727253192217488,0.2562671839299096,0.11052682459131802,2
-0.29129818009210173,0.2157625613959843,0.058195667550730246,2
-0.20167879230363528,0.17118283634493364,0.026722395120706177,2
-0.10809002622292649,0.12462860781580247,0.017590029588762768,4
-0.01494178953490033,0.07829351355758435,0.031228888509318486,4
0.07337676784416361,0.03436086570065701,0.06699630811741342,4
0.15270407074645495,-0.0050992270280803675,0.12320692567983571,4
0.2193022123980817,-0.038227402939615976,0.1972120938776409,2
0.32927043476543644,-0.09292932892309583,0.6375228975942847,2
0.3037379304412326,-0.08022859473236021,0.7384998058684642,4
0.2592976652736107,-0.058122498593380284,0.8309440419028808,4
0.19804366694441727,-0.02765268094367318,0.9104996283298694,4
0.1228622271452357,0.00974511877239405,0.973417901643592,0
0.03729589935784117,0.05230871422334438,1.0167341494257955,4
-0.05462342645615434,0.09803250650518831,1.0384073077542126,4
-0.14856450672686783,0.14476198806951165,1.0374161362442151,4
-0.24010083270581561,0.1902952632348883,1.013807338950596,4
-0.32491920779591554,0.2324868016296658,0.9686933636699977,4
-0.3990229856068285,0.2693485356983267,0.9041999833409791,4
-0.458920392147555,0.2991435385514954,0.8233661295089618,4
-0.5017890584044538,0.3204678680542656,0.7300006977085723,4
-0.525609010520772,0.3323167206550119,0.6285030721014508,4
-0.529257851073279,0.3341317777827154,0.5236558262582393,4
-0.5125636464991401,0.32582751384802155,0.4203993680350315,4
-0.4763130286146324,0.30779522621360383,0.3235991472898167,4
-0.4222141284817079,0.2808845972414162,0.23781639562381812,4
-0.3528160891805996,0.24636365721415612,0.16709320090343333,2
-0.27138895005095254,0.20585903468023078,0.11476204386284555,2
-0.18176956226248647,0.16127930962918033,0.08328877143282154,4
-0.08818079618177727,0.11472508110004896,0.07415640590087808,4
0.0049674405062488936,0.06838998684183085,0.0877952648214338,4
0.09328599788531283,0.024457338984903515,0.12356268442952872,4
0.1726133007876039,-0.015002753743833695,0.17977330199195068,2
0.3650611957752419,-0.1107328681410945,0.58320665140527,2
0.3596395452697134,-0.10803595517590174,0.6879581945772699,4
0.3341070409455096,-0.09533522098516613,0.7889351028514496,4
0.2896667757778877,-0.07322912484618622,0.8813793388858662,4
0.22841277744869412,-0.04275930719647904,0.9609349253128548,4
0.15323133764951277,-0.005361507480411932,1.0238531986265773,4
0.06766500986211813,0.037202087970538464,1.0671694464087809,4
-0.02425431595187738,0.0829258802523824,1.0888426047371977,4
-0.1181953962225909,0.12965536181670573,1.0878514332272005,4
-0.20973172220153868,0.17518863698208237,1.0642426359335813,4
-0.2945500972916385,0.21738017537685986,1.019128660652983,4
-0.36865387510255165,0.25424190944552083,0.9546352803239644,4
-0.42855128164327794,0.2840369122986894,0.8738014264919473,4
-0.47141994790017683,0.3053612418014597,0.7804359946915576,4
-0.4952399000164951,0.317210094402206,0.6789383690844362,4
-0.4988887405690021,0.3190251515299095,0.5740911232412245,4
-0.48219453599486317,0.31072088759521566,0.47083466501801685,4
-0.4459439181103555,0.29268859996079793,0.3740344442728021,4
-0.3918450179774309,0.2657779709886103,0.2882516926068034,2
-0.3224469786763226,0.23125703096135022,0.21752849788641862,2
-0.24101983954667594,0.19075240842742505,0.16519734084583093,2
-0.1514004517582095,0.14617268337637443,0.13372406841580686,4
-0.05781168567750031,0.09961845484724306,0.12459170288386334,4
0.03533655101052585,0.05328336058902494,0.13823056180441906,4
0.12365510838958949,0.00935071273209777,0.17399798141251377,0
0.38951452084818555,-0.12289678194631783,0.5215440754273762,2
0.4044591926243816,-0.13033076889045492,0.6251343551561106,4
0.3990375421188532,-0.12763385592526216,0.7298858983281107,4
0.37350503779464933,-0.11493312173452656,0.8308628066022903,4
0.3290647726270274,-0.09282702559554663,0.9233070426367069,4
0.26781077429783395,-0.06235720794583953,1.0028626290636955,4
0.19262933449865252,-0.02495940822977237,1.065780902377418,4
0.10706300671125787,0.017604187221178028,1.1090971501596216,0
0.015143680897262368,0.06332797950302196,1.1307703084880387,4
-0.07879739937345115,0.11005746106734529,1.129779136978041,4
-0.17033372535239882,0.15559073623272188,1.106170339684422,4
-0.25515210044249886,0.19778227462749945,1.0610563644038238,4
-0.3292558782534118,0.23464400869616034,0.9965629840748051,4
-0.38915328479413835,0.26443901154932903,0.9157291302427879,4
-0.432021951051037,0.2857633410520993,0.8223636984423983,4
-0.4558419031673553,0.2976121936528455,0.7208660728352769,4
-0.4594907437198623,0.29942725078054905,0.6160188269920653,4
-0.44279653914572337,0.29112298684585525,0.5127623687688577,4
-0.4065459212612157,0.2730906992114375,0.41596214802364273,4
-0.35244702112829107,0.24618007023924982,0.33017939635764404,2
-0.283048981827183,0.21165913021198987,0.25945620163725946,2
-0.20162184269753597,0.17115450767806453,0.20712504459667166,4
-0.11200245490906957,0.12657478262701388,0.1756517721666475,4
-0.018413688828360364,0.08002055409788252,0.16651940663470421,4
0.0747345478596654,0.0336854598396646,0.18015826555525985,2
0.40147816799329855,-0.12884790606686847,0.45544071355294125,2
0.4360849683143586,-0.14606250305620444,0.5529885502931493,2
0.4510296400905547,-0.15349649000034152,0.656578830021884,4
0.44560798958502623,-0.1507995770351488,0.7613303731938839,4
0.42007548526082233,-0.13809884284441318,0.8623072814680637,4
0.3756352200932005,-0.11599274670543326,0.9547515175024801,4
0.31438122176400696,-0.0855229290557261,1.0343071039294687,4
0.23919978196482547,-0.04812512933965893,1.0972253772431912,4
0.15363345417743082,-0.005561533888708543,1.1405416250253948,4
0.06171412836343532,0.04016225839313539,1.1622147833538117,4
-0.03222695190727809,0.08689173995745866,1.1612236118438144,4
-0.12376327788622599,0.13242501512283536,1.137614814550195,4
-0.2085816529763258,0.17461655351761282,1.092500839269597,4
-0.2826854307872389,0.2114782875862738,1.028007458940578,4
-0.34258283732796524,0.24127329043944243,0.9471736051085611,4
-0.38545150358486413,0.2625976199422127,0.8538081733081713,4
-0.4092714557011823,0.2744464725429589,0.75231054770105,4
-0.4129202962536893,0.2762615296706625,0.6474633018578385,4
-0.39622609167955036,0.2679572657359686,0.5442068436346307,4
-0.3599754737950425,0.24992497810155082,0.4474066228894157,4
-0.3058765736621181,0.22301434912936324,0.3616238712234173,2
-0.2364785343610098,0.18849340910210316,0.29090067650303253,2
-0.1550513952313628,0.14798878656817782,0.23856951946244476,4
-0.06543200744289634,0.10340906151712716,0.20709624703242063,4
0.0281567586378125,0.05685483298799599,0.19796388150047728,2
0.4003884095144652,-0.12830582321451608,0.38801135974428846,4
0.4530266640903263,-0.15448987751421636,0.4749202941889039,2
0.4876334644113865,-0.1717044745035524,0.5724681309291122,4
0.5025781361875825,-0.1791384614476895,0.6760584106578466,4
0.4971564856820541,-0.17644154848249674,0.7808099538298466,4
0.4716239813578503,-0.16374081429176113,0.8817868621040262,4
0.42718371619022844,-0.14163471815278122,0.9742310981384429,4
0.3659297178610349,-0.11116490050307411,1.0537866845654313,4
0.29074827806185344,-0.07376710078700695,1.116704957879154,4
0.20518195027445885,-0.03120350533605655,1.1600212056613577,4
0.11326262446046341,0.014520286945787336,1.1816943639897746,0
0.019321544189749823,0.06124976851011071,1.180703192479777,4
-0.07221478178919791,0.1067830436754873,1.1570943951861579,4
-0.15703315687929792,0.14897458207026487,1.1119804199055596,4
-0.23113693469021085,0.18583631613892576,1.047487039576541,4
-0.29103434123093735,0.21563131899209448,0.9666531857445237,4
-0.33390300748783613,0.2369556484948647,0.8732877539441343,4
-0.35772295960415434,0.24880450109561097,0.771790128337013,4
-0.3613718001566614,0.2506195582233145,0.6669428824938013,4
-0.3446775955825225,0.24231529428862067,0.5636864242705935,4
-0.30842697769801486,0.22428300665420295,0.46688620352537885,2
-0.25432807756509024,0.1973723776820153,0.3811034518593801,2
-0.1849300382639819,0.1628514376547552,0.3103802571389953,4
-0.10350289913433489,0.12234681512082986,0.25804910009840754,4
-0.01388351134586882,0.0777670900697794,0.22657582766838352,2
0.38629659488974555,-0.12129607636238214,0.3224332887749087,3
0.45448598633728304,-0.15521579392734522,0.3946081672645114,1
0.5071242409131442,-0.18139984822704555,0.481517101709127,1
0.5417310412342043,-0.19861444521638152,0.5790649384493352,3
0.5566757130104004,-0.2060484321605186,0.6826552181780697,2
0.551254062504872,-0.20335151919532587,0.7874067613500696,3
0.5257215581806681,-0.19065078500459026,0.8883836696242493,3
0.48128129301304623,-0.16854468886561033,0.9808279056586658,4
0.4200272946838527,-0.13807487121590317,1.0603834920856545,2
0.34484585488467123,-0.10067707149983601,1.1233017653993769,3
0.25927952709727664,-0.058113476048885684,1.1666180131815804,4
0.16736020128328105,-0.012389683767041694,1.1882911715099975,4
0.07341912101256765,0.03433979779728158,1.1873,2
-0.01811720496638025,0.07987307296265826,1.1636912027063808,2
-0.1029355800564801,0.12206461135743572,1.1185772274257828,3
-0.17703935786739317,0.1589263454260967,1.054083847096764,4
-0.2369367644081195,0.18872134827926534,0.9732499932647467,3
-0.2798054306650183,0.21004567778203556,0.8798845614643572,4
-0.30362538278133655,0.22189453038278184,0.7783869358572357,3
-0.3072742233338436,0.2237095875104854,0.673539690014024,2
-0.29058001875970463,0.21540532357579156,0.5702832317908166,4
-0.25432940087519695,0.19737303594137381,0.47348301104560164,2
-0.20023050074227228,0.1704624069691861,0.3877002593796029,2
-0.1308324614411639,0.135941466941926,0.3169770646592181,2
-0.0494053223115172,0.09543684440800079,0.26464590761863055,2
0.3598667311812106,-0.10814896515867381,0.2617965428714626,4
0.44039417171256334,-0.14820604707521126,0.3158364812546855,2
0.508583563160101,-0.1821257646401744,0.3880113597442884,2
0.5612218177359621,-0.20830981893987469,0.4749202941889038,2
0.5958286180570223,-0.22552441592921071,0.5724681309291121,4
0.6107732898332183,-0.23295840287334782,0.6760584106578464,4
0.6053516393276899,-0.23026148990815506,0.7808099538298465,4
0.579819135003486,-0.21756075571741945,0.8817868621040261,4
0.5353788698358642,-0.19545465957843955,0.9742310981384428,4
0.4741248715066707,-0.16498484192873242,1.0537866845654313,4
0.39894343170748936,-0.12758704221266529,1.116704957879154,4
0.3133771039200946,-0.08502344676171486,1.1600212056613575,4
0.22145777810609918,-0.03929965447987098,1.1816943639897743,4
0.12751669783538558,0.007429827084452398,1.180703192479777,0
0.035980371856437876,0.05296310224982899,1.1570943951861579,4
-0.048838003233662164,0.09515464064460655,1.1119804199055596,4
-0.1229417810445751,0.13201637471326744,1.047487039576541,4
-0.1828391875853015,0.16181137756643607,0.966653185744524,4
-0.22570785384220038,0.18313570706920637,0.8732877539441343,4
-0.24952780595851864,0.19498455966995265,0.7717901283370128,4
-0.25317664651102567,0.19679961679765623,0.6669428824938014,4
-0.23648244193688672,0.18849535286296237,0.5636864242705937,4
-0.20023182405237905,0.17046306522854462,0.46688620352537863,2
-0.14613292391945432,0.1435524362563569,0.3811034518593799,4
-0.07673488461834632,0.10903149622909697,0.3103802571389953,2
0.3223441949865099,-0.08948398218951849,0.20895832875807696,4
0.4114152272782384,-0.1337909366060217,0.24231696223549987,4
0.4919426678095913,-0.1738480185225592,0.29635690061872294,2
0.5601320592571288,-0.2077677360875223,0.3685317791083257,2
0.6127703138329901,-0.23395179038722264,0.45544071355294125,4
0.6473771141540501,-0.25116638737655866,0.5529885502931493,4
0.6623217859302462,-0.25860037432069577,0.6565788300218839,4
0.6569001354247177,-0.25590346135550296,0.7613303731938839,4
0.6313676311005139,-0.24320272716476735,0.8623072814680635,4
0.586927365932892,-0.22109663102578742,0.9547515175024801,4
0.5256733676036985,-0.1906268133760803,1.0343071039294687,4
0.45049192780451697,-0.1532290136600131,1.0972253772431912,4
0.3649256000171224,-0.11066541820906277,1.1405416250253948,4
0.2730062742031268,-0.06494162592721878,1.1622147833538117,4
0.17906519393241338,-0.018212144362895505,1.1612236118438144,4
0.08752886795346548,0.027321130802481178,1.137614814550195,4
0.0027104928633656378,0.06951266919725864,1.092500839269597,4
-0.07139328494754729,0.10637440326591953,1.0280074589405783,4
-0.13129069148827377,0.13616940611908826,0.9471736051085611,4
-0.17415935774517266,0.15749373562185853,0.8538081733081713,4
-0.19797930986149076,0.16934258822260476,0.7523105477010502,4
-0.20162815041399784,0.1711576453503083,0.6474633018578385,4
-0.1849339458398589,0.16285338141561445,0.5442068436346307,2
-0.14868332795535105,0.14482109378119665,0.4474066228894157,2
-0.09458442782242668,0.11791046480900906,0.3616238712234173,2
0.2754970502266936,-0.06618062245502866,0.16640838592202534,4
0.3689146424526828,-0.11264970329940506,0.1775138538923037,4
0.45798567474441154,-0.15695665771590836,0.21087248736972666,2
0.5385131152757643,-0.1970137396324458,0.2649124257529496,2
0.606702506723302,-0.23093345719740896,0.3370873042425525,2
0.6593407612991631,-0.25711751149710926,0.4239962386871679,4
0.6939475616202232,-0.2743321084864453,0.521544075427376,4
0.7088922333964193,-0.2817660954305824,0.6251343551561106,4
0.7034705828908908,-0.27906918246538964,0.7298858983281106,4
0.677938078566687,-0.26636844827465406,0.8308628066022903,4
0.6334978133990652,-0.24426235213567413,0.9233070426367068,4
0.5722438150698717,-0.213792534485967,1.0028626290636953,4
0.4970623752706903,-0.17639473476989984,1.0657809023774178,4
0.4114960474832956,-0.13383113931894944,1.1090971501596216,4
0.3195767216693001,-0.08810734703710556,1.1307703084880385,4
0.22563564139858652,-0.041377865472782174,1.129779136978041,4
0.13409931541963882,0.004155409692594413,1.106170339684422,0
0.04928094032953892,0.0463469480873719,1.0610563644038238,4
-0.02482283748137415,0.08320868215603286,0.9965629840748051,4
-0.08472024402210065,0.11300368500920158,0.9157291302427878,4
-0.12758891027899935,0.13432801451197177,0.8223636984423985,4
-0.1514088623953176,0.14617686711271807,0.720866072835277,4
-0.15505770294782473,0.14799192424042165,0.6160188269920652,4
-0.13836349837368578,0.1396876603057278,0.5127623687688575,2
-0.10211288048917816,0.12165537267131005,0.41596214802364284,2
0.22153273687927996,-0.039336941517654045,0.1361516699553501,4
0.31489504707583327,-0.08577852320438907,0.12448068217118458,4
0.40831263930182277,-0.13224760404876557,0.13558615014146302,4
0.49738367159355124,-0.1765545584652688,0.16894478361888587,2
0.5779111121249041,-0.2166116403818063,0.22298472200210898,2
0.6461005035724416,-0.25053135794676945,0.29515960049171175,2
0.6987387581483029,-0.2767154122464697,0.3820685349363273,4
0.7333455584693629,-0.29393000923580576,0.47961637167653537,4
0.748290230245559,-0.30136399617994286,0.58320665140527,4
0.7428685797400305,-0.29866708321475005,0.6879581945772699,4
0.7173360754158267,-0.28596634902401447,0.7889351028514495,4
0.6728958102482048,-0.2638602528850345,0.8813793388858662,4
0.6116418119190115,-0.2333904352353274,0.9609349253128546,4
0.5364603721198298,-0.1959926355192602,1.0238531986265773,4
0.4508940443324353,-0.15342904006830985,1.0671694464087809,4
0.35897471851843965,-0.10770524778646587,1.0888426047371977,4
0.26503363824772624,-0.0609757662221426,1.0878514332272005,4
0.17349731226877854,-0.01544249105676601,1.064242635933581,4
0.0886789371786785,0.026749047338011547,1.019128660652983,4
0.014575159367765406,0.06361078140667252,0.9546352803239643,4
-0.04532224717296082,0.09340578425984107,0.8738014264919473,4
-0.08819091342985971,0.11473011376261137,0.7804359946915576,4
-0.11201086554617798,0.12657896636335766,0.678938369084436,4
-0.115659706098685,0.12839402349106122,0.5740911232412244,2
-0.09896550152454606,0.12008975955636737,0.47083466501801696,2
0.16299405628793948,-0.01021781506509553,0.11961387893966718,4
0.25190184738355687,-0.05444356777045993,0.0857163729723649,4
0.3452641575801104,-0.10088514945719505,0.07404538518819931,4
0.43868174980609964,-0.14735423030157144,0.08515085315847776,4
0.5277527820978284,-0.19166118471807478,0.11850948663590077,2
0.608280222629181,-0.23171826663461217,0.17254942501912374,2
0.6764696140767186,-0.2656379841995753,0.24472430350872648,4
0.7291078686525798,-0.2918220384992756,0.3316332379533421,4
0.7637146689736399,-0.3090366354886116,0.42918107469355027,4
0.7786593407498359,-0.3164706224327487,0.5327713544222847,4
0.7732376902443074,-0.31377370946755595,0.6375228975942847,4
0.7477051859201036,-0.30107297527682036,0.7384998058684644,4
0.7032649207524817,-0.2789668791378404,0.8309440419028808,4
0.642010922423288,-0.2484970614881332,0.9104996283298696,4
0.5668294826241067,-0.21109926177206606,0.973417901643592,4
0.481263154836712,-0.16853566632111563,1.0167341494257958,4
0.3893438290227166,-0.12281187403927175,1.0384073077542126,4
0.2954027487520031,-0.07608239247494848,1.0374161362442151,4
0.20386642277305525,-0.0305491173095718,1.013807338950596,4
0.11904804768295527,0.011642421085205747,0.9686933636699976,0
0.044944269872042475,0.04850415515386655,0.9041999833409791,4
-0.01495313666868403,0.07829915800703527,0.8233661295089618,4
-0.05782180292558292,0.09962348750980554,0.7300006977085721,4
-0.08164175504190113,0.11147234011055177,0.6285030721014506,2
-0.0852905955944081,0.11328739723825532,0.5236558262582393,1
0.10263935422659279,0.019804662100042877,0.11757427447597735,0
0.18290328632908856,-0.020121341780848942,0.06304750262755199,4
0.2718110774247061,-0.06434709448621342,0.029149996660249533,4
0.3651733876212594,-0.11078867617294845,0.017479008876084,4
0.4585909798472489,-0.15725775701732495,0.02858447684636245,2
0.5476620121389774,-0.20156471143382818,0.0619431103237853,2
0.6281894526703302,-0.24162179335036563,0.11598304870700826,2
0.6963788441178678,-0.2755415109153288,0.18815792719661115,4
0.749017098693729,-0.30172556521502913,0.27506686164122673,4
0.783623899014789,-0.3189401622043651,0.3726146983814348,4
0.7985685707909851,-0.3263741491485022,0.47620497811016926,4
0.7931469202854566,-0.32367723618330946,0.5809565212821693,4
0.7676144159612528,-0.3109765019925738,0.681933429556349,4
0.7231741507936309,-0.2888704058535939,0.7743776655907656,4
0.6619201524644376,-0.25840058820388684,0.853933252017754,4
0.5867387126652559,-0.22100278848781954,0.9168515253314767,4
0.5011723848778614,-0.17843919303686923,0.9601677731136803,4
0.409253059063866,-0.13271540075502533,0.9818409314420972,4
0.31531197879315237,-0.08598591919070198,0.9808497599320998,4
0.22377565281420447,-0.04045264402532529,0.9572409626384806,4
0.13895727772410477,0.0017388943694521004,0.9121269873578824,0
0.0648534999131917,0.03860062843811306,0.8476336070288638,4
0.004956093372465192,0.06839563129128177,0.7667997531968465,4
-0.0379125728844337,0.08971996079405205,0.6734343213964568,4
-0.0617325250007518,0.10156881339479827,0.5719366957893357,1
0.04331254749837635,0.04931582924105603,0.13012896283616904,4
0.11115057981563334,0.01557088963216484,0.05754222952507165,0
0.19141451191812922,-0.024355114248727036,0.003015457676646127,4
0.2803223030137465,-0.0685808669540914,-0.030882048290656217,4
0.3736846132103001,-0.11502244864082654,-0.04255303607482186,4
0.46710220543628933,-0.16149152948520293,-0.031447568104543466,2
0.5561732377280179,-0.2057984839017062,0.0019110653728793836,2
0.6367006782593708,-0.24585556581824372,0.0559510037561024,2
0.7048900697069085,-0.2797752833832069,0.1281258822457053,4
0.7575283242827695,-0.3059593376829072,0.2150348166903207,4
0.7921351246038297,-0.32317393467224315,0.3125826534305287,4
0.8070797963800258,-0.3306079216163803,0.4161729331592634,4
0.8016581458744974,-0.32791100865118755,0.5209244763312633,4
0.7761256415502935,-0.31521027446045197,0.6219013846054431,4
0.7316853763826717,-0.29310417832147206,0.7143456206398596,4
0.6704313780534782,-0.2626343606717649,0.7939012070668483,4
0.5952499382542968,-0.22523656095569775,0.8568194803805708,4
0.5096836104669022,-0.1826729655047474,0.9001357281627744,4
0.41776428465290666,-0.13694917322290343,0.9218088864911913,4
0.32382320438219303,-0.09021969165858007,0.9208177149811939,4
0.2322868784032455,-0.04468641649320358,0.8972089176875748,4
0.14746850331314543,-0.0024948780984259938,0.8520949424069766,0
0.07336472550223236,0.034366855970234964,0.787601562077958,4
0.013467318961505853,0.06416185882340368,0.7067677082459407,4
-0.029401347295392816,0.08548618832617384,0.6134022764455513,1
-0.012190881576884388,0.0769251185770411,0.15668636643032358,4
0.04002471922836495,0.050951306607160546,0.06945996242923363,4
0.10786275154562217,0.017206366998269218,-0.0031267708818639717,0
0.18812668364811796,-0.0227196368826226,-0.05765354273028939,4
0.2770344747437355,-0.06694538958798707,-0.09155104869759179,4
0.3703967849402889,-0.11338697127472212,-0.10322203648175732,4
0.46381437716627816,-0.1598560521190985,-0.09211656851147887,2
0.5528854094580069,-0.20416300653560185,-0.0587579350340558,2
0.6334128499893598,-0.24422008845213936,-0.004717996650832779,4
0.7016022414368972,-0.2781398060171025,0.06745688183876997,4
0.7542404960127582,-0.3043238603168027,0.15436581628338547,4
0.7888472963338184,-0.32153845730613867,0.2519136530235938,4
0.8037919681100144,-0.3289724442502758,0.35550393275232817,4
0.7983703176044858,-0.326275531285083,0.4602554759243283,4
0.772837813280282,-0.31357479709434743,0.5612323841985078,4
0.7283975481126601,-0.2914687009553674,0.6536766202329245,4
0.6671435497834666,-0.2609988833056603,0.7332322066599131,4
0.5919621099842852,-0.22360108358959313,0.7961504799736354,4
0.5063957821968905,-0.1810374881386427,0.8394667277558391,4
0.4144764563828949,-0.13531369585679873,0.8611398860842561,4
0.32053537611218164,-0.08858421429247555,0.8601487145742586,4
0.22899905013323374,-0.04305093912709887,0.8365399172806394,4
0.14418067504313375,-0.0008594007323213231,0.791425942000041,0
0.07007689723222069,0.03600233333633965,0.7269325616710223,4
0.010179490691494458,0.0657973361895082,0.6460987078390052,1
-0.06125560843974823,0.10133157891142935,0.1959950989745305,4
-0.027122841061256314,0.08435278199578625,0.0982391371254216,4
0.025092759743993026,0.058378970025905697,0.011012733124331653,4
0.09293079206125013,0.024634030417014452,-0.06157400018676584,4
0.17319472416374604,-0.015291973463877449,-0.11610077203519142,4
0.26210251525936346,-0.05951772616924185,-0.14999827800249366,4
0.35546482545591673,-0.10595930785597689,-0.1616692657866593,2
0.44888241768190623,-0.15242838870035338,-0.15056379781638085,2
0.5379534499736349,-0.19673534311685667,-0.11720516433895778,2
0.6184808905049877,-0.23679242503339412,-0.06316522595573482,4
0.6866702819525251,-0.27071214259835724,0.009009652533867929,4
0.7393085365283864,-0.2968961968980576,0.09591858697848349,4
0.7739153368494465,-0.31411079388739355,0.1934664237186916,4
0.7888600086256425,-0.3215447808315306,0.29705670344742624,4
0.7834383581201141,-0.3188478678663379,0.4018082466194261,4
0.7579058537959101,-0.30614713367560226,0.5027851548936059,4
0.7134655886282883,-0.28404103753662235,0.5952293909280224,4
0.6522115902990948,-0.2535712198869152,0.6747849773550109,4
0.5770301504999134,-0.21617342017084798,0.7377032506687335,4
0.49146382271251854,-0.17360982471989755,0.7810194984509371,4
0.39954449689852334,-0.12788603243805377,0.802692656779354,4
0.3056034166278097,-0.0811565508737304,0.8017014852693565,4
0.2140670906488618,-0.03562327570835372,0.7780926879757373,4
0.12924871555876183,0.0065682626864238276,0.732978712695139,0
0.05514493774784904,0.04342999675508463,0.6684853323661206,2
-0.10156970052488182,0.12138517652224992,0.2462029308798035,4
-0.08712810440549387,0.11420143648354047,0.14252367735605387,4
-0.052995337027001904,0.09722263956789734,0.04476771550694458,4
-0.0007797362217525639,0.07124882759801679,-0.04245868849414541,4
0.06705829609550454,0.037503887989125545,-0.11504542180524291,4
0.1473222281980003,-0.0024221158917662727,-0.16957219365366827,0
0.23623001929361762,-0.04664786859713063,-0.2034696996209706,4
0.32959232949017114,-0.0930894502838658,-0.21514068740513625,2
0.42300992171616064,-0.13955853112824226,-0.2040352194348578,2
0.5120809540078891,-0.1838654855447455,-0.17067658595743496,2
0.592608394539242,-0.22392256746128295,-0.116636647574212,4
0.6607977859867795,-0.2578422850262461,-0.04446176908460914,4
0.7134360405626406,-0.2840263393259464,0.042447165360006256,4
0.7480428408837008,-0.3012409363152824,0.13999500210021454,4
0.7629875126598968,-0.30867492325941953,0.24358528182894895,4
0.7575658621543684,-0.3059780102942268,0.3483368250009491,4
0.7320333578301645,-0.2932772761034912,0.44931373327512864,4
0.6875930926625429,-0.2711711799645113,0.5417579693095451,4
0.6263390943333493,-0.24070136231480413,0.6213135557365338,4
0.5511576545341677,-0.2033035625987369,0.6842318290502565,4
0.4655913267467733,-0.16073996714778663,0.7275480768324599,4
0.37367200093277775,-0.11501617486594269,0.7492212351608769,4
0.2797309206620641,-0.06828669330161931,0.7482300636508794,4
0.18819459468311622,-0.022753418136242626,0.7246212663572602,4
0.10337621959301652,0.019438120258534766,0.6795072910766622,0
-0.13123355564772676,0.1361409848128843,0.3049440664098083,4
-0.13716361957233125,0.13909079986761338,0.20022689320667836,4
-0.12272202345294336,0.13190705982890394,0.09654763968292873,4
-0.08858925607445156,0.11492826291326089,-0.0012083221661802201,4
-0.036373655269202054,0.08895445094338025,-0.08843472616727055,4
0.03146437704805494,0.055209511334489064,-0.16102145947836788,4
0.1117283091505506,0.015283507453597302,-0.21554823132679335,0
0.20063610024616813,-0.028942245251767168,-0.2494457372940958,4
0.2939984104427217,-0.07538382693850233,-0.26111672507826145,2
0.38741600266871096,-0.12185290778287873,-0.2500112571079831,2
0.4764870349604395,-0.16615986219938197,-0.21665262363056015,2
0.5570144754917924,-0.20621694411591948,-0.16261268524733719,4
0.6252038669393298,-0.24013666168088263,-0.0904378067577345,4
0.6778421215151912,-0.26632071598058293,-0.003528872313118825,4
0.7124489218362513,-0.28353531296991896,0.09401896442708918,4
0.7273935936124474,-0.29096929991405607,0.19760924415582382,4
0.7219719431069189,-0.2882723869488633,0.3023607873278237,4
0.6964394387827152,-0.2755716527581278,0.4033376956020033,4
0.6519991736150933,-0.2534655566191478,0.49578193163642004,4
0.5907451752858998,-0.22299573896944067,0.5753375180634086,4
0.5155637354867186,-0.18559793925337362,0.6382557913771311,4
0.4299974076993238,-0.14303434380242316,0.6815720391593347,4
0.33807808188532823,-0.09731055152057923,0.7032451974877517,4
0.24413700161461463,-0.050581069956255845,0.7022540259777543,4
0.1526006756356671,-0.005047794790879355,0.6786452286841352,2
-0.14884941136147456,0.14490370930405652,0.3694506201030392,4
-0.17487171039940552,0.15784808400839337,0.26862980604683573,4
-0.1808017743240099,0.16079789906312245,0.16391263284370622,4
-0.1663601782046219,0.15361415902441297,0.06023337931995615,4
-0.13222741082613,0.13663536210876986,-0.03752258252915275,4
-0.0800118100208807,0.1106615501388893,-0.12474898653024269,4
-0.0121737777036236,0.07691661052999806,-0.19733571984134013,4
0.06809015439887231,0.03699060664910615,-0.2518624916897657,4
0.15699794549448984,-0.007235146056258314,-0.28575999765706805,2
0.25036025569104325,-0.05367672774299338,-0.2974309854412336,2
0.3437778479170325,-0.10014580858736978,-0.28632551747095514,2
0.4328488802087612,-0.14445276300387308,-0.2529668839935322,2
0.5133763207401139,-0.1845098449204105,-0.1989269456103091,4
0.5815657121876515,-0.21842956248537368,-0.1267520671207063,4
0.6342039667635126,-0.2446136167850739,-0.03984313267609085,4
0.6688107670845728,-0.26182821377440996,0.057704704064117485,4
0.6837554388607687,-0.269262200718547,0.1612949837928519,4
0.6783337883552403,-0.26656528775335425,0.26604652696485176,4
0.6528012840310364,-0.25386455356261867,0.3670234352390315,4
0.6083610188634144,-0.23175845742363865,0.45946767127344823,4
0.5471070205342211,-0.2012886397739316,0.5390232577004366,4
0.47192558073503954,-0.1638908400578644,0.6019415310141591,4
0.38635925294764484,-0.12132724460691395,0.6452577787963627,4
0.2944399271336492,-0.07560345232506997,0.6669309371247797,4
0.20049884686293598,-0.028873970760746798,0.6659397656147822,2
